Customer_ID,Customer_Age,Age_Group,Gender,City,Region,Customer_Segment
CUST-9691,27,26-35,Male,Los Angeles,West,Consumer Budget
CUST-3617,35,26-35,Male,Miami,South,Consumer Budget
CUST-4405,24,18-25,Male,Minneapolis,Midwest,SMB
CUST-2805,26,26-35,Female,Philadelphia,North East,Consumer Budget
CUST-2621,33,26-35,Female,Boston,North East,SMB
CUST-1383,37,36-50,Male,Dallas,South,Consumer Budget
CUST-7547,43,36-50,Male,Chicago,Midwest,Consumer Budget
CUST-3607,25,18-25,Male,Detroit,Midwest,SMB
CUST-1480,48,36-50,Female,Philadelphia,North East,B2B Enterprise
CUST-9933,72,65+,Female,New York,North East,SMB
CUST-4180,31,26-35,Male,Seattle,West,Consumer Premium
CUST-5132,50,36-50,Female,Minneapolis,Midwest,SMB
CUST-2269,44,36-50,Female,Detroit,Midwest,Consumer Budget
CUST-8006,45,36-50,Female,Minneapolis,Midwest,SMB
CUST-4538,18,18-25,Male,Chicago,Midwest,Consumer Budget
CUST-3163,22,18-25,Male,Miami,South,SMB
CUST-4839,22,18-25,Female,Los Angeles,West,Consumer Budget
CUST-2744,24,18-25,Female,Chicago,Midwest,Consumer Premium
CUST-8861,46,36-50,Male,Miami,South,B2B Enterprise
CUST-4543,30,26-35,Other,Atlanta,South,Consumer Premium
CUST-7032,47,36-50,Female,San Francisco,West,Consumer Premium
CUST-5284,39,36-50,Female,Seattle,West,B2B Enterprise
CUST-5980,38,36-50,Male,Detroit,Midwest,SMB
CUST-7114,39,36-50,Female,Dallas,South,SMB
CUST-9505,48,36-50,Non-Binary,Dallas,South,Consumer Premium
CUST-5989,24,18-25,Female,Atlanta,South,Consumer Budget
CUST-7771,42,36-50,Male,Minneapolis,Midwest,Consumer Budget
CUST-6078,23,18-25,Non-Binary,San Francisco,West,SMB
CUST-6924,18,18-25,Female,Atlanta,South,Consumer Budget
CUST-6138,32,26-35,Male,New York,North East,Consumer Budget
CUST-1943,23,18-25,Female,Detroit,Midwest,SMB
CUST-5916,31,26-35,Female,New York,North East,Consumer Budget
CUST-7544,53,51-65,Male,Chicago,Midwest,Consumer Premium
CUST-6018,18,18-25,Male,Dallas,South,SMB
CUST-3558,26,26-35,Male,Atlanta,South,Consumer Budget
CUST-3784,44,36-50,Female,New York,North East,Consumer Budget
CUST-1093,37,36-50,Female,Dallas,South,B2B Enterprise
CUST-3326,36,36-50,Female,Seattle,West,Consumer Budget
CUST-8771,44,36-50,Female,Minneapolis,Midwest,SMB
CUST-4190,40,36-50,Male,Atlanta,South,SMB
CUST-5969,33,26-35,Male,Los Angeles,West,SMB
CUST-2593,46,36-50,Male,Boston,North East,Consumer Budget
CUST-6630,38,36-50,Female,Minneapolis,Midwest,Consumer Budget
CUST-6172,42,36-50,Male,New York,North East,SMB
CUST-8061,58,51-65,Female,Dallas,South,SMB
CUST-6745,41,36-50,Male,Chicago,Midwest,B2B Enterprise
CUST-7764,21,18-25,Male,Atlanta,South,Consumer Premium
CUST-7352,36,36-50,Female,Philadelphia,North East,Consumer Premium
CUST-4198,46,36-50,Male,Seattle,West,Consumer Premium
CUST-2660,51,51-65,Male,Philadelphia,North East,Consumer Premium
CUST-3486,48,36-50,Male,New York,North East,Consumer Budget
CUST-8284,29,26-35,Male,Detroit,Midwest,Consumer Premium
CUST-6411,60,51-65,Female,New York,North East,SMB
CUST-5442,57,51-65,Female,San Francisco,West,SMB
CUST-3832,32,26-35,Male,Minneapolis,Midwest,Consumer Premium
CUST-5417,35,26-35,Male,Detroit,Midwest,Consumer Premium
CUST-1282,47,36-50,Male,Seattle,West,SMB
CUST-3970,46,36-50,Male,Dallas,South,B2B Enterprise
CUST-7687,18,18-25,Male,Minneapolis,Midwest,Consumer Premium
CUST-5976,39,36-50,Male,Seattle,West,Consumer Budget
CUST-8155,32,26-35,Male,San Francisco,West,SMB
CUST-8598,38,36-50,Male,Boston,North East,Consumer Premium
CUST-9232,33,26-35,Female,San Francisco,West,Consumer Budget
CUST-8975,60,51-65,Male,Seattle,West,Consumer Budget
CUST-7920,56,51-65,Male,San Francisco,West,SMB
CUST-6139,37,36-50,Female,Philadelphia,North East,SMB
CUST-5948,42,36-50,Female,Philadelphia,North East,SMB
CUST-9332,20,18-25,Female,Chicago,Midwest,Consumer Budget
CUST-3428,23,18-25,Female,Dallas,South,SMB
CUST-1763,36,36-50,Female,Los Angeles,West,SMB
CUST-7982,35,26-35,Non-Binary,Los Angeles,West,SMB
CUST-7018,38,36-50,Female,Detroit,Midwest,Consumer Premium
CUST-1574,24,18-25,Female,Dallas,South,SMB
CUST-3544,18,18-25,Female,Miami,South,SMB
CUST-5157,47,36-50,Male,Dallas,South,B2B Enterprise
CUST-6349,50,36-50,Male,Atlanta,South,Consumer Budget
CUST-8769,34,26-35,Female,Seattle,West,Consumer Budget
CUST-1957,31,26-35,Female,Miami,South,Consumer Budget
CUST-4036,31,26-35,Male,Atlanta,South,SMB
CUST-8837,56,51-65,Other,Miami,South,B2B Enterprise
CUST-5786,40,36-50,Female,Boston,North East,SMB
CUST-1238,35,26-35,Female,Philadelphia,North East,Consumer Budget
CUST-7573,32,26-35,Female,Chicago,Midwest,Consumer Premium
CUST-6529,37,36-50,Female,San Francisco,West,SMB
CUST-9010,54,51-65,Female,Philadelphia,North East,Consumer Premium
CUST-5038,48,36-50,Female,Atlanta,South,Consumer Budget
CUST-5918,33,26-35,Female,New York,North East,Consumer Budget
CUST-2993,47,36-50,Male,Los Angeles,West,Consumer Premium
CUST-3526,18,18-25,Male,Chicago,Midwest,Consumer Premium
CUST-3532,35,26-35,Male,Chicago,Midwest,B2B Enterprise
CUST-8285,23,18-25,Female,New York,North East,Consumer Budget
CUST-8227,47,36-50,Female,Seattle,West,Consumer Premium
CUST-9787,27,26-35,Male,Boston,North East,Consumer Budget
CUST-1464,42,36-50,Male,Minneapolis,Midwest,Consumer Budget
CUST-1195,32,26-35,Female,San Francisco,West,Consumer Premium
CUST-2436,18,18-25,Male,Minneapolis,Midwest,Consumer Premium
CUST-5247,53,51-65,Female,Minneapolis,Midwest,B2B Enterprise
CUST-2380,38,36-50,Male,San Francisco,West,SMB
CUST-5600,28,26-35,Male,Dallas,South,B2B Enterprise
CUST-9856,18,18-25,Female,New York,North East,Consumer Premium
CUST-1435,65,51-65,Female,Los Angeles,West,Consumer Budget
CUST-2749,50,36-50,Non-Binary,Los Angeles,West,Consumer Premium
CUST-7726,44,36-50,Female,Los Angeles,West,Consumer Premium
CUST-3412,47,36-50,Male,Seattle,West,B2B Enterprise
CUST-6424,45,36-50,Female,San Francisco,West,B2B Enterprise
CUST-9144,18,18-25,Non-Binary,Chicago,Midwest,SMB
CUST-2164,25,18-25,Male,Dallas,South,Consumer Budget
CUST-3856,33,26-35,Male,Minneapolis,Midwest,Consumer Premium
CUST-1953,43,36-50,Female,Minneapolis,Midwest,Consumer Budget
CUST-3298,39,36-50,Male,Dallas,South,Consumer Budget
CUST-1463,57,51-65,Male,Boston,North East,SMB
CUST-9003,46,36-50,Female,Dallas,South,Consumer Premium
CUST-4820,27,26-35,Other,Minneapolis,Midwest,Consumer Premium
CUST-1623,35,26-35,Male,Atlanta,South,Consumer Budget
CUST-4109,48,36-50,Male,San Francisco,West,B2B Enterprise
CUST-2762,46,36-50,Female,Boston,North East,B2B Enterprise
CUST-8556,29,26-35,Male,Philadelphia,North East,SMB
CUST-3253,36,36-50,Female,Boston,North East,Consumer Budget
CUST-5871,53,51-65,Female,Seattle,West,B2B Enterprise
CUST-2863,45,36-50,Non-Binary,Los Angeles,West,Consumer Premium
CUST-6252,27,26-35,Male,San Francisco,West,Consumer Premium
CUST-4046,34,26-35,Male,Boston,North East,Consumer Premium
CUST-8807,25,18-25,Male,Miami,South,SMB
CUST-7795,44,36-50,Female,Chicago,Midwest,Consumer Premium
CUST-3179,22,18-25,Female,Detroit,Midwest,SMB
CUST-5503,45,36-50,Male,Los Angeles,West,B2B Enterprise
CUST-4175,50,36-50,Female,Boston,North East,SMB
CUST-3031,22,18-25,Female,Boston,North East,Consumer Budget
CUST-1355,28,26-35,Male,Detroit,Midwest,Consumer Budget
CUST-4938,31,26-35,Male,Philadelphia,North East,B2B Enterprise
CUST-5951,21,18-25,Female,New York,North East,B2B Enterprise
CUST-4305,28,26-35,Female,Philadelphia,North East,Consumer Budget
CUST-1777,21,18-25,Male,Atlanta,South,Consumer Premium
CUST-5033,26,26-35,Male,Minneapolis,Midwest,Consumer Premium
CUST-9238,25,18-25,Female,San Francisco,West,SMB
CUST-8086,38,36-50,Male,San Francisco,West,Consumer Budget
CUST-8120,27,26-35,Female,Miami,South,Consumer Premium
CUST-4460,34,26-35,Female,Detroit,Midwest,Consumer Budget
CUST-6130,28,26-35,Male,Atlanta,South,Consumer Premium
CUST-8206,36,36-50,Female,Los Angeles,West,Consumer Budget
CUST-8263,22,18-25,Female,Boston,North East,SMB
CUST-2611,49,36-50,Female,Atlanta,South,Consumer Premium
CUST-5791,49,36-50,Female,Detroit,Midwest,B2B Enterprise
CUST-2369,26,26-35,Female,Boston,North East,Consumer Budget
CUST-7633,41,36-50,Male,Los Angeles,West,Consumer Budget
CUST-4016,37,36-50,Female,Atlanta,South,Consumer Premium
CUST-2001,40,36-50,Female,Atlanta,South,Consumer Budget
CUST-7379,22,18-25,Female,Minneapolis,Midwest,Consumer Budget
CUST-2026,36,36-50,Male,Detroit,Midwest,SMB
CUST-6126,54,51-65,Female,Philadelphia,North East,Consumer Budget
CUST-3901,41,36-50,Male,Seattle,West,Consumer Budget
CUST-7071,31,26-35,Male,New York,North East,SMB
CUST-5004,43,36-50,Non-Binary,Miami,South,SMB
CUST-4745,45,36-50,Female,New York,North East,B2B Enterprise
CUST-1309,54,51-65,Non-Binary,Atlanta,South,B2B Enterprise
CUST-2133,36,36-50,Male,Miami,South,Consumer Budget
CUST-6632,29,26-35,Female,Boston,North East,Consumer Premium
CUST-7070,46,36-50,Male,Miami,South,Consumer Premium
CUST-7436,30,26-35,Other,Boston,North East,Consumer Budget
CUST-3406,32,26-35,Male,Los Angeles,West,SMB
CUST-8605,34,26-35,Female,Boston,North East,Consumer Premium
CUST-2861,40,36-50,Male,San Francisco,West,Consumer Premium
CUST-7026,32,26-35,Female,New York,North East,Consumer Budget
CUST-2961,45,36-50,Female,Detroit,Midwest,SMB
CUST-4957,52,51-65,Male,Los Angeles,West,SMB
CUST-1013,36,36-50,Female,Boston,North East,SMB
CUST-8291,21,18-25,Female,Miami,South,SMB
CUST-9104,30,26-35,Male,New York,North East,SMB
CUST-1448,18,18-25,Male,Seattle,West,SMB
CUST-7395,62,51-65,Male,Detroit,Midwest,SMB
CUST-7202,61,51-65,Female,New York,North East,Consumer Premium
CUST-4581,50,36-50,Female,New York,North East,Consumer Budget
CUST-8341,32,26-35,Male,Dallas,South,B2B Enterprise
CUST-9096,35,26-35,Female,Seattle,West,Consumer Budget
CUST-9910,41,36-50,Male,Atlanta,South,B2B Enterprise
CUST-7452,54,51-65,Male,Detroit,Midwest,SMB
CUST-3696,49,36-50,Non-Binary,Los Angeles,West,SMB
CUST-5439,39,36-50,Male,Los Angeles,West,Consumer Budget
CUST-8145,18,18-25,Female,Boston,North East,B2B Enterprise
CUST-8872,30,26-35,Female,Minneapolis,Midwest,SMB
CUST-3284,32,26-35,Male,Boston,North East,Consumer Premium
CUST-9459,48,36-50,Female,Minneapolis,Midwest,Consumer Budget
CUST-7508,38,36-50,Male,San Francisco,West,B2B Enterprise
CUST-8085,26,26-35,Female,San Francisco,West,Consumer Budget
CUST-5513,23,18-25,Male,Philadelphia,North East,SMB
CUST-7040,61,51-65,Male,Detroit,Midwest,SMB
CUST-4001,33,26-35,Female,New York,North East,Consumer Budget
CUST-1481,42,36-50,Female,Detroit,Midwest,SMB
CUST-7307,37,36-50,Female,Detroit,Midwest,Consumer Budget
CUST-2177,30,26-35,Male,Seattle,West,B2B Enterprise
CUST-5867,41,36-50,Male,Dallas,South,Consumer Premium
CUST-4518,25,18-25,Male,Minneapolis,Midwest,Consumer Premium
CUST-6485,18,18-25,Female,Boston,North East,B2B Enterprise
CUST-2361,47,36-50,Female,Detroit,Midwest,Consumer Budget
CUST-7665,31,26-35,Female,Philadelphia,North East,Consumer Premium
CUST-2827,40,36-50,Female,Dallas,South,Consumer Budget
CUST-4378,31,26-35,Male,Minneapolis,Midwest,Consumer Budget
CUST-8857,41,36-50,Female,Boston,North East,Consumer Budget
CUST-7256,57,51-65,Female,Minneapolis,Midwest,Consumer Budget
CUST-2909,44,36-50,Female,Los Angeles,West,SMB
CUST-3134,59,51-65,Female,Detroit,Midwest,Consumer Premium
CUST-2906,26,26-35,Male,Atlanta,South,Consumer Budget
CUST-4986,30,26-35,Non-Binary,San Francisco,West,Consumer Premium
CUST-6683,26,26-35,Male,Minneapolis,Midwest,SMB
CUST-1853,48,36-50,Female,Philadelphia,North East,SMB
CUST-8166,27,26-35,Male,Minneapolis,Midwest,B2B Enterprise
CUST-2393,48,36-50,Male,Seattle,West,SMB
CUST-2694,33,26-35,Female,Chicago,Midwest,SMB
CUST-5937,58,51-65,Female,San Francisco,West,SMB
CUST-7840,41,36-50,Female,Minneapolis,Midwest,SMB
CUST-3088,28,26-35,Female,New York,North East,Consumer Budget
CUST-7077,25,18-25,Female,Detroit,Midwest,Consumer Premium
CUST-2146,30,26-35,Female,Atlanta,South,Consumer Premium
CUST-8380,34,26-35,Male,Dallas,South,Consumer Premium
CUST-8001,32,26-35,Male,Boston,North East,SMB
CUST-1296,52,51-65,Male,Minneapolis,Midwest,Consumer Budget
CUST-7042,29,26-35,Female,Miami,South,SMB
CUST-8773,30,26-35,Male,San Francisco,West,B2B Enterprise
CUST-8981,28,26-35,Female,Detroit,Midwest,Consumer Premium
CUST-6560,54,51-65,Male,Minneapolis,Midwest,SMB
CUST-5271,49,36-50,Female,Atlanta,South,SMB
CUST-8664,26,26-35,Male,Boston,North East,Consumer Budget
CUST-6144,25,18-25,Male,San Francisco,West,SMB
CUST-8833,37,36-50,Female,Detroit,Midwest,SMB
CUST-9597,23,18-25,Female,Dallas,South,Consumer Budget
CUST-4090,25,18-25,Female,Philadelphia,North East,SMB
CUST-9712,24,18-25,Female,Seattle,West,Consumer Premium
CUST-2107,57,51-65,Male,Miami,South,SMB
CUST-4848,53,51-65,Male,Dallas,South,Consumer Premium
CUST-9565,39,36-50,Male,Miami,South,Consumer Budget
CUST-8668,40,36-50,Male,Atlanta,South,SMB
CUST-5959,40,36-50,Male,San Francisco,West,SMB
CUST-7290,32,26-35,Male,Minneapolis,Midwest,Consumer Premium
CUST-3139,31,26-35,Female,San Francisco,West,Consumer Budget
CUST-9131,32,26-35,Female,Los Angeles,West,Consumer Premium
CUST-8349,56,51-65,Female,Los Angeles,West,Consumer Budget
CUST-3377,40,36-50,Male,Minneapolis,Midwest,SMB
CUST-7498,23,18-25,Female,Los Angeles,West,Consumer Premium
CUST-7584,40,36-50,Female,Los Angeles,West,Consumer Premium
CUST-9210,39,36-50,Female,Detroit,Midwest,SMB
CUST-4857,35,26-35,Female,Minneapolis,Midwest,Consumer Premium
CUST-3687,34,26-35,Female,Philadelphia,North East,Consumer Premium
CUST-3010,43,36-50,Male,Los Angeles,West,SMB
CUST-7139,27,26-35,Female,Dallas,South,SMB
CUST-6101,36,36-50,Female,Atlanta,South,SMB
CUST-4048,37,36-50,Male,New York,North East,Consumer Budget
CUST-1094,38,36-50,Female,Miami,South,SMB
CUST-6065,45,36-50,Male,Dallas,South,B2B Enterprise
CUST-5516,31,26-35,Male,Los Angeles,West,Consumer Budget
CUST-1685,27,26-35,Female,Boston,North East,Consumer Budget
CUST-6003,19,18-25,Male,New York,North East,Consumer Budget
CUST-9664,40,36-50,Male,San Francisco,West,SMB
CUST-3690,39,36-50,Male,Miami,South,Consumer Budget
CUST-5363,18,18-25,Other,San Francisco,West,Consumer Premium
CUST-8967,29,26-35,Male,New York,North East,Consumer Budget
CUST-7603,38,36-50,Male,Minneapolis,Midwest,Consumer Budget
CUST-9810,43,36-50,Male,Minneapolis,Midwest,SMB
CUST-5723,45,36-50,Male,Atlanta,South,Consumer Premium
CUST-6793,27,26-35,Non-Binary,Seattle,West,SMB
CUST-8078,18,18-25,Female,Los Angeles,West,SMB
CUST-9019,18,18-25,Male,Philadelphia,North East,Consumer Budget
CUST-7717,61,51-65,Male,Seattle,West,Consumer Budget
CUST-5771,41,36-50,Female,Chicago,Midwest,Consumer Budget
CUST-9107,50,36-50,Female,Chicago,Midwest,Consumer Budget
CUST-2484,47,36-50,Male,Los Angeles,West,Consumer Premium
CUST-2402,45,36-50,Male,San Francisco,West,Consumer Budget
CUST-6781,54,51-65,Non-Binary,Boston,North East,B2B Enterprise
CUST-3068,59,51-65,Male,Minneapolis,Midwest,SMB
CUST-4228,25,18-25,Male,Chicago,Midwest,Consumer Budget
CUST-3663,49,36-50,Female,Philadelphia,North East,Consumer Budget
CUST-1343,47,36-50,Male,San Francisco,West,SMB
CUST-7965,32,26-35,Male,Seattle,West,Consumer Budget
CUST-2093,49,36-50,Female,Minneapolis,Midwest,Consumer Premium
CUST-1387,18,18-25,Female,Dallas,South,SMB
CUST-7766,49,36-50,Male,Philadelphia,North East,B2B Enterprise
CUST-9229,33,26-35,Female,Los Angeles,West,Consumer Budget
CUST-4131,56,51-65,Female,San Francisco,West,SMB
CUST-8850,36,36-50,Male,Dallas,South,Consumer Budget
CUST-5685,66,65+,Male,Philadelphia,North East,Consumer Budget
CUST-3792,18,18-25,Male,Atlanta,South,Consumer Budget
CUST-3579,27,26-35,Male,Detroit,Midwest,Consumer Premium
CUST-9651,50,36-50,Male,San Francisco,West,Consumer Premium
CUST-4750,42,36-50,Male,San Francisco,West,B2B Enterprise
CUST-9296,34,26-35,Male,San Francisco,West,SMB
CUST-7620,18,18-25,Female,Boston,North East,Consumer Budget
CUST-7858,34,26-35,Male,Minneapolis,Midwest,Consumer Budget
CUST-2797,45,36-50,Male,Chicago,Midwest,SMB
CUST-2404,43,36-50,Male,Seattle,West,SMB
CUST-2528,50,36-50,Male,Boston,North East,Consumer Budget
CUST-9301,58,51-65,Female,Philadelphia,North East,Consumer Budget
CUST-1384,32,26-35,Male,Miami,South,B2B Enterprise
CUST-3963,38,36-50,Female,Chicago,Midwest,SMB
CUST-4493,55,51-65,Male,Chicago,Midwest,Consumer Premium
CUST-9607,48,36-50,Male,Boston,North East,Consumer Budget
CUST-7528,30,26-35,Male,New York,North East,SMB
CUST-7905,39,36-50,Male,San Francisco,West,Consumer Budget
CUST-8597,50,36-50,Female,Los Angeles,West,Consumer Budget
CUST-1255,40,36-50,Female,Detroit,Midwest,Consumer Budget
CUST-8903,18,18-25,Female,Boston,North East,Consumer Budget
CUST-1745,30,26-35,Male,Los Angeles,West,Consumer Premium
CUST-1470,33,26-35,Female,Minneapolis,Midwest,SMB
CUST-6869,25,18-25,Non-Binary,Minneapolis,Midwest,SMB
CUST-8963,55,51-65,Male,Los Angeles,West,Consumer Budget
CUST-1658,47,36-50,Male,Miami,South,Consumer Budget
CUST-8589,35,26-35,Female,San Francisco,West,SMB
CUST-9944,33,26-35,Male,Detroit,Midwest,SMB
CUST-5373,41,36-50,Female,Miami,South,Consumer Premium
CUST-9169,41,36-50,Male,Miami,South,Consumer Premium
CUST-2350,42,36-50,Female,Seattle,West,Consumer Budget
CUST-6258,45,36-50,Male,Minneapolis,Midwest,Consumer Premium
CUST-1813,38,36-50,Non-Binary,Seattle,West,B2B Enterprise
CUST-1491,37,36-50,Male,Dallas,South,Consumer Premium
CUST-5309,34,26-35,Female,Seattle,West,Consumer Budget
CUST-8399,18,18-25,Male,Boston,North East,Consumer Premium
CUST-4469,39,36-50,Male,Boston,North East,SMB
CUST-3098,52,51-65,Female,Seattle,West,SMB
CUST-3535,38,36-50,Female,Miami,South,Consumer Budget
CUST-4821,38,36-50,Female,Detroit,Midwest,SMB
CUST-9654,29,26-35,Female,Atlanta,South,SMB
CUST-7397,32,26-35,Male,New York,North East,Consumer Budget
CUST-3762,43,36-50,Male,Minneapolis,Midwest,SMB
CUST-9538,38,36-50,Female,San Francisco,West,B2B Enterprise
CUST-8588,47,36-50,Female,San Francisco,West,SMB
CUST-5153,44,36-50,Male,Seattle,West,Consumer Premium
CUST-5406,44,36-50,Non-Binary,New York,North East,Consumer Premium
CUST-5433,52,51-65,Female,Seattle,West,SMB
CUST-9385,36,36-50,Female,Philadelphia,North East,B2B Enterprise
CUST-5113,40,36-50,Male,Philadelphia,North East,B2B Enterprise
CUST-9553,36,36-50,Male,Dallas,South,Consumer Premium
CUST-1036,26,26-35,Non-Binary,Boston,North East,Consumer Premium
CUST-9388,47,36-50,Female,Minneapolis,Midwest,SMB
CUST-6861,49,36-50,Female,San Francisco,West,Consumer Premium
CUST-2241,33,26-35,Male,Dallas,South,Consumer Budget
CUST-5091,23,18-25,Male,Philadelphia,North East,SMB
CUST-8912,40,36-50,Male,San Francisco,West,Consumer Premium
CUST-3910,49,36-50,Female,Detroit,Midwest,Consumer Premium
CUST-2773,34,26-35,Female,Detroit,Midwest,SMB
CUST-3434,54,51-65,Male,Chicago,Midwest,Consumer Budget
CUST-8400,39,36-50,Female,New York,North East,Consumer Budget
CUST-9881,26,26-35,Male,Seattle,West,SMB
CUST-5278,38,36-50,Female,Philadelphia,North East,Consumer Premium
CUST-4628,44,36-50,Male,Boston,North East,B2B Enterprise
CUST-5313,33,26-35,Female,Boston,North East,SMB
CUST-9162,36,36-50,Male,Seattle,West,B2B Enterprise
CUST-9770,40,36-50,Male,Seattle,West,Consumer Budget
CUST-1730,57,51-65,Male,New York,North East,Consumer Budget
CUST-1483,41,36-50,Male,Philadelphia,North East,SMB
CUST-2331,22,18-25,Female,Philadelphia,North East,Consumer Budget
CUST-4262,40,36-50,Female,Philadelphia,North East,Consumer Budget
CUST-2933,61,51-65,Male,San Francisco,West,B2B Enterprise
CUST-3100,46,36-50,Male,New York,North East,SMB
CUST-1784,35,26-35,Male,Philadelphia,North East,Consumer Budget
CUST-2055,43,36-50,Other,Miami,South,Consumer Budget
CUST-9140,75,65+,Male,Atlanta,South,SMB
CUST-4110,39,36-50,Male,Boston,North East,SMB
CUST-9202,67,65+,Male,San Francisco,West,SMB
CUST-7024,34,26-35,Female,Miami,South,Consumer Premium
CUST-4655,44,36-50,Male,Chicago,Midwest,SMB
CUST-4860,29,26-35,Female,Seattle,West,Consumer Budget
CUST-9789,44,36-50,Other,Los Angeles,West,Consumer Premium
CUST-9442,37,36-50,Male,Philadelphia,North East,Consumer Premium
CUST-1911,42,36-50,Male,San Francisco,West,B2B Enterprise
CUST-3601,24,18-25,Male,Philadelphia,North East,Consumer Budget
CUST-8069,18,18-25,Male,Detroit,Midwest,B2B Enterprise
CUST-6392,42,36-50,Male,New York,North East,Consumer Premium
CUST-9417,56,51-65,Male,Detroit,Midwest,SMB
CUST-3935,43,36-50,Male,Miami,South,Consumer Budget
CUST-5726,38,36-50,Male,Chicago,Midwest,B2B Enterprise
CUST-7588,54,51-65,Female,Seattle,West,B2B Enterprise
CUST-7041,49,36-50,Female,Minneapolis,Midwest,SMB
CUST-5720,51,51-65,Female,Detroit,Midwest,Consumer Budget
CUST-2071,38,36-50,Male,New York,North East,B2B Enterprise
CUST-4065,49,36-50,Non-Binary,Minneapolis,Midwest,Consumer Premium
CUST-1098,49,36-50,Female,Detroit,Midwest,SMB
CUST-4427,36,36-50,Male,Boston,North East,SMB
CUST-3885,67,65+,Male,Atlanta,South,Consumer Premium
CUST-5123,40,36-50,Female,Detroit,Midwest,B2B Enterprise
CUST-5311,31,26-35,Female,Atlanta,South,B2B Enterprise
CUST-9957,18,18-25,Female,Detroit,Midwest,Consumer Budget
CUST-7794,18,18-25,Female,Miami,South,Consumer Budget
CUST-4346,30,26-35,Male,Detroit,Midwest,Consumer Premium
CUST-9671,41,36-50,Female,Los Angeles,West,Consumer Budget
CUST-8877,49,36-50,Male,Seattle,West,B2B Enterprise
CUST-5691,44,36-50,Male,Boston,North East,Consumer Budget
CUST-8897,37,36-50,Female,Philadelphia,North East,B2B Enterprise
CUST-6479,35,26-35,Male,Chicago,Midwest,Consumer Budget
CUST-1702,36,36-50,Male,Dallas,South,SMB
CUST-7789,40,36-50,Female,Detroit,Midwest,SMB
CUST-9445,26,26-35,Male,New York,North East,SMB
CUST-5255,48,36-50,Male,Detroit,Midwest,SMB
CUST-8542,52,51-65,Male,Chicago,Midwest,SMB
CUST-1754,22,18-25,Female,Seattle,West,B2B Enterprise
CUST-8727,28,26-35,Female,Boston,North East,SMB
CUST-3317,18,18-25,Female,Atlanta,South,Consumer Budget
CUST-8915,23,18-25,Male,Dallas,South,SMB
CUST-8576,35,26-35,Female,Boston,North East,Consumer Premium
CUST-4133,33,26-35,Male,Minneapolis,Midwest,SMB
CUST-4304,18,18-25,Non-Binary,Minneapolis,Midwest,B2B Enterprise
CUST-9690,29,26-35,Male,Minneapolis,Midwest,SMB
CUST-6306,44,36-50,Female,Chicago,Midwest,SMB
CUST-6177,53,51-65,Female,Minneapolis,Midwest,Consumer Budget
CUST-8563,48,36-50,Male,San Francisco,West,Consumer Budget
CUST-5396,43,36-50,Female,Seattle,West,SMB
CUST-2872,42,36-50,Male,Detroit,Midwest,Consumer Premium
CUST-1916,27,26-35,Male,Seattle,West,SMB
CUST-5064,44,36-50,Female,Seattle,West,SMB
CUST-1369,43,36-50,Female,Miami,South,SMB
CUST-5119,46,36-50,Female,Chicago,Midwest,B2B Enterprise
CUST-2279,40,36-50,Other,Chicago,Midwest,Consumer Budget
CUST-2874,22,18-25,Male,Seattle,West,Consumer Premium
CUST-4810,48,36-50,Male,Seattle,West,B2B Enterprise
CUST-6387,39,36-50,Male,Miami,South,Consumer Budget
CUST-1856,48,36-50,Male,New York,North East,SMB
CUST-9315,45,36-50,Male,Atlanta,South,Consumer Budget
CUST-9808,48,36-50,Female,Atlanta,South,Consumer Budget
CUST-5520,38,36-50,Male,Dallas,South,SMB
CUST-8697,49,36-50,Male,Chicago,Midwest,Consumer Budget
CUST-7299,38,36-50,Male,Boston,North East,Consumer Premium
CUST-7891,33,26-35,Male,Atlanta,South,SMB
CUST-1132,45,36-50,Male,Minneapolis,Midwest,SMB
CUST-6901,27,26-35,Male,Miami,South,Consumer Premium
CUST-8941,18,18-25,Male,New York,North East,SMB
CUST-3869,46,36-50,Female,Dallas,South,SMB
CUST-9511,56,51-65,Female,Boston,North East,Consumer Budget
CUST-3060,38,36-50,Male,Philadelphia,North East,SMB
CUST-7945,39,36-50,Female,Dallas,South,Consumer Budget
CUST-3613,23,18-25,Male,Chicago,Midwest,Consumer Premium
CUST-5175,40,36-50,Female,San Francisco,West,B2B Enterprise
CUST-2851,42,36-50,Male,Seattle,West,Consumer Budget
CUST-7359,43,36-50,Male,Minneapolis,Midwest,SMB
CUST-8369,40,36-50,Male,Atlanta,South,Consumer Budget
CUST-4496,47,36-50,Male,San Francisco,West,Consumer Premium
CUST-5279,39,36-50,Male,Los Angeles,West,B2B Enterprise
CUST-4335,39,36-50,Female,Detroit,Midwest,Consumer Premium
CUST-4037,28,26-35,Female,Philadelphia,North East,Consumer Budget
CUST-7153,50,36-50,Male,Boston,North East,Consumer Premium
CUST-8059,33,26-35,Male,San Francisco,West,Consumer Budget
CUST-4223,50,36-50,Female,Seattle,West,SMB
CUST-1961,39,36-50,Female,Dallas,South,Consumer Budget
CUST-2214,20,18-25,Male,Detroit,Midwest,Consumer Budget
CUST-9431,31,26-35,Female,Atlanta,South,B2B Enterprise
CUST-3469,29,26-35,Male,Philadelphia,North East,SMB
CUST-3964,52,51-65,Female,New York,North East,SMB
CUST-2955,25,18-25,Male,Philadelphia,North East,Consumer Budget
CUST-7181,44,36-50,Male,San Francisco,West,Consumer Budget
CUST-8003,57,51-65,Male,Detroit,Midwest,SMB
CUST-2310,35,26-35,Female,Atlanta,South,SMB
CUST-6231,49,36-50,Female,Miami,South,Consumer Budget
CUST-3958,30,26-35,Male,Chicago,Midwest,Consumer Premium
CUST-2665,31,26-35,Non-Binary,New York,North East,Consumer Premium
CUST-8307,37,36-50,Male,Seattle,West,SMB
CUST-5888,18,18-25,Male,Atlanta,South,SMB
CUST-7701,48,36-50,Male,Minneapolis,Midwest,Consumer Premium
CUST-8707,61,51-65,Male,Los Angeles,West,Consumer Budget
CUST-1325,25,18-25,Female,Boston,North East,SMB
CUST-1024,18,18-25,Female,Los Angeles,West,SMB
CUST-6400,61,51-65,Male,Los Angeles,West,Consumer Premium
CUST-4921,40,36-50,Male,San Francisco,West,Consumer Budget
CUST-5125,33,26-35,Female,Minneapolis,Midwest,SMB
CUST-6763,53,51-65,Male,Los Angeles,West,SMB
CUST-2458,43,36-50,Male,Atlanta,South,Consumer Premium
CUST-6566,40,36-50,Male,New York,North East,Consumer Budget
CUST-7596,46,36-50,Female,Philadelphia,North East,Consumer Budget
CUST-2953,60,51-65,Male,Chicago,Midwest,B2B Enterprise
CUST-6841,56,51-65,Female,Detroit,Midwest,Consumer Budget
CUST-1982,36,36-50,Female,Chicago,Midwest,Consumer Premium
CUST-9217,25,18-25,Male,Los Angeles,West,SMB
CUST-8490,75,65+,Male,Boston,North East,Consumer Premium
CUST-6977,65,51-65,Male,San Francisco,West,B2B Enterprise
CUST-3381,41,36-50,Male,Los Angeles,West,Consumer Premium
CUST-8876,55,51-65,Male,Chicago,Midwest,SMB
CUST-6986,39,36-50,Female,Seattle,West,SMB
CUST-3342,43,36-50,Female,Seattle,West,B2B Enterprise
CUST-2086,32,26-35,Male,New York,North East,Consumer Budget
CUST-7441,39,36-50,Male,Philadelphia,North East,Consumer Premium
CUST-7973,58,51-65,Female,New York,North East,Consumer Budget
CUST-7628,39,36-50,Male,Miami,South,Consumer Budget
CUST-5158,22,18-25,Female,Boston,North East,SMB
CUST-2529,23,18-25,Female,Atlanta,South,Consumer Budget
CUST-2099,37,36-50,Male,San Francisco,West,Consumer Budget
CUST-7772,30,26-35,Female,San Francisco,West,Consumer Budget
CUST-2750,54,51-65,Non-Binary,New York,North East,B2B Enterprise
CUST-5644,35,26-35,Male,Atlanta,South,SMB
CUST-4871,47,36-50,Male,Los Angeles,West,Consumer Budget
CUST-1824,46,36-50,Male,Philadelphia,North East,SMB
CUST-1492,55,51-65,Male,Minneapolis,Midwest,SMB
CUST-9631,25,18-25,Female,Minneapolis,Midwest,Consumer Premium
CUST-9083,28,26-35,Male,Philadelphia,North East,Consumer Premium
CUST-4844,61,51-65,Female,Detroit,Midwest,SMB
CUST-6674,45,36-50,Male,Los Angeles,West,Consumer Premium
CUST-4649,29,26-35,Other,Chicago,Midwest,SMB
CUST-1726,43,36-50,Male,Philadelphia,North East,Consumer Budget
CUST-1559,18,18-25,Male,Minneapolis,Midwest,Consumer Budget
CUST-2768,45,36-50,Male,New York,North East,Consumer Budget
CUST-4762,20,18-25,Female,Los Angeles,West,Consumer Premium
CUST-2030,42,36-50,Female,New York,North East,Consumer Budget
CUST-5466,34,26-35,Male,Philadelphia,North East,Consumer Budget
CUST-7233,28,26-35,Female,Atlanta,South,SMB
CUST-6697,30,26-35,Male,Los Angeles,West,SMB
CUST-2038,40,36-50,Male,Miami,South,Consumer Budget
CUST-8517,25,18-25,Female,Seattle,West,SMB
CUST-2982,46,36-50,Female,Chicago,Midwest,B2B Enterprise
CUST-8966,24,18-25,Female,Boston,North East,Consumer Premium
CUST-7749,46,36-50,Male,Miami,South,Consumer Premium
CUST-5267,27,26-35,Non-Binary,New York,North East,Consumer Premium
CUST-4715,29,26-35,Male,Dallas,South,SMB
CUST-6072,37,36-50,Female,Atlanta,South,Consumer Budget
CUST-8766,53,51-65,Male,Los Angeles,West,Consumer Budget
CUST-4973,72,65+,Male,Dallas,South,Consumer Budget
CUST-9841,32,26-35,Female,Los Angeles,West,Consumer Budget
CUST-3541,35,26-35,Female,Philadelphia,North East,SMB
CUST-2023,39,36-50,Female,Chicago,Midwest,Consumer Premium
CUST-1902,35,26-35,Male,Minneapolis,Midwest,Consumer Premium
CUST-1706,30,26-35,Female,Atlanta,South,Consumer Budget
CUST-6087,18,18-25,Male,Miami,South,Consumer Budget
CUST-6859,18,18-25,Male,Atlanta,South,Consumer Premium
CUST-1936,51,51-65,Female,Miami,South,SMB
CUST-8715,41,36-50,Male,Los Angeles,West,Consumer Budget
CUST-8226,35,26-35,Female,Chicago,Midwest,Consumer Budget
CUST-7206,26,26-35,Female,Detroit,Midwest,Consumer Budget
CUST-3341,38,36-50,Non-Binary,New York,North East,Consumer Premium
CUST-5563,22,18-25,Female,Atlanta,South,Consumer Premium
CUST-4456,42,36-50,Male,Los Angeles,West,Consumer Premium
CUST-7243,29,26-35,Male,Atlanta,South,SMB
CUST-2654,69,65+,Male,Dallas,South,SMB
CUST-7659,53,51-65,Female,Philadelphia,North East,Consumer Premium
CUST-4917,59,51-65,Male,San Francisco,West,SMB
CUST-3727,18,18-25,Female,Seattle,West,Consumer Premium
CUST-5904,31,26-35,Female,San Francisco,West,SMB
CUST-4912,27,26-35,Male,Detroit,Midwest,SMB
CUST-8798,49,36-50,Female,Los Angeles,West,Consumer Premium
CUST-9244,32,26-35,Other,Philadelphia,North East,SMB
CUST-5780,49,36-50,Female,Minneapolis,Midwest,SMB
CUST-1990,23,18-25,Male,Dallas,South,B2B Enterprise
CUST-8426,64,51-65,Male,Dallas,South,Consumer Premium
CUST-2373,41,36-50,Non-Binary,Los Angeles,West,Consumer Budget
CUST-6941,56,51-65,Female,Detroit,Midwest,SMB
CUST-7625,43,36-50,Male,New York,North East,Consumer Premium
CUST-4968,41,36-50,Male,San Francisco,West,Consumer Premium
CUST-3214,37,36-50,Male,San Francisco,West,B2B Enterprise
CUST-6473,46,36-50,Female,Seattle,West,Consumer Premium
CUST-3925,42,36-50,Male,Minneapolis,Midwest,Consumer Budget
CUST-4959,52,51-65,Female,Los Angeles,West,Consumer Premium
CUST-3633,59,51-65,Female,Boston,North East,B2B Enterprise
CUST-1709,57,51-65,Female,Philadelphia,North East,Consumer Budget
CUST-6523,34,26-35,Male,Seattle,West,SMB
CUST-6419,18,18-25,Female,Boston,North East,Consumer Budget
CUST-6739,67,65+,Female,Philadelphia,North East,Consumer Budget
CUST-5095,51,51-65,Male,Philadelphia,North East,SMB
CUST-7959,34,26-35,Male,Minneapolis,Midwest,B2B Enterprise
CUST-1728,66,65+,Male,Chicago,Midwest,B2B Enterprise
CUST-4407,36,36-50,Female,Philadelphia,North East,SMB
CUST-1122,42,36-50,Male,Atlanta,South,SMB
CUST-1407,32,26-35,Male,Seattle,West,SMB
CUST-7003,34,26-35,Non-Binary,Minneapolis,Midwest,B2B Enterprise
CUST-2991,32,26-35,Male,Detroit,Midwest,SMB
CUST-5093,44,36-50,Male,Boston,North East,Consumer Budget
CUST-1786,18,18-25,Non-Binary,Seattle,West,Consumer Premium
CUST-4173,34,26-35,Male,Boston,North East,Consumer Premium
CUST-2326,26,26-35,Male,Miami,South,SMB
CUST-5853,35,26-35,Female,Boston,North East,Consumer Budget
CUST-4605,37,36-50,Male,Dallas,South,Consumer Premium
CUST-2847,59,51-65,Female,Atlanta,South,B2B Enterprise
CUST-2139,30,26-35,Male,Philadelphia,North East,SMB
CUST-7196,47,36-50,Male,Seattle,West,B2B Enterprise
CUST-3525,44,36-50,Male,Philadelphia,North East,Consumer Premium
CUST-9612,60,51-65,Female,Boston,North East,Consumer Budget
CUST-6145,25,18-25,Male,Boston,North East,Consumer Budget
CUST-5257,48,36-50,Non-Binary,Philadelphia,North East,B2B Enterprise
CUST-1544,37,36-50,Non-Binary,Philadelphia,North East,SMB
CUST-1747,36,36-50,Male,Dallas,South,Consumer Budget
CUST-8376,30,26-35,Male,San Francisco,West,Consumer Budget
CUST-9179,35,26-35,Male,San Francisco,West,B2B Enterprise
CUST-4381,26,26-35,Non-Binary,Minneapolis,Midwest,Consumer Budget
CUST-3075,38,36-50,Female,Seattle,West,Consumer Budget
CUST-9680,38,36-50,Female,Detroit,Midwest,Consumer Premium
CUST-5204,45,36-50,Female,Chicago,Midwest,SMB
CUST-5499,46,36-50,Male,Minneapolis,Midwest,SMB
CUST-6171,37,36-50,Male,Minneapolis,Midwest,SMB
CUST-8790,18,18-25,Female,Philadelphia,North East,Consumer Budget
CUST-1918,29,26-35,Female,Seattle,West,Consumer Budget
CUST-3984,26,26-35,Female,Philadelphia,North East,Consumer Budget
CUST-5149,28,26-35,Female,San Francisco,West,SMB
CUST-2596,41,36-50,Female,Atlanta,South,SMB
CUST-9337,49,36-50,Female,New York,North East,Consumer Premium
CUST-3995,27,26-35,Male,Atlanta,South,SMB
CUST-5471,39,36-50,Female,Dallas,South,Consumer Premium
CUST-7305,44,36-50,Female,San Francisco,West,SMB
CUST-7698,50,36-50,Male,Miami,South,B2B Enterprise
CUST-5133,46,36-50,Male,Atlanta,South,SMB
CUST-7798,27,26-35,Female,Los Angeles,West,Consumer Budget
CUST-4751,20,18-25,Female,Philadelphia,North East,B2B Enterprise
CUST-4044,42,36-50,Female,Dallas,South,SMB
CUST-4443,32,26-35,Male,Dallas,South,SMB
CUST-6129,20,18-25,Female,Miami,South,Consumer Premium
CUST-2265,18,18-25,Male,Seattle,West,SMB
CUST-1827,34,26-35,Non-Binary,San Francisco,West,SMB
CUST-4504,39,36-50,Male,San Francisco,West,Consumer Budget
CUST-6535,28,26-35,Male,Seattle,West,SMB
CUST-6728,18,18-25,Female,Seattle,West,SMB
CUST-1314,47,36-50,Male,Minneapolis,Midwest,Consumer Premium
CUST-2629,31,26-35,Female,Los Angeles,West,B2B Enterprise
CUST-9023,43,36-50,Male,Minneapolis,Midwest,B2B Enterprise
CUST-2903,38,36-50,Male,Seattle,West,SMB
CUST-8642,38,36-50,Female,Detroit,Midwest,SMB
CUST-9619,44,36-50,Female,Philadelphia,North East,B2B Enterprise
CUST-3704,46,36-50,Male,Los Angeles,West,Consumer Premium
CUST-4888,31,26-35,Male,San Francisco,West,Consumer Premium
CUST-6649,29,26-35,Female,San Francisco,West,Consumer Budget
CUST-9937,27,26-35,Male,Miami,South,SMB
CUST-8270,27,26-35,Male,Atlanta,South,SMB
CUST-5869,62,51-65,Male,Dallas,South,Consumer Budget
CUST-2875,46,36-50,Non-Binary,Miami,South,Consumer Budget
CUST-2695,43,36-50,Male,Detroit,Midwest,SMB
CUST-9608,44,36-50,Female,San Francisco,West,SMB
CUST-4970,41,36-50,Male,Detroit,Midwest,Consumer Budget
CUST-5562,46,36-50,Male,Philadelphia,North East,Consumer Premium
CUST-4415,32,26-35,Male,Dallas,South,Consumer Budget
CUST-9871,47,36-50,Male,New York,North East,Consumer Premium
CUST-3115,35,26-35,Male,San Francisco,West,Consumer Budget
CUST-2787,57,51-65,Female,Los Angeles,West,Consumer Budget
CUST-4558,55,51-65,Female,Miami,South,B2B Enterprise
CUST-3752,42,36-50,Male,Seattle,West,SMB
CUST-7019,42,36-50,Male,Minneapolis,Midwest,SMB
CUST-4501,36,36-50,Female,Chicago,Midwest,Consumer Premium
CUST-4134,37,36-50,Female,Philadelphia,North East,Consumer Premium
CUST-9800,59,51-65,Female,Chicago,Midwest,Consumer Premium
CUST-4559,44,36-50,Female,Dallas,South,Consumer Budget
CUST-2056,36,36-50,Female,Detroit,Midwest,Consumer Premium
CUST-3220,35,26-35,Female,Dallas,South,Consumer Premium
CUST-9414,50,36-50,Male,Miami,South,Consumer Premium
CUST-3852,22,18-25,Female,Los Angeles,West,B2B Enterprise
CUST-7694,40,36-50,Female,San Francisco,West,SMB
CUST-6857,53,51-65,Male,Los Angeles,West,Consumer Budget
CUST-5473,41,36-50,Male,Detroit,Midwest,Consumer Budget
CUST-4085,47,36-50,Other,Chicago,Midwest,Consumer Budget
CUST-4643,56,51-65,Female,Minneapolis,Midwest,SMB
CUST-1260,54,51-65,Male,Philadelphia,North East,Consumer Budget
CUST-4708,43,36-50,Male,Boston,North East,B2B Enterprise
CUST-2719,57,51-65,Male,Chicago,Midwest,Consumer Premium
CUST-9408,45,36-50,Female,Atlanta,South,SMB
CUST-1617,35,26-35,Female,Boston,North East,SMB
CUST-2247,30,26-35,Non-Binary,Philadelphia,North East,B2B Enterprise
CUST-4081,38,36-50,Female,New York,North East,SMB
CUST-2067,31,26-35,Male,Seattle,West,SMB
CUST-4850,32,26-35,Male,Dallas,South,Consumer Budget
CUST-9094,36,36-50,Female,Miami,South,Consumer Premium
CUST-2806,32,26-35,Male,Dallas,South,B2B Enterprise
CUST-8338,47,36-50,Female,Chicago,Midwest,B2B Enterprise
CUST-3711,43,36-50,Female,Detroit,Midwest,B2B Enterprise
CUST-1837,38,36-50,Male,San Francisco,West,Consumer Premium
CUST-7296,31,26-35,Female,Boston,North East,Consumer Premium
CUST-7242,37,36-50,Female,Los Angeles,West,Consumer Premium
CUST-1230,49,36-50,Female,San Francisco,West,Consumer Budget
CUST-5993,49,36-50,Female,Los Angeles,West,B2B Enterprise
CUST-5452,34,26-35,Male,Philadelphia,North East,Consumer Premium
CUST-8987,28,26-35,Female,Chicago,Midwest,Consumer Premium
CUST-5098,49,36-50,Male,Boston,North East,Consumer Premium
CUST-8254,47,36-50,Male,Dallas,South,Consumer Budget
CUST-2616,56,51-65,Female,Dallas,South,B2B Enterprise
CUST-6536,39,36-50,Female,Boston,North East,SMB
CUST-3923,50,36-50,Female,Philadelphia,North East,SMB
CUST-5806,18,18-25,Male,Philadelphia,North East,B2B Enterprise
CUST-7513,26,26-35,Female,San Francisco,West,Consumer Premium
CUST-2252,55,51-65,Male,Atlanta,South,B2B Enterprise
CUST-7107,40,36-50,Male,Chicago,Midwest,SMB
CUST-8194,18,18-25,Female,New York,North East,Consumer Premium
CUST-8494,43,36-50,Female,New York,North East,Consumer Budget
CUST-7860,29,26-35,Female,Detroit,Midwest,B2B Enterprise
CUST-3873,37,36-50,Female,New York,North East,Consumer Premium
CUST-3389,31,26-35,Male,New York,North East,Consumer Premium
CUST-6525,23,18-25,Female,Philadelphia,North East,Consumer Premium
CUST-1888,18,18-25,Male,Chicago,Midwest,Consumer Premium
CUST-8246,33,26-35,Male,Dallas,South,SMB
CUST-7252,18,18-25,Female,Dallas,South,Consumer Budget
CUST-2699,50,36-50,Female,Chicago,Midwest,SMB
CUST-3229,43,36-50,Male,Minneapolis,Midwest,SMB
CUST-5815,30,26-35,Female,New York,North East,SMB
CUST-8826,24,18-25,Male,Miami,South,Consumer Budget
CUST-8871,56,51-65,Female,Philadelphia,North East,SMB
CUST-8889,18,18-25,Male,Seattle,West,Consumer Premium
CUST-3233,32,26-35,Female,Los Angeles,West,Consumer Budget
CUST-2600,51,51-65,Male,Chicago,Midwest,Consumer Budget
CUST-7991,34,26-35,Male,Chicago,Midwest,SMB
CUST-5753,51,51-65,Female,Seattle,West,B2B Enterprise
CUST-7681,48,36-50,Male,Minneapolis,Midwest,Consumer Budget
CUST-5961,30,26-35,Female,Detroit,Midwest,SMB
CUST-9662,27,26-35,Male,New York,North East,Consumer Premium
CUST-3360,39,36-50,Non-Binary,New York,North East,Consumer Budget
CUST-8034,21,18-25,Male,Boston,North East,Consumer Budget
CUST-7090,30,26-35,Male,Chicago,Midwest,Consumer Premium
CUST-3062,37,36-50,Female,New York,North East,SMB
CUST-7189,43,36-50,Male,New York,North East,Consumer Budget
CUST-4596,37,36-50,Male,Boston,North East,B2B Enterprise
CUST-2432,31,26-35,Female,Atlanta,South,SMB
CUST-6691,37,36-50,Female,Boston,North East,Consumer Premium
CUST-2220,36,36-50,Male,Chicago,Midwest,SMB
CUST-9240,38,36-50,Male,New York,North East,Consumer Premium
CUST-1540,22,18-25,Male,Miami,South,SMB
CUST-5161,34,26-35,Other,Dallas,South,SMB
CUST-1089,27,26-35,Female,New York,North East,Consumer Premium
CUST-2560,27,26-35,Female,Miami,South,Consumer Premium
CUST-6654,23,18-25,Female,Atlanta,South,Consumer Budget
CUST-6408,38,36-50,Female,Dallas,South,Consumer Premium
CUST-7812,21,18-25,Female,Seattle,West,Consumer Budget
CUST-7833,29,26-35,Male,Boston,North East,SMB
CUST-7466,33,26-35,Female,Miami,South,SMB
CUST-8809,52,51-65,Female,Minneapolis,Midwest,SMB
CUST-5389,42,36-50,Male,Boston,North East,Consumer Premium
CUST-3518,24,18-25,Male,Philadelphia,North East,SMB
CUST-1545,43,36-50,Female,New York,North East,B2B Enterprise
CUST-4852,44,36-50,Female,Seattle,West,SMB
CUST-2408,46,36-50,Male,New York,North East,Consumer Premium
CUST-2924,44,36-50,Female,Seattle,West,SMB
CUST-6997,46,36-50,Male,Philadelphia,North East,SMB
CUST-9263,18,18-25,Male,Dallas,South,B2B Enterprise
CUST-1438,21,18-25,Female,Detroit,Midwest,Consumer Budget
CUST-8247,18,18-25,Female,Chicago,Midwest,SMB
CUST-5541,29,26-35,Male,Dallas,South,Consumer Premium
CUST-4743,33,26-35,Female,Philadelphia,North East,Consumer Budget
CUST-3438,28,26-35,Female,Miami,South,Consumer Premium
CUST-8689,29,26-35,Female,Dallas,South,Consumer Premium
CUST-7311,36,36-50,Female,Chicago,Midwest,SMB
CUST-6216,50,36-50,Female,Chicago,Midwest,SMB
CUST-9088,50,36-50,Female,Minneapolis,Midwest,B2B Enterprise
CUST-3453,40,36-50,Female,Miami,South,Consumer Premium
CUST-9709,37,36-50,Female,Minneapolis,Midwest,Consumer Budget
CUST-7137,39,36-50,Male,Detroit,Midwest,Consumer Premium
CUST-8234,38,36-50,Male,Chicago,Midwest,Consumer Budget
CUST-5340,39,36-50,Male,Seattle,West,Consumer Budget
CUST-7645,43,36-50,Male,Dallas,South,Consumer Premium
CUST-5504,31,26-35,Female,Seattle,West,B2B Enterprise
CUST-1725,43,36-50,Female,Philadelphia,North East,Consumer Premium
CUST-4080,31,26-35,Female,Chicago,Midwest,Consumer Budget
CUST-9261,54,51-65,Male,Minneapolis,Midwest,Consumer Budget
CUST-3522,46,36-50,Male,San Francisco,West,Consumer Premium
CUST-5586,34,26-35,Male,Minneapolis,Midwest,Consumer Premium
CUST-3850,24,18-25,Female,Chicago,Midwest,B2B Enterprise
CUST-9028,36,36-50,Female,Boston,North East,SMB
CUST-2396,20,18-25,Male,Boston,North East,SMB
CUST-4140,42,36-50,Male,San Francisco,West,Consumer Budget
CUST-3714,27,26-35,Female,San Francisco,West,SMB
CUST-2316,34,26-35,Male,Dallas,South,Consumer Premium
CUST-3533,35,26-35,Female,Los Angeles,West,Consumer Premium
CUST-1884,39,36-50,Male,Seattle,West,B2B Enterprise
CUST-7510,24,18-25,Female,Atlanta,South,Consumer Budget
CUST-4363,27,26-35,Male,Philadelphia,North East,Consumer Premium
CUST-3948,44,36-50,Male,Seattle,West,B2B Enterprise
CUST-1671,27,26-35,Male,Dallas,South,Consumer Premium
CUST-2722,22,18-25,Male,Seattle,West,SMB
CUST-8239,39,36-50,Female,New York,North East,Consumer Budget
CUST-8114,38,36-50,Female,Dallas,South,Consumer Budget
CUST-4338,39,36-50,Male,Detroit,Midwest,Consumer Premium
CUST-2232,23,18-25,Male,Dallas,South,Consumer Budget
CUST-1875,18,18-25,Female,Seattle,West,Consumer Premium
CUST-6884,53,51-65,Female,Chicago,Midwest,B2B Enterprise
CUST-7831,27,26-35,Male,Philadelphia,North East,SMB
CUST-6926,54,51-65,Female,Boston,North East,Consumer Budget
CUST-3492,55,51-65,Male,Miami,South,Consumer Premium
CUST-9260,44,36-50,Female,New York,North East,Consumer Budget
CUST-6918,26,26-35,Male,Chicago,Midwest,Consumer Premium
CUST-5494,18,18-25,Male,New York,North East,SMB
CUST-3930,40,36-50,Male,Atlanta,South,SMB
CUST-5220,31,26-35,Male,San Francisco,West,B2B Enterprise
CUST-5616,22,18-25,Female,Philadelphia,North East,Consumer Premium
CUST-5191,32,26-35,Male,New York,North East,Consumer Budget
CUST-5636,20,18-25,Male,Atlanta,South,Consumer Budget
CUST-2210,33,26-35,Female,San Francisco,West,Consumer Budget
CUST-8627,30,26-35,Female,Dallas,South,Consumer Budget
CUST-3999,59,51-65,Male,New York,North East,SMB
CUST-7117,47,36-50,Male,Boston,North East,B2B Enterprise
CUST-3382,39,36-50,Female,Atlanta,South,B2B Enterprise
CUST-3920,66,65+,Female,Atlanta,South,Consumer Budget
CUST-6340,52,51-65,Female,Los Angeles,West,Consumer Premium
CUST-9678,33,26-35,Female,Philadelphia,North East,SMB
CUST-9105,50,36-50,Male,San Francisco,West,Consumer Budget
CUST-8635,25,18-25,Male,Seattle,West,SMB
CUST-6014,35,26-35,Male,Dallas,South,SMB
CUST-8101,33,26-35,Male,San Francisco,West,SMB
CUST-9747,27,26-35,Female,Dallas,South,Consumer Budget
CUST-3709,18,18-25,Male,Los Angeles,West,B2B Enterprise
CUST-4238,52,51-65,Male,Dallas,South,B2B Enterprise
CUST-3707,33,26-35,Female,Philadelphia,North East,SMB
CUST-7455,43,36-50,Female,Boston,North East,B2B Enterprise
CUST-3309,43,36-50,Female,Los Angeles,West,Consumer Premium
CUST-6653,37,36-50,Female,Boston,North East,Consumer Budget
CUST-1502,29,26-35,Male,Dallas,South,Consumer Premium
CUST-3746,46,36-50,Non-Binary,San Francisco,West,Consumer Premium
CUST-8428,51,51-65,Male,Miami,South,Consumer Budget
CUST-5601,25,18-25,Female,New York,North East,SMB
CUST-9798,38,36-50,Male,Atlanta,South,B2B Enterprise
CUST-2294,48,36-50,Female,Los Angeles,West,SMB
CUST-3015,38,36-50,Female,Chicago,Midwest,Consumer Premium
CUST-4870,30,26-35,Male,New York,North East,B2B Enterprise
CUST-8392,31,26-35,Male,Boston,North East,B2B Enterprise
CUST-7320,25,18-25,Female,Philadelphia,North East,SMB
CUST-1055,33,26-35,Female,Los Angeles,West,Consumer Budget
CUST-8146,53,51-65,Non-Binary,Atlanta,South,Consumer Premium
CUST-8629,54,51-65,Female,Atlanta,South,Consumer Premium
CUST-7671,42,36-50,Male,Miami,South,Consumer Budget
CUST-7239,33,26-35,Male,Detroit,Midwest,Consumer Premium
CUST-7731,46,36-50,Female,San Francisco,West,Consumer Budget
CUST-8885,48,36-50,Male,Philadelphia,North East,Consumer Premium
CUST-4983,57,51-65,Male,Seattle,West,Consumer Budget
CUST-5454,29,26-35,Male,Miami,South,Consumer Budget
CUST-2531,39,36-50,Female,Dallas,South,Consumer Budget
CUST-7463,38,36-50,Male,Los Angeles,West,Consumer Premium
CUST-7171,40,36-50,Female,Seattle,West,Consumer Budget
CUST-4070,40,36-50,Female,Minneapolis,Midwest,B2B Enterprise
CUST-8021,43,36-50,Non-Binary,San Francisco,West,Consumer Premium
CUST-6043,47,36-50,Female,Philadelphia,North East,Consumer Premium
CUST-1362,35,26-35,Male,Dallas,South,SMB
CUST-2620,47,36-50,Male,Atlanta,South,Consumer Budget
CUST-1000,42,36-50,Male,San Francisco,West,Consumer Budget
CUST-1535,33,26-35,Male,San Francisco,West,SMB
CUST-7524,21,18-25,Male,Boston,North East,SMB
CUST-7550,67,65+,Male,Seattle,West,SMB
CUST-1382,41,36-50,Male,Los Angeles,West,B2B Enterprise
CUST-3110,46,36-50,Female,Los Angeles,West,Consumer Premium
CUST-7786,36,36-50,Female,San Francisco,West,Consumer Premium
CUST-5364,31,26-35,Male,Detroit,Midwest,Consumer Premium
CUST-7874,54,51-65,Female,Minneapolis,Midwest,SMB
CUST-8599,36,36-50,Male,Seattle,West,SMB
CUST-8186,42,36-50,Male,New York,North East,SMB
CUST-4739,18,18-25,Male,Chicago,Midwest,B2B Enterprise
CUST-7093,44,36-50,Female,Seattle,West,SMB
CUST-2367,64,51-65,Other,New York,North East,Consumer Budget
CUST-6980,48,36-50,Female,Seattle,West,Consumer Budget
CUST-9857,24,18-25,Female,San Francisco,West,Consumer Premium
CUST-1197,55,51-65,Non-Binary,San Francisco,West,Consumer Budget
CUST-5595,23,18-25,Female,Philadelphia,North East,B2B Enterprise
CUST-8552,36,36-50,Male,Minneapolis,Midwest,B2B Enterprise
CUST-3915,30,26-35,Male,Seattle,West,B2B Enterprise
CUST-1562,40,36-50,Male,Boston,North East,B2B Enterprise
CUST-2284,36,36-50,Female,Boston,North East,Consumer Premium
CUST-2887,36,36-50,Female,Los Angeles,West,Consumer Budget
CUST-1044,27,26-35,Male,Detroit,Midwest,SMB
CUST-5264,31,26-35,Female,New York,North East,Consumer Budget
CUST-3153,44,36-50,Female,Miami,South,B2B Enterprise
CUST-2256,36,36-50,Female,Boston,North East,Consumer Premium
CUST-5201,31,26-35,Female,Seattle,West,Consumer Budget
CUST-9168,44,36-50,Female,Atlanta,South,SMB
CUST-1869,18,18-25,Female,Los Angeles,West,SMB
CUST-5860,33,26-35,Female,Miami,South,Consumer Budget
CUST-2447,18,18-25,Female,Los Angeles,West,B2B Enterprise
CUST-5422,18,18-25,Female,Miami,South,B2B Enterprise
CUST-9982,42,36-50,Male,Philadelphia,North East,SMB
CUST-9382,54,51-65,Female,Detroit,Midwest,Consumer Premium
CUST-5319,60,51-65,Female,Boston,North East,SMB
CUST-2558,22,18-25,Female,San Francisco,West,SMB
CUST-6363,35,26-35,Male,Atlanta,South,Consumer Premium
CUST-7085,53,51-65,Female,Atlanta,South,Consumer Premium
CUST-9186,48,36-50,Male,Dallas,South,Consumer Budget
CUST-2543,33,26-35,Female,Dallas,South,SMB
CUST-9359,49,36-50,Male,Atlanta,South,B2B Enterprise
CUST-7461,58,51-65,Female,Dallas,South,Consumer Budget
CUST-5574,37,36-50,Male,Boston,North East,SMB
CUST-4930,48,36-50,Female,Los Angeles,West,Consumer Budget
CUST-3738,29,26-35,Female,Detroit,Midwest,SMB
CUST-6351,19,18-25,Female,Detroit,Midwest,B2B Enterprise
CUST-9907,26,26-35,Female,Los Angeles,West,Consumer Premium
CUST-7715,35,26-35,Male,Minneapolis,Midwest,Consumer Premium
CUST-1335,41,36-50,Female,Dallas,South,Consumer Premium
CUST-3380,25,18-25,Male,Atlanta,South,Consumer Premium
CUST-9920,46,36-50,Female,Detroit,Midwest,SMB
CUST-5566,35,26-35,Female,Detroit,Midwest,Consumer Premium
CUST-8164,18,18-25,Female,Philadelphia,North East,SMB
CUST-8868,40,36-50,Male,Boston,North East,Consumer Budget
CUST-3143,28,26-35,Non-Binary,Minneapolis,Midwest,Consumer Budget
CUST-9463,54,51-65,Male,Chicago,Midwest,B2B Enterprise
CUST-1700,29,26-35,Male,San Francisco,West,Consumer Budget
CUST-6555,48,36-50,Male,Philadelphia,North East,Consumer Budget
CUST-3190,52,51-65,Male,New York,North East,Consumer Premium
CUST-5120,35,26-35,Male,Philadelphia,North East,Consumer Budget
CUST-5917,33,26-35,Male,Chicago,Midwest,B2B Enterprise
CUST-2231,40,36-50,Female,Dallas,South,SMB
CUST-3067,44,36-50,Female,Detroit,Midwest,SMB
CUST-7236,51,51-65,Female,Seattle,West,B2B Enterprise
CUST-2459,42,36-50,Male,Chicago,Midwest,Consumer Premium
CUST-6760,28,26-35,Male,Philadelphia,North East,SMB
CUST-3898,44,36-50,Male,Philadelphia,North East,B2B Enterprise
CUST-5274,57,51-65,Female,San Francisco,West,SMB
CUST-6301,42,36-50,Female,Philadelphia,North East,SMB
CUST-1152,34,26-35,Non-Binary,New York,North East,Consumer Budget
CUST-4961,45,36-50,Male,New York,North East,B2B Enterprise
CUST-9253,44,36-50,Male,San Francisco,West,B2B Enterprise
CUST-6238,42,36-50,Female,Los Angeles,West,Consumer Budget
CUST-7883,43,36-50,Female,Los Angeles,West,Consumer Premium
CUST-1149,44,36-50,Female,San Francisco,West,Consumer Premium
CUST-6395,18,18-25,Male,Philadelphia,North East,Consumer Premium
CUST-6084,28,26-35,Male,Atlanta,South,Consumer Premium
CUST-4523,29,26-35,Female,Seattle,West,SMB
CUST-8313,42,36-50,Female,New York,North East,Consumer Budget
CUST-4284,39,36-50,Male,Los Angeles,West,Consumer Budget
CUST-5496,18,18-25,Female,Miami,South,Consumer Premium
CUST-4400,32,26-35,Male,Philadelphia,North East,Consumer Budget
CUST-6478,39,36-50,Male,Philadelphia,North East,Consumer Budget
CUST-3156,38,36-50,Female,Detroit,Midwest,Consumer Budget
CUST-8282,18,18-25,Male,Detroit,Midwest,Consumer Premium
CUST-2100,32,26-35,Female,New York,North East,Consumer Premium
CUST-9605,29,26-35,Female,Seattle,West,Consumer Premium
CUST-8311,21,18-25,Female,New York,North East,Consumer Budget
CUST-2230,46,36-50,Female,Boston,North East,Consumer Budget
CUST-4991,18,18-25,Female,Chicago,Midwest,Consumer Premium
CUST-2143,45,36-50,Male,Miami,South,Consumer Premium
CUST-2481,38,36-50,Female,Detroit,Midwest,Consumer Premium
CUST-8955,40,36-50,Male,Boston,North East,B2B Enterprise
CUST-9338,43,36-50,Female,New York,North East,Consumer Budget
CUST-7442,51,51-65,Male,New York,North East,B2B Enterprise
CUST-1935,36,36-50,Male,Dallas,South,SMB
CUST-1534,48,36-50,Female,Los Angeles,West,Consumer Premium
CUST-9480,39,36-50,Female,Dallas,South,SMB
CUST-1713,28,26-35,Female,Dallas,South,SMB
CUST-2013,34,26-35,Male,Chicago,Midwest,B2B Enterprise
CUST-3929,55,51-65,Male,San Francisco,West,Consumer Budget
CUST-3789,41,36-50,Female,Philadelphia,North East,SMB
CUST-2228,53,51-65,Female,Seattle,West,Consumer Premium
CUST-5464,33,26-35,Female,Chicago,Midwest,SMB
CUST-7149,32,26-35,Female,Chicago,Midwest,SMB
CUST-2412,42,36-50,Male,Minneapolis,Midwest,Consumer Budget
CUST-1877,40,36-50,Female,Atlanta,South,SMB
CUST-8911,52,51-65,Male,Los Angeles,West,Consumer Budget
CUST-5506,29,26-35,Female,Detroit,Midwest,Consumer Budget
CUST-9421,24,18-25,Female,Los Angeles,West,SMB
CUST-4321,29,26-35,Female,San Francisco,West,SMB
CUST-2945,26,26-35,Female,Miami,South,B2B Enterprise
CUST-7988,39,36-50,Male,Los Angeles,West,B2B Enterprise
CUST-9527,53,51-65,Male,Los Angeles,West,Consumer Budget
CUST-6595,44,36-50,Male,Atlanta,South,Consumer Premium
CUST-9283,49,36-50,Female,San Francisco,West,Consumer Premium
CUST-2246,46,36-50,Male,New York,North East,Consumer Premium
CUST-9525,27,26-35,Non-Binary,Minneapolis,Midwest,SMB
CUST-8561,51,51-65,Female,Seattle,West,B2B Enterprise
CUST-4778,40,36-50,Female,Miami,South,Consumer Premium
CUST-9532,40,36-50,Male,Miami,South,Consumer Budget
CUST-4807,34,26-35,Female,Dallas,South,B2B Enterprise
CUST-2271,37,36-50,Female,Boston,North East,SMB
CUST-6665,57,51-65,Female,Minneapolis,Midwest,Consumer Premium
CUST-3362,18,18-25,Female,Seattle,West,Consumer Premium
CUST-5376,18,18-25,Male,Boston,North East,Consumer Budget
CUST-3677,34,26-35,Male,San Francisco,West,Consumer Premium
CUST-7076,53,51-65,Male,Chicago,Midwest,Consumer Premium
CUST-5658,46,36-50,Male,San Francisco,West,SMB
CUST-7934,50,36-50,Other,Minneapolis,Midwest,Consumer Premium
CUST-8620,19,18-25,Male,Philadelphia,North East,Consumer Budget
CUST-1226,25,18-25,Female,New York,North East,B2B Enterprise
CUST-9698,28,26-35,Female,Atlanta,South,SMB
CUST-2180,45,36-50,Female,New York,North East,Consumer Premium
CUST-1804,27,26-35,Male,Minneapolis,Midwest,Consumer Premium
CUST-6073,58,51-65,Female,Seattle,West,SMB
CUST-2287,46,36-50,Male,New York,North East,Consumer Premium
CUST-8986,50,36-50,Female,Miami,South,B2B Enterprise
CUST-4091,30,26-35,Male,Minneapolis,Midwest,SMB
CUST-4135,61,51-65,Male,Los Angeles,West,B2B Enterprise
CUST-7946,48,36-50,Female,Detroit,Midwest,B2B Enterprise
CUST-4738,39,36-50,Female,Chicago,Midwest,SMB
CUST-4263,35,26-35,Female,Seattle,West,SMB
CUST-7015,18,18-25,Female,Dallas,South,SMB
CUST-8391,53,51-65,Male,Boston,North East,Consumer Budget
CUST-9312,47,36-50,Male,Minneapolis,Midwest,Consumer Budget
CUST-1364,39,36-50,Male,New York,North East,Consumer Premium
CUST-8174,31,26-35,Female,Philadelphia,North East,SMB
CUST-6443,50,36-50,Male,Los Angeles,West,Consumer Budget
CUST-9978,56,51-65,Male,New York,North East,SMB
CUST-5250,22,18-25,Female,Philadelphia,North East,SMB
CUST-9047,38,36-50,Female,Los Angeles,West,SMB
CUST-5878,69,65+,Male,Minneapolis,Midwest,Consumer Budget
CUST-5412,46,36-50,Male,New York,North East,Consumer Budget
CUST-2904,18,18-25,Male,Los Angeles,West,SMB
CUST-5609,31,26-35,Male,Minneapolis,Midwest,Consumer Premium
CUST-2843,55,51-65,Male,Los Angeles,West,B2B Enterprise
CUST-8942,45,36-50,Male,Minneapolis,Midwest,Consumer Budget
CUST-5261,66,65+,Other,Atlanta,South,B2B Enterprise
CUST-1378,30,26-35,Female,Philadelphia,North East,Consumer Premium
CUST-7888,39,36-50,Female,Boston,North East,SMB
CUST-3554,40,36-50,Male,Boston,North East,Consumer Premium
CUST-6123,28,26-35,Female,Philadelphia,North East,Consumer Budget
CUST-4416,25,18-25,Female,New York,North East,Consumer Premium
CUST-5151,34,26-35,Male,Miami,South,Consumer Budget
CUST-7388,21,18-25,Female,New York,North East,Consumer Budget
CUST-4419,43,36-50,Male,Dallas,South,SMB
CUST-3802,24,18-25,Female,San Francisco,West,Consumer Budget
CUST-3310,29,26-35,Male,San Francisco,West,Consumer Premium
CUST-2081,19,18-25,Male,Seattle,West,Consumer Budget
CUST-8468,34,26-35,Female,Minneapolis,Midwest,Consumer Budget
CUST-8298,62,51-65,Female,San Francisco,West,B2B Enterprise
CUST-8401,35,26-35,Male,San Francisco,West,SMB
CUST-5189,50,36-50,Female,Minneapolis,Midwest,Consumer Budget
CUST-6490,37,36-50,Female,Dallas,South,SMB
CUST-4631,43,36-50,Other,Philadelphia,North East,Consumer Premium
CUST-3413,30,26-35,Other,Seattle,West,Consumer Budget
CUST-2299,36,36-50,Other,Seattle,West,Consumer Premium
CUST-4547,51,51-65,Male,New York,North East,B2B Enterprise
CUST-9492,28,26-35,Non-Binary,Minneapolis,Midwest,B2B Enterprise
CUST-6318,30,26-35,Non-Binary,New York,North East,Consumer Budget
CUST-1612,19,18-25,Female,Philadelphia,North East,B2B Enterprise
CUST-3956,49,36-50,Male,Atlanta,South,Consumer Premium
CUST-6992,32,26-35,Male,Detroit,Midwest,Consumer Premium
CUST-1590,38,36-50,Non-Binary,Los Angeles,West,Consumer Premium
CUST-8496,23,18-25,Female,Miami,South,B2B Enterprise
CUST-6224,39,36-50,Female,Detroit,Midwest,Consumer Premium
CUST-3337,51,51-65,Other,Boston,North East,Consumer Budget
CUST-6274,53,51-65,Female,Seattle,West,Consumer Budget
CUST-7720,56,51-65,Male,Boston,North East,Consumer Premium
CUST-9936,23,18-25,Male,Minneapolis,Midwest,B2B Enterprise
CUST-8017,18,18-25,Male,San Francisco,West,Consumer Budget
CUST-9473,26,26-35,Male,Atlanta,South,SMB
CUST-8796,48,36-50,Male,San Francisco,West,B2B Enterprise
CUST-7001,34,26-35,Female,Seattle,West,Consumer Premium
CUST-3076,48,36-50,Female,New York,North East,Consumer Budget
CUST-2452,45,36-50,Male,Los Angeles,West,SMB
CUST-8763,27,26-35,Male,San Francisco,West,Consumer Budget
CUST-1519,37,36-50,Male,New York,North East,B2B Enterprise
CUST-2667,38,36-50,Male,Seattle,West,Consumer Premium
CUST-2259,54,51-65,Female,Minneapolis,Midwest,B2B Enterprise
CUST-8601,55,51-65,Male,Seattle,West,Consumer Premium
CUST-1333,24,18-25,Male,Minneapolis,Midwest,SMB
CUST-1420,62,51-65,Male,San Francisco,West,Consumer Budget
CUST-1411,27,26-35,Female,Philadelphia,North East,Consumer Budget
CUST-9559,62,51-65,Male,Los Angeles,West,Consumer Premium
CUST-6296,28,26-35,Female,New York,North East,SMB
CUST-7209,46,36-50,Female,Dallas,South,Consumer Premium
CUST-6590,41,36-50,Male,New York,North East,Consumer Budget
CUST-3121,18,18-25,Female,Los Angeles,West,B2B Enterprise
CUST-8516,53,51-65,Male,Los Angeles,West,Consumer Budget
CUST-8143,31,26-35,Female,Los Angeles,West,B2B Enterprise
CUST-5103,25,18-25,Female,San Francisco,West,B2B Enterprise
CUST-6611,36,36-50,Male,Dallas,South,Consumer Premium
CUST-2949,52,51-65,Male,Seattle,West,B2B Enterprise
CUST-4647,18,18-25,Male,Los Angeles,West,Consumer Budget
CUST-3744,47,36-50,Male,Chicago,Midwest,Consumer Budget
CUST-1566,33,26-35,Male,San Francisco,West,SMB
CUST-3014,55,51-65,Male,Detroit,Midwest,Consumer Premium
CUST-6758,23,18-25,Female,New York,North East,Consumer Budget
CUST-1722,32,26-35,Male,Philadelphia,North East,SMB
CUST-8505,18,18-25,Male,New York,North East,SMB
CUST-3527,61,51-65,Female,Minneapolis,Midwest,SMB
CUST-3234,53,51-65,Female,Miami,South,B2B Enterprise
CUST-9644,18,18-25,Female,Philadelphia,North East,Consumer Premium
CUST-9068,35,26-35,Male,Atlanta,South,B2B Enterprise
CUST-8979,36,36-50,Female,Philadelphia,North East,Consumer Premium
CUST-7859,18,18-25,Female,Philadelphia,North East,Consumer Budget
CUST-4593,30,26-35,Non-Binary,Los Angeles,West,SMB
CUST-9249,33,26-35,Male,Boston,North East,Consumer Budget
CUST-2979,28,26-35,Female,Dallas,South,Consumer Premium
CUST-4170,26,26-35,Male,San Francisco,West,Consumer Budget
CUST-9772,44,36-50,Male,Philadelphia,North East,Consumer Budget
CUST-8039,56,51-65,Other,New York,North East,B2B Enterprise
CUST-4895,30,26-35,Male,Atlanta,South,SMB
CUST-8015,28,26-35,Female,Los Angeles,West,Consumer Premium
CUST-1795,25,18-25,Non-Binary,Atlanta,South,Consumer Budget
CUST-5314,34,26-35,Male,San Francisco,West,B2B Enterprise
CUST-9452,31,26-35,Male,Dallas,South,Consumer Premium
CUST-5430,25,18-25,Female,Detroit,Midwest,Consumer Budget
CUST-6269,40,36-50,Female,Dallas,South,B2B Enterprise
CUST-3470,50,36-50,Male,Atlanta,South,Consumer Premium
CUST-4245,47,36-50,Female,Seattle,West,SMB
CUST-6830,30,26-35,Non-Binary,San Francisco,West,SMB
CUST-6149,36,36-50,Male,Minneapolis,Midwest,SMB
CUST-7709,55,51-65,Female,Atlanta,South,SMB
CUST-7732,36,36-50,Male,Miami,South,Consumer Premium
CUST-4393,36,36-50,Female,Seattle,West,Consumer Premium
CUST-3580,35,26-35,Female,Chicago,Midwest,Consumer Budget
CUST-9060,40,36-50,Female,Minneapolis,Midwest,SMB
CUST-5945,36,36-50,Male,San Francisco,West,Consumer Premium
CUST-6362,54,51-65,Non-Binary,Minneapolis,Midwest,SMB
CUST-3805,52,51-65,Male,Detroit,Midwest,Consumer Premium
CUST-5809,41,36-50,Male,Seattle,West,Consumer Premium
CUST-1053,47,36-50,Male,Seattle,West,Consumer Budget
CUST-3803,47,36-50,Female,Chicago,Midwest,B2B Enterprise
CUST-9394,41,36-50,Female,Chicago,Midwest,SMB
CUST-8500,53,51-65,Female,Philadelphia,North East,Consumer Budget
CUST-6797,44,36-50,Male,Philadelphia,North East,Consumer Budget
CUST-2868,39,36-50,Male,Chicago,Midwest,Consumer Premium
CUST-8778,59,51-65,Female,Philadelphia,North East,SMB
CUST-8154,49,36-50,Female,Philadelphia,North East,Consumer Budget
CUST-5105,41,36-50,Female,Atlanta,South,SMB
CUST-7753,43,36-50,Male,Seattle,West,B2B Enterprise
CUST-6197,50,36-50,Female,Philadelphia,North East,Consumer Premium
CUST-4150,39,36-50,Female,Minneapolis,Midwest,SMB
CUST-7579,38,36-50,Male,Boston,North East,Consumer Budget
CUST-3400,47,36-50,Female,Minneapolis,Midwest,Consumer Budget
CUST-4659,43,36-50,Male,Philadelphia,North East,Consumer Budget
CUST-1249,44,36-50,Female,Los Angeles,West,Consumer Premium
CUST-3583,42,36-50,Male,Miami,South,SMB
CUST-8208,18,18-25,Male,New York,North East,B2B Enterprise
CUST-9264,23,18-25,Male,Chicago,Midwest,Consumer Budget
CUST-4985,42,36-50,Female,San Francisco,West,Consumer Budget
CUST-3429,40,36-50,Male,New York,North East,Consumer Premium
CUST-1295,32,26-35,Female,Philadelphia,North East,Consumer Budget
CUST-1814,47,36-50,Male,Detroit,Midwest,Consumer Budget
CUST-8297,30,26-35,Female,Minneapolis,Midwest,SMB
CUST-3516,31,26-35,Female,Dallas,South,Consumer Budget
CUST-4412,31,26-35,Female,Los Angeles,West,SMB
CUST-1660,47,36-50,Male,New York,North East,Consumer Budget
CUST-4349,27,26-35,Male,San Francisco,West,Consumer Premium
CUST-6922,44,36-50,Female,San Francisco,West,B2B Enterprise
CUST-3688,32,26-35,Male,Los Angeles,West,B2B Enterprise
CUST-8854,24,18-25,Male,Dallas,South,Consumer Premium
CUST-5710,46,36-50,Female,Chicago,Midwest,Consumer Budget
CUST-3979,37,36-50,Male,Minneapolis,Midwest,SMB
CUST-1980,30,26-35,Female,Seattle,West,Consumer Budget
CUST-5552,34,26-35,Male,San Francisco,West,SMB
CUST-1447,26,26-35,Female,Atlanta,South,SMB
CUST-8574,47,36-50,Female,Seattle,West,Consumer Premium
CUST-7848,30,26-35,Female,Seattle,West,Consumer Premium
CUST-3833,21,18-25,Male,Detroit,Midwest,Consumer Budget
CUST-5155,52,51-65,Female,Minneapolis,Midwest,Consumer Premium
CUST-6845,39,36-50,Male,New York,North East,Consumer Budget
CUST-9775,54,51-65,Male,San Francisco,West,SMB
CUST-4030,53,51-65,Female,Seattle,West,Consumer Budget
CUST-9718,51,51-65,Male,Dallas,South,Consumer Premium
CUST-2826,53,51-65,Male,Seattle,West,SMB
CUST-3367,58,51-65,Female,Minneapolis,Midwest,Consumer Premium
CUST-6440,54,51-65,Male,Minneapolis,Midwest,B2B Enterprise
CUST-1121,18,18-25,Male,Atlanta,South,Consumer Premium
CUST-5497,39,36-50,Male,Boston,North East,Consumer Budget
CUST-5901,31,26-35,Male,Dallas,South,SMB
CUST-6684,34,26-35,Female,Chicago,Midwest,SMB
CUST-6037,39,36-50,Female,Detroit,Midwest,Consumer Budget
CUST-3430,48,36-50,Male,Dallas,South,Consumer Premium
CUST-9491,45,36-50,Female,Seattle,West,Consumer Premium
CUST-9520,43,36-50,Female,Philadelphia,North East,B2B Enterprise
CUST-5290,19,18-25,Female,Seattle,West,Consumer Premium
CUST-2657,20,18-25,Female,San Francisco,West,B2B Enterprise
CUST-1801,22,18-25,Male,Dallas,South,B2B Enterprise
CUST-5863,51,51-65,Male,Los Angeles,West,SMB
CUST-8362,56,51-65,Male,Chicago,Midwest,SMB
CUST-6483,50,36-50,Female,Atlanta,South,SMB
CUST-3652,32,26-35,Female,Miami,South,B2B Enterprise
CUST-7141,40,36-50,Male,Detroit,Midwest,Consumer Budget
CUST-6521,47,36-50,Male,Minneapolis,Midwest,Consumer Budget
CUST-2366,44,36-50,Male,Minneapolis,Midwest,SMB
CUST-3448,29,26-35,Female,Seattle,West,Consumer Premium
CUST-4966,31,26-35,Male,Minneapolis,Midwest,Consumer Premium
CUST-9041,45,36-50,Male,Boston,North East,SMB
CUST-1228,22,18-25,Female,Dallas,South,Consumer Premium
CUST-8797,40,36-50,Male,Boston,North East,SMB
CUST-1441,58,51-65,Female,San Francisco,West,Consumer Premium
CUST-4767,33,26-35,Female,San Francisco,West,Consumer Budget
CUST-1095,34,26-35,Male,Minneapolis,Midwest,SMB
CUST-1826,31,26-35,Male,Los Angeles,West,Consumer Budget
CUST-2172,22,18-25,Male,San Francisco,West,Consumer Premium
CUST-3419,26,26-35,Female,Chicago,Midwest,SMB
CUST-5266,29,26-35,Female,Chicago,Midwest,B2B Enterprise
CUST-2491,46,36-50,Female,Philadelphia,North East,Consumer Premium
CUST-7952,56,51-65,Male,San Francisco,West,Consumer Premium
CUST-6689,47,36-50,Female,Seattle,West,SMB
CUST-6343,30,26-35,Male,New York,North East,Consumer Premium
CUST-2896,23,18-25,Female,Atlanta,South,Consumer Budget
CUST-3308,29,26-35,Female,Los Angeles,West,SMB
CUST-7861,42,36-50,Female,Miami,South,Consumer Premium
CUST-5713,32,26-35,Female,Miami,South,B2B Enterprise
CUST-8097,39,36-50,Female,San Francisco,West,B2B Enterprise
CUST-4141,56,51-65,Female,Dallas,South,Consumer Premium
CUST-7393,31,26-35,Male,San Francisco,West,B2B Enterprise
CUST-1386,30,26-35,Female,Detroit,Midwest,Consumer Premium
CUST-8189,41,36-50,Male,Miami,South,Consumer Premium
CUST-9725,30,26-35,Female,San Francisco,West,Consumer Budget
CUST-9932,31,26-35,Female,Boston,North East,Consumer Premium
CUST-3198,33,26-35,Female,Los Angeles,West,Consumer Premium
CUST-9446,27,26-35,Male,Seattle,West,Consumer Premium
CUST-8242,31,26-35,Female,Atlanta,South,SMB
CUST-3456,45,36-50,Female,Atlanta,South,Consumer Budget
CUST-6642,52,51-65,Female,Detroit,Midwest,Consumer Budget
CUST-5577,41,36-50,Male,Chicago,Midwest,B2B Enterprise
CUST-3730,31,26-35,Female,Boston,North East,Consumer Budget
CUST-9374,39,36-50,Male,Minneapolis,Midwest,SMB
CUST-8637,55,51-65,Non-Binary,Boston,North East,B2B Enterprise
CUST-4327,40,36-50,Female,Detroit,Midwest,SMB
CUST-6915,37,36-50,Female,Philadelphia,North East,SMB
CUST-6668,47,36-50,Non-Binary,Chicago,Midwest,SMB
CUST-3722,43,36-50,Male,Minneapolis,Midwest,SMB
CUST-7661,34,26-35,Male,Philadelphia,North East,B2B Enterprise
CUST-8296,58,51-65,Male,Atlanta,South,Consumer Budget
CUST-1461,50,36-50,Male,Miami,South,Consumer Budget
CUST-1253,39,36-50,Male,Los Angeles,West,SMB
CUST-8043,46,36-50,Female,Los Angeles,West,B2B Enterprise
CUST-3003,18,18-25,Male,Philadelphia,North East,Consumer Budget
CUST-1674,38,36-50,Male,Seattle,West,Consumer Premium
CUST-5245,24,18-25,Non-Binary,New York,North East,Consumer Premium
CUST-8532,46,36-50,Female,Boston,North East,SMB
CUST-3894,33,26-35,Female,Miami,South,Consumer Premium
CUST-7124,41,36-50,Male,Minneapolis,Midwest,Consumer Budget
CUST-1587,26,26-35,Male,Seattle,West,Consumer Premium
CUST-6564,52,51-65,Female,Miami,South,Consumer Budget
CUST-2378,33,26-35,Male,Dallas,South,SMB
CUST-5351,54,51-65,Female,Minneapolis,Midwest,Consumer Budget
CUST-2450,52,51-65,Male,Detroit,Midwest,B2B Enterprise
CUST-5847,47,36-50,Male,Minneapolis,Midwest,Consumer Budget
CUST-4374,49,36-50,Other,New York,North East,SMB
CUST-9683,24,18-25,Female,Boston,North East,Consumer Premium
CUST-5960,27,26-35,Female,Philadelphia,North East,B2B Enterprise
CUST-1597,42,36-50,Male,New York,North East,SMB
CUST-2693,25,18-25,Female,Atlanta,South,Consumer Budget
CUST-9866,25,18-25,Female,Miami,South,Consumer Budget
CUST-1603,55,51-65,Female,Minneapolis,Midwest,Consumer Budget
CUST-3781,37,36-50,Male,Chicago,Midwest,B2B Enterprise
CUST-3937,35,26-35,Male,Los Angeles,West,Consumer Premium
CUST-2929,36,36-50,Female,Minneapolis,Midwest,Consumer Premium
CUST-6807,18,18-25,Male,Miami,South,Consumer Budget
CUST-8633,39,36-50,Female,Minneapolis,Midwest,B2B Enterprise
CUST-5143,42,36-50,Male,New York,North East,B2B Enterprise
CUST-3668,57,51-65,Female,San Francisco,West,Consumer Premium
CUST-3506,34,26-35,Male,San Francisco,West,SMB
CUST-6416,40,36-50,Male,New York,North East,B2B Enterprise
CUST-6556,36,36-50,Male,Philadelphia,North East,SMB
CUST-1303,33,26-35,Female,Minneapolis,Midwest,SMB
CUST-8231,56,51-65,Female,Los Angeles,West,Consumer Budget
CUST-2050,37,36-50,Male,Dallas,South,SMB
CUST-1185,32,26-35,Female,Philadelphia,North East,Consumer Budget
CUST-1167,33,26-35,Male,New York,North East,Consumer Budget
CUST-1675,25,18-25,Male,Philadelphia,North East,SMB
CUST-9739,27,26-35,Female,Detroit,Midwest,SMB
CUST-8607,37,36-50,Male,Minneapolis,Midwest,B2B Enterprise
CUST-2574,43,36-50,Female,Los Angeles,West,SMB
CUST-4154,18,18-25,Female,Los Angeles,West,Consumer Budget
CUST-3884,20,18-25,Female,Dallas,South,Consumer Budget
CUST-2633,25,18-25,Male,Dallas,South,SMB
CUST-8799,47,36-50,Female,Miami,South,SMB
CUST-6613,27,26-35,Male,Atlanta,South,Consumer Budget
CUST-6780,27,26-35,Female,Dallas,South,Consumer Budget
CUST-1762,34,26-35,Male,Miami,South,Consumer Premium
CUST-8128,18,18-25,Female,Detroit,Midwest,Consumer Premium
CUST-5907,27,26-35,Male,Minneapolis,Midwest,SMB
CUST-7751,39,36-50,Male,Dallas,South,Consumer Premium
CUST-7217,61,51-65,Female,San Francisco,West,Consumer Budget
CUST-7520,28,26-35,Female,Atlanta,South,B2B Enterprise
CUST-1096,29,26-35,Male,Boston,North East,Consumer Budget
CUST-7170,27,26-35,Male,Minneapolis,Midwest,Consumer Premium
CUST-5873,46,36-50,Male,Seattle,West,SMB
CUST-8719,26,26-35,Male,Dallas,South,Consumer Premium
CUST-8996,32,26-35,Female,New York,North East,Consumer Budget
CUST-3775,30,26-35,Female,Boston,North East,Consumer Premium
CUST-2960,18,18-25,Male,San Francisco,West,SMB
CUST-8696,58,51-65,Female,Seattle,West,Consumer Premium
CUST-4286,37,36-50,Male,Los Angeles,West,Consumer Budget
CUST-2951,25,18-25,Female,Miami,South,B2B Enterprise
CUST-4043,26,26-35,Male,San Francisco,West,B2B Enterprise
CUST-9342,41,36-50,Male,Detroit,Midwest,B2B Enterprise
CUST-2959,36,36-50,Male,Philadelphia,North East,Consumer Budget
CUST-2612,40,36-50,Female,New York,North East,Consumer Budget
CUST-1782,31,26-35,Female,Atlanta,South,Consumer Premium
CUST-6594,48,36-50,Female,Atlanta,South,Consumer Budget
CUST-7799,30,26-35,Male,Boston,North East,Consumer Budget
CUST-7011,37,36-50,Female,Boston,North East,Consumer Budget
CUST-7083,30,26-35,Male,San Francisco,West,SMB
CUST-7155,35,26-35,Female,San Francisco,West,Consumer Budget
CUST-6168,52,51-65,Female,Detroit,Midwest,Consumer Budget
CUST-6659,30,26-35,Male,Atlanta,South,Consumer Premium
CUST-8640,44,36-50,Female,Los Angeles,West,Consumer Budget
CUST-5942,34,26-35,Male,Seattle,West,Consumer Premium
CUST-5930,22,18-25,Male,Minneapolis,Midwest,Consumer Budget
CUST-6025,38,36-50,Female,Atlanta,South,B2B Enterprise
CUST-4260,43,36-50,Female,Detroit,Midwest,Consumer Budget
CUST-5711,34,26-35,Female,Chicago,Midwest,Consumer Budget
CUST-5934,18,18-25,Male,Miami,South,Consumer Budget
CUST-3178,23,18-25,Male,Detroit,Midwest,SMB
CUST-6690,33,26-35,Male,Detroit,Midwest,SMB
CUST-6449,59,51-65,Female,New York,North East,Consumer Budget
CUST-5211,53,51-65,Male,Chicago,Midwest,Consumer Budget
CUST-8427,24,18-25,Female,Philadelphia,North East,Consumer Premium
CUST-5323,18,18-25,Male,Minneapolis,Midwest,SMB
CUST-6749,34,26-35,Female,Dallas,South,Consumer Budget
CUST-6865,22,18-25,Male,Chicago,Midwest,Consumer Budget
CUST-3450,53,51-65,Male,Miami,South,B2B Enterprise
CUST-8163,37,36-50,Male,Minneapolis,Midwest,Consumer Budget
CUST-5874,30,26-35,Female,New York,North East,Consumer Premium
CUST-8677,32,26-35,Female,Atlanta,South,SMB
CUST-2329,30,26-35,Female,San Francisco,West,SMB
CUST-1199,49,36-50,Female,Minneapolis,Midwest,SMB
CUST-7916,42,36-50,Male,Philadelphia,North East,Consumer Premium
CUST-7747,50,36-50,Male,Seattle,West,Consumer Premium
CUST-4179,46,36-50,Male,Atlanta,South,SMB
CUST-9713,38,36-50,Male,New York,North East,Consumer Premium
CUST-4908,29,26-35,Male,New York,North East,SMB
CUST-1086,26,26-35,Female,Boston,North East,SMB
CUST-6815,44,36-50,Female,Miami,South,Consumer Budget
CUST-6667,51,51-65,Male,San Francisco,West,B2B Enterprise
CUST-2068,52,51-65,Male,Boston,North East,Consumer Premium
CUST-7266,44,36-50,Male,Dallas,South,Consumer Budget
CUST-9867,26,26-35,Male,Detroit,Midwest,Consumer Budget
CUST-9872,53,51-65,Male,Philadelphia,North East,Consumer Budget
CUST-3464,52,51-65,Female,Philadelphia,North East,Consumer Budget
CUST-6376,38,36-50,Female,Boston,North East,SMB
CUST-8758,42,36-50,Female,New York,North East,Consumer Budget
CUST-5343,30,26-35,Other,Boston,North East,Consumer Budget
CUST-6515,53,51-65,Female,Chicago,Midwest,SMB
CUST-9441,27,26-35,Female,Minneapolis,Midwest,SMB
CUST-4199,39,36-50,Male,Dallas,South,SMB
CUST-2039,43,36-50,Male,Detroit,Midwest,Consumer Premium
CUST-6839,60,51-65,Non-Binary,Detroit,Midwest,Consumer Premium
CUST-1895,32,26-35,Male,New York,North East,Consumer Budget
CUST-7057,20,18-25,Female,Dallas,South,Consumer Premium
CUST-4391,19,18-25,Female,Boston,North East,Consumer Budget
CUST-2355,38,36-50,Female,Dallas,South,Consumer Premium
CUST-1897,46,36-50,Male,Philadelphia,North East,Consumer Premium
CUST-2802,46,36-50,Female,Seattle,West,Consumer Premium
CUST-2225,18,18-25,Female,New York,North East,Consumer Budget
CUST-9098,39,36-50,Male,Los Angeles,West,Consumer Premium
CUST-8934,49,36-50,Female,Dallas,South,Consumer Budget
CUST-4873,46,36-50,Male,Miami,South,Consumer Budget
CUST-9930,51,51-65,Male,Philadelphia,North East,SMB
CUST-3144,46,36-50,Male,Seattle,West,SMB
CUST-7481,66,65+,Female,Seattle,West,SMB
CUST-1427,18,18-25,Male,Chicago,Midwest,SMB
CUST-6268,36,36-50,Female,Philadelphia,North East,SMB
CUST-4148,34,26-35,Male,New York,North East,B2B Enterprise
CUST-7944,37,36-50,Male,Minneapolis,Midwest,Consumer Premium
CUST-3876,34,26-35,Female,New York,North East,SMB
CUST-1428,28,26-35,Female,New York,North East,SMB
CUST-9054,26,26-35,Female,Dallas,South,SMB
CUST-9974,30,26-35,Female,Seattle,West,B2B Enterprise
CUST-7097,51,51-65,Female,Boston,North East,B2B Enterprise
CUST-4758,42,36-50,Female,San Francisco,West,Consumer Premium
CUST-5137,26,26-35,Female,Detroit,Midwest,SMB
CUST-7470,37,36-50,Female,Los Angeles,West,B2B Enterprise
CUST-1693,44,36-50,Female,Detroit,Midwest,Consumer Budget
CUST-9293,34,26-35,Female,Seattle,West,Consumer Premium
CUST-8393,39,36-50,Female,Miami,South,Consumer Budget
CUST-5159,51,51-65,Male,Miami,South,Consumer Budget
CUST-2198,54,51-65,Female,Detroit,Midwest,Consumer Premium
CUST-7562,23,18-25,Male,Chicago,Midwest,Consumer Budget
CUST-3347,32,26-35,Male,Seattle,West,Consumer Budget
CUST-2845,40,36-50,Female,Miami,South,SMB
CUST-3743,33,26-35,Female,Seattle,West,SMB
CUST-5614,26,26-35,Female,Los Angeles,West,Consumer Budget
CUST-7259,40,36-50,Male,Philadelphia,North East,Consumer Premium
CUST-5097,18,18-25,Male,New York,North East,SMB
CUST-7577,61,51-65,Female,Chicago,Midwest,SMB
CUST-7548,57,51-65,Non-Binary,Dallas,South,Consumer Premium
CUST-8204,55,51-65,Female,Seattle,West,B2B Enterprise
CUST-7414,41,36-50,Female,Seattle,West,B2B Enterprise
CUST-1445,31,26-35,Male,Miami,South,SMB
CUST-3385,49,36-50,Male,Los Angeles,West,Consumer Budget
CUST-7926,45,36-50,Male,Boston,North East,SMB
CUST-5455,29,26-35,Male,Chicago,Midwest,Consumer Premium
CUST-4620,41,36-50,Male,Chicago,Midwest,Consumer Premium
CUST-9759,33,26-35,Male,New York,North East,SMB
CUST-4248,44,36-50,Female,Minneapolis,Midwest,Consumer Budget
CUST-2812,35,26-35,Female,New York,North East,B2B Enterprise
CUST-5921,60,51-65,Male,Miami,South,Consumer Premium
CUST-9774,33,26-35,Male,Miami,South,Consumer Premium
CUST-6593,42,36-50,Female,Boston,North East,SMB
CUST-1264,34,26-35,Female,Atlanta,South,SMB
CUST-7136,39,36-50,Female,Dallas,South,Consumer Budget
CUST-6767,37,36-50,Female,Minneapolis,Midwest,Consumer Premium
CUST-3917,31,26-35,Female,San Francisco,West,Consumer Budget
CUST-2853,53,51-65,Male,Detroit,Midwest,SMB
CUST-1097,18,18-25,Female,Dallas,South,Consumer Budget
CUST-8988,34,26-35,Male,Philadelphia,North East,Consumer Budget
CUST-6160,45,36-50,Male,Atlanta,South,B2B Enterprise
CUST-9227,39,36-50,Female,Philadelphia,North East,Consumer Premium
CUST-8203,42,36-50,Male,San Francisco,West,Consumer Premium
CUST-9927,22,18-25,Male,Dallas,South,Consumer Premium
CUST-4000,27,26-35,Other,Minneapolis,Midwest,Consumer Premium
CUST-9237,31,26-35,Female,Chicago,Midwest,SMB
CUST-5055,27,26-35,Male,Dallas,South,Consumer Budget
CUST-8914,38,36-50,Female,Los Angeles,West,SMB
CUST-4125,43,36-50,Male,Dallas,South,Consumer Premium
CUST-6561,50,36-50,Male,San Francisco,West,Consumer Premium
CUST-1832,43,36-50,Male,Atlanta,South,Consumer Budget
CUST-1192,39,36-50,Female,New York,North East,SMB
CUST-6886,47,36-50,Female,Dallas,South,SMB
CUST-5114,40,36-50,Male,Dallas,South,Consumer Budget
CUST-6849,33,26-35,Female,Detroit,Midwest,SMB
CUST-7127,30,26-35,Male,San Francisco,West,Consumer Budget
CUST-3368,31,26-35,Male,Seattle,West,Consumer Budget
CUST-7505,25,18-25,Female,Los Angeles,West,Consumer Premium
CUST-6686,20,18-25,Female,Detroit,Midwest,Consumer Premium
CUST-3528,31,26-35,Female,Dallas,South,SMB
CUST-7165,27,26-35,Male,Atlanta,South,SMB
CUST-4517,40,36-50,Female,Philadelphia,North East,B2B Enterprise
CUST-6969,58,51-65,Male,San Francisco,West,Consumer Premium
CUST-9429,33,26-35,Non-Binary,Chicago,Midwest,Consumer Budget
CUST-4680,61,51-65,Female,San Francisco,West,Consumer Premium
CUST-2088,34,26-35,Female,Philadelphia,North East,B2B Enterprise
CUST-7451,48,36-50,Female,Minneapolis,Midwest,Consumer Budget
CUST-7664,29,26-35,Male,San Francisco,West,Consumer Budget
CUST-8977,46,36-50,Female,Philadelphia,North East,SMB
CUST-2610,43,36-50,Female,Seattle,West,B2B Enterprise
CUST-7420,44,36-50,Male,New York,North East,B2B Enterprise
CUST-4234,48,36-50,Female,Atlanta,South,SMB
CUST-2388,47,36-50,Female,San Francisco,West,SMB
CUST-5672,22,18-25,Male,Detroit,Midwest,Consumer Budget
CUST-4008,43,36-50,Male,Philadelphia,North East,Consumer Budget
CUST-2542,25,18-25,Male,Chicago,Midwest,SMB
CUST-1527,43,36-50,Male,Detroit,Midwest,Consumer Premium
CUST-3902,45,36-50,Female,Atlanta,South,Consumer Premium
CUST-7245,33,26-35,Female,Philadelphia,North East,Consumer Budget
CUST-5391,56,51-65,Female,Minneapolis,Midwest,Consumer Budget
CUST-5950,33,26-35,Male,Dallas,South,Consumer Premium
CUST-1017,31,26-35,Male,Chicago,Midwest,SMB
CUST-5165,27,26-35,Other,Dallas,South,Consumer Premium
CUST-4722,39,36-50,Female,San Francisco,West,Consumer Budget
CUST-5426,34,26-35,Male,Chicago,Midwest,Consumer Budget
CUST-6719,27,26-35,Male,Miami,South,SMB
CUST-4270,42,36-50,Female,Seattle,West,B2B Enterprise
CUST-4915,36,36-50,Male,Philadelphia,North East,Consumer Budget
CUST-1506,35,26-35,Male,Miami,South,Consumer Budget
CUST-4901,40,36-50,Female,New York,North East,SMB
CUST-5484,26,26-35,Male,Philadelphia,North East,SMB
CUST-3537,45,36-50,Female,Detroit,Midwest,Consumer Premium
CUST-2127,37,36-50,Male,Detroit,Midwest,Consumer Premium
CUST-8444,40,36-50,Male,San Francisco,West,Consumer Premium
CUST-3877,33,26-35,Male,New York,North East,SMB
CUST-8478,29,26-35,Female,San Francisco,West,Consumer Budget
CUST-8939,18,18-25,Female,Minneapolis,Midwest,B2B Enterprise
CUST-2034,38,36-50,Female,San Francisco,West,Consumer Budget
CUST-5519,64,51-65,Male,Philadelphia,North East,SMB
CUST-8753,31,26-35,Male,Los Angeles,West,SMB
CUST-3403,36,36-50,Female,Minneapolis,Midwest,Consumer Premium
CUST-9192,75,65+,Female,Detroit,Midwest,SMB
CUST-5761,42,36-50,Male,San Francisco,West,B2B Enterprise
CUST-3205,35,26-35,Female,Detroit,Midwest,SMB
CUST-3517,18,18-25,Female,Minneapolis,Midwest,B2B Enterprise
CUST-3386,61,51-65,Male,Boston,North East,Consumer Premium
CUST-2054,28,26-35,Female,San Francisco,West,B2B Enterprise
CUST-1743,65,51-65,Female,Boston,North East,Consumer Budget
CUST-2939,48,36-50,Female,Chicago,Midwest,Consumer Premium
CUST-1148,23,18-25,Female,Dallas,South,SMB
CUST-6159,32,26-35,Male,Atlanta,South,Consumer Budget
CUST-5537,52,51-65,Male,Chicago,Midwest,Consumer Budget
CUST-5589,60,51-65,Female,San Francisco,West,SMB
CUST-9646,52,51-65,Female,Boston,North East,B2B Enterprise
CUST-3049,18,18-25,Other,San Francisco,West,Consumer Budget
CUST-3036,44,36-50,Male,Dallas,South,SMB
CUST-6496,41,36-50,Female,Los Angeles,West,Consumer Budget
CUST-2567,33,26-35,Male,Chicago,Midwest,Consumer Premium
CUST-2217,54,51-65,Non-Binary,Miami,South,SMB
CUST-8779,48,36-50,Male,Minneapolis,Midwest,Consumer Premium
CUST-9081,27,26-35,Male,Philadelphia,North East,SMB
CUST-6161,18,18-25,Female,Detroit,Midwest,SMB
CUST-5512,50,36-50,Female,Seattle,West,Consumer Premium
CUST-9009,33,26-35,Male,Atlanta,South,Consumer Budget
CUST-7695,33,26-35,Male,Philadelphia,North East,Consumer Premium
CUST-9333,55,51-65,Female,Detroit,Midwest,SMB
CUST-6436,63,51-65,Male,Los Angeles,West,Consumer Budget
CUST-7652,42,36-50,Male,New York,North East,B2B Enterprise
CUST-4445,43,36-50,Female,Dallas,South,B2B Enterprise
CUST-5306,41,36-50,Female,Los Angeles,West,Consumer Budget
CUST-3160,35,26-35,Female,Minneapolis,Midwest,Consumer Budget
CUST-9708,36,36-50,Female,Miami,South,Consumer Budget
CUST-7351,48,36-50,Female,Atlanta,South,SMB
CUST-6218,32,26-35,Female,Atlanta,South,Consumer Budget
CUST-1878,40,36-50,Female,Boston,North East,Consumer Budget
CUST-6671,51,51-65,Male,Miami,South,SMB
CUST-9078,36,36-50,Male,Atlanta,South,Consumer Premium
CUST-1210,23,18-25,Male,Philadelphia,North East,Consumer Budget
CUST-1028,28,26-35,Male,Seattle,West,SMB
CUST-1412,44,36-50,Female,Detroit,Midwest,Consumer Budget
CUST-4854,30,26-35,Male,Atlanta,South,Consumer Budget
CUST-9200,36,36-50,Female,Boston,North East,Consumer Premium
CUST-3952,49,36-50,Female,Los Angeles,West,SMB
CUST-9641,26,26-35,Female,Boston,North East,B2B Enterprise
CUST-6243,24,18-25,Male,Seattle,West,SMB
CUST-5702,33,26-35,Female,Chicago,Midwest,SMB
CUST-3273,40,36-50,Female,Detroit,Midwest,Consumer Budget
CUST-9142,20,18-25,Male,Dallas,South,B2B Enterprise
CUST-5368,47,36-50,Female,Seattle,West,B2B Enterprise
CUST-8360,33,26-35,Female,San Francisco,West,Consumer Premium
CUST-3895,24,18-25,Female,Chicago,Midwest,B2B Enterprise
CUST-7951,19,18-25,Other,Chicago,Midwest,SMB
CUST-1271,21,18-25,Female,Minneapolis,Midwest,SMB
CUST-5032,33,26-35,Female,Los Angeles,West,SMB
CUST-4221,40,36-50,Non-Binary,Miami,South,SMB
CUST-9609,41,36-50,Male,Seattle,West,Consumer Premium
CUST-3053,57,51-65,Female,Minneapolis,Midwest,Consumer Premium
CUST-4903,27,26-35,Male,Philadelphia,North East,B2B Enterprise
CUST-7635,59,51-65,Male,Dallas,South,B2B Enterprise
CUST-3769,47,36-50,Female,San Francisco,West,Consumer Premium
CUST-9390,19,18-25,Male,New York,North East,Consumer Budget
CUST-4693,27,26-35,Female,Detroit,Midwest,Consumer Budget
CUST-7140,41,36-50,Other,Chicago,Midwest,SMB
CUST-3019,50,36-50,Male,Philadelphia,North East,SMB
CUST-7737,55,51-65,Male,Seattle,West,Consumer Budget
CUST-1490,71,65+,Non-Binary,Seattle,West,SMB
CUST-1768,30,26-35,Male,Atlanta,South,SMB
CUST-6711,35,26-35,Female,Dallas,South,Consumer Budget
CUST-8700,62,51-65,Female,Boston,North East,Consumer Premium
CUST-6477,18,18-25,Male,San Francisco,West,SMB
CUST-4380,18,18-25,Female,Dallas,South,Consumer Budget
CUST-7963,42,36-50,Male,New York,North East,SMB
CUST-8256,36,36-50,Female,Chicago,Midwest,SMB
CUST-2576,28,26-35,Male,Detroit,Midwest,B2B Enterprise
CUST-3779,31,26-35,Male,Atlanta,South,Consumer Budget
CUST-8680,23,18-25,Male,Seattle,West,Consumer Budget
CUST-1257,29,26-35,Female,Detroit,Midwest,Consumer Budget
CUST-1196,21,18-25,Male,Minneapolis,Midwest,B2B Enterprise
CUST-5983,48,36-50,Male,Dallas,South,Consumer Budget
CUST-6513,49,36-50,Female,Los Angeles,West,SMB
CUST-3197,38,36-50,Male,Miami,South,SMB
CUST-6120,44,36-50,Male,Miami,South,SMB
CUST-3563,49,36-50,Female,Seattle,West,Consumer Budget
CUST-5336,35,26-35,Non-Binary,Atlanta,South,Consumer Budget
CUST-7279,18,18-25,Male,Philadelphia,North East,B2B Enterprise
CUST-4520,41,36-50,Female,Los Angeles,West,Consumer Premium
CUST-1169,39,36-50,Female,Chicago,Midwest,Consumer Budget
CUST-7366,28,26-35,Female,Seattle,West,Consumer Budget
CUST-2638,29,26-35,Male,Philadelphia,North East,Consumer Budget
CUST-9990,30,26-35,Male,Seattle,West,Consumer Budget
CUST-2415,32,26-35,Female,Boston,North East,Consumer Budget
CUST-2586,26,26-35,Female,Philadelphia,North East,Consumer Budget
CUST-8191,39,36-50,Male,San Francisco,West,SMB
CUST-2184,43,36-50,Male,Dallas,South,Consumer Budget
CUST-8865,35,26-35,Male,San Francisco,West,Consumer Budget
CUST-4663,19,18-25,Male,San Francisco,West,SMB
CUST-8229,45,36-50,Female,Seattle,West,Consumer Budget
CUST-4289,26,26-35,Female,Los Angeles,West,Consumer Budget
CUST-5795,51,51-65,Female,Detroit,Midwest,SMB
CUST-9136,29,26-35,Female,Detroit,Midwest,SMB
CUST-2461,54,51-65,Male,New York,North East,B2B Enterprise
CUST-3976,60,51-65,Female,Dallas,South,Consumer Premium
CUST-6545,27,26-35,Male,Minneapolis,Midwest,Consumer Premium
CUST-1472,42,36-50,Female,Miami,South,Consumer Premium
CUST-4861,40,36-50,Female,Seattle,West,B2B Enterprise
CUST-2986,52,51-65,Male,Seattle,West,SMB
CUST-8531,33,26-35,Female,Philadelphia,North East,Consumer Premium
CUST-1677,41,36-50,Female,Seattle,West,Consumer Premium
CUST-9369,51,51-65,Female,Boston,North East,B2B Enterprise
CUST-4856,46,36-50,Male,Atlanta,South,Consumer Budget
CUST-5994,54,51-65,Male,Miami,South,B2B Enterprise
CUST-3297,34,26-35,Male,Philadelphia,North East,B2B Enterprise
CUST-2277,41,36-50,Male,Philadelphia,North East,SMB
CUST-8652,22,18-25,Male,Boston,North East,SMB
CUST-1402,51,51-65,Male,San Francisco,West,Consumer Budget
CUST-2076,46,36-50,Female,Atlanta,South,SMB
CUST-8111,41,36-50,Male,New York,North East,SMB
CUST-9356,43,36-50,Female,San Francisco,West,B2B Enterprise
CUST-6154,59,51-65,Male,San Francisco,West,B2B Enterprise
CUST-4845,35,26-35,Male,Atlanta,South,Consumer Premium
CUST-8394,49,36-50,Male,San Francisco,West,Consumer Premium
CUST-3693,39,36-50,Female,Boston,North East,Consumer Premium
CUST-7929,55,51-65,Male,Boston,North East,SMB
CUST-6612,44,36-50,Male,Detroit,Midwest,B2B Enterprise
CUST-8997,60,51-65,Female,Philadelphia,North East,B2B Enterprise
CUST-8976,25,18-25,Male,Seattle,West,SMB
CUST-7525,44,36-50,Male,Philadelphia,North East,SMB
CUST-7112,35,26-35,Female,Detroit,Midwest,B2B Enterprise
CUST-2686,42,36-50,Male,New York,North East,SMB
CUST-2828,27,26-35,Male,Seattle,West,Consumer Budget
CUST-9986,48,36-50,Male,Dallas,South,SMB
CUST-5370,26,26-35,Female,Chicago,Midwest,Consumer Budget
CUST-3095,41,36-50,Female,San Francisco,West,Consumer Premium
CUST-1043,47,36-50,Female,San Francisco,West,SMB
CUST-3857,25,18-25,Male,Miami,South,Consumer Budget
CUST-8834,28,26-35,Female,Los Angeles,West,B2B Enterprise
CUST-6651,39,36-50,Female,Los Angeles,West,SMB
CUST-1072,26,26-35,Male,Miami,South,Consumer Budget
CUST-7400,43,36-50,Male,Philadelphia,North East,SMB
CUST-7655,48,36-50,Female,Seattle,West,SMB
CUST-2117,25,18-25,Female,Philadelphia,North East,Consumer Premium
CUST-5240,53,51-65,Female,Minneapolis,Midwest,Consumer Budget
CUST-2472,45,36-50,Male,Minneapolis,Midwest,Consumer Premium
CUST-7643,39,36-50,Male,Miami,South,Consumer Premium
CUST-6150,40,36-50,Female,Detroit,Midwest,SMB
CUST-7103,48,36-50,Male,Detroit,Midwest,Consumer Budget
CUST-3951,53,51-65,Male,Chicago,Midwest,Consumer Premium
CUST-8577,55,51-65,Male,Miami,South,Consumer Budget
CUST-3396,29,26-35,Female,Los Angeles,West,Consumer Premium
CUST-4418,31,26-35,Female,San Francisco,West,SMB
CUST-1717,30,26-35,Other,Los Angeles,West,Consumer Premium
CUST-4730,19,18-25,Male,Chicago,Midwest,Consumer Premium
CUST-7654,57,51-65,Male,Seattle,West,Consumer Premium
CUST-8785,48,36-50,Male,New York,North East,SMB
CUST-7549,22,18-25,Male,San Francisco,West,Consumer Premium
CUST-2537,53,51-65,Male,San Francisco,West,SMB
CUST-8088,37,36-50,Non-Binary,Boston,North East,Consumer Premium
CUST-7240,56,51-65,Female,Chicago,Midwest,SMB
CUST-6610,30,26-35,Non-Binary,Philadelphia,North East,SMB
CUST-6522,25,18-25,Male,Seattle,West,Consumer Budget
CUST-3616,45,36-50,Male,Seattle,West,Consumer Premium
CUST-6280,27,26-35,Male,Miami,South,Consumer Budget
CUST-5507,22,18-25,Female,Minneapolis,Midwest,Consumer Budget
CUST-4229,59,51-65,Non-Binary,Dallas,South,Consumer Budget
CUST-4060,27,26-35,Male,Detroit,Midwest,Consumer Premium
CUST-8484,41,36-50,Male,Detroit,Midwest,SMB
CUST-9563,37,36-50,Female,Miami,South,SMB
CUST-8054,30,26-35,Male,Dallas,South,SMB
CUST-8161,44,36-50,Female,Atlanta,South,SMB
CUST-9423,42,36-50,Male,Philadelphia,North East,B2B Enterprise
CUST-1208,28,26-35,Male,Atlanta,South,Consumer Premium
CUST-9793,36,36-50,Male,Chicago,Midwest,SMB
CUST-2476,54,51-65,Male,Atlanta,South,Consumer Budget
CUST-4492,33,26-35,Other,Los Angeles,West,Consumer Premium
CUST-1031,35,26-35,Non-Binary,Dallas,South,Consumer Budget
CUST-7082,31,26-35,Female,Minneapolis,Midwest,SMB
CUST-1143,42,36-50,Male,Atlanta,South,Consumer Budget
CUST-7373,27,26-35,Male,Boston,North East,SMB
CUST-7051,28,26-35,Female,Miami,South,Consumer Premium
CUST-9101,46,36-50,Non-Binary,New York,North East,Consumer Premium
CUST-7730,36,36-50,Male,Atlanta,South,B2B Enterprise
CUST-7294,18,18-25,Male,Atlanta,South,Consumer Premium
CUST-5451,27,26-35,Female,Dallas,South,Consumer Budget
CUST-1624,43,36-50,Female,Detroit,Midwest,Consumer Premium
CUST-5886,23,18-25,Female,Chicago,Midwest,Consumer Budget
CUST-2239,29,26-35,Male,Minneapolis,Midwest,Consumer Budget
CUST-9845,30,26-35,Male,Minneapolis,Midwest,SMB
CUST-9875,58,51-65,Female,Chicago,Midwest,Consumer Budget
CUST-8780,37,36-50,Female,San Francisco,West,Consumer Premium
CUST-1140,24,18-25,Female,Dallas,South,SMB
CUST-1738,25,18-25,Female,Detroit,Midwest,Consumer Premium
CUST-6694,51,51-65,Male,Boston,North East,Consumer Budget
CUST-3538,26,26-35,Female,Chicago,Midwest,Consumer Budget
CUST-9329,18,18-25,Male,Minneapolis,Midwest,Consumer Budget
CUST-8737,43,36-50,Female,Philadelphia,North East,Consumer Premium
CUST-5386,47,36-50,Male,Atlanta,South,Consumer Budget
CUST-7210,38,36-50,Female,Minneapolis,Midwest,SMB
CUST-7696,22,18-25,Male,Miami,South,Consumer Budget
CUST-5829,33,26-35,Female,San Francisco,West,SMB
CUST-9498,37,36-50,Non-Binary,Philadelphia,North East,Consumer Budget
CUST-8361,65,51-65,Female,Dallas,South,Consumer Budget
CUST-5540,39,36-50,Male,Detroit,Midwest,Consumer Premium
CUST-9071,37,36-50,Male,San Francisco,West,SMB
CUST-2199,42,36-50,Female,Boston,North East,SMB
CUST-3051,43,36-50,Male,Atlanta,South,SMB
CUST-3757,60,51-65,Male,Minneapolis,Midwest,SMB
CUST-6912,30,26-35,Female,Atlanta,South,Consumer Premium
CUST-2202,27,26-35,Female,Miami,South,Consumer Premium
CUST-9938,53,51-65,Male,Boston,North East,Consumer Premium
CUST-7960,64,51-65,Female,Boston,North East,SMB
CUST-9958,42,36-50,Female,New York,North East,Consumer Premium
CUST-6931,53,51-65,Female,Los Angeles,West,Consumer Budget
CUST-2286,42,36-50,Male,Atlanta,South,Consumer Premium
CUST-4531,32,26-35,Female,Minneapolis,Midwest,SMB
CUST-1501,19,18-25,Female,Seattle,West,SMB
CUST-3966,46,36-50,Female,San Francisco,West,Consumer Budget
CUST-6315,53,51-65,Female,Atlanta,South,SMB
CUST-6928,22,18-25,Female,Detroit,Midwest,B2B Enterprise
CUST-5570,49,36-50,Male,San Francisco,West,Consumer Budget
CUST-8258,38,36-50,Male,Minneapolis,Midwest,Consumer Budget
CUST-3924,40,36-50,Female,Detroit,Midwest,Consumer Budget
CUST-1680,60,51-65,Male,New York,North East,Consumer Premium
CUST-4506,49,36-50,Male,Chicago,Midwest,Consumer Budget
CUST-7512,24,18-25,Female,New York,North East,Consumer Budget
CUST-8183,52,51-65,Male,Dallas,South,Consumer Budget
CUST-9584,36,36-50,Non-Binary,New York,North East,SMB
CUST-1081,29,26-35,Female,Minneapolis,Midwest,SMB
CUST-2963,64,51-65,Male,Dallas,South,SMB
CUST-7080,31,26-35,Male,New York,North East,Consumer Premium
CUST-7666,30,26-35,Male,Boston,North East,Consumer Budget
CUST-3397,44,36-50,Male,New York,North East,Consumer Premium
CUST-7368,56,51-65,Male,Chicago,Midwest,B2B Enterprise
CUST-9018,40,36-50,Female,Dallas,South,Consumer Budget
CUST-6738,43,36-50,Male,Chicago,Midwest,Consumer Premium
CUST-2725,29,26-35,Male,Dallas,South,SMB
CUST-9017,48,36-50,Other,San Francisco,West,SMB
CUST-3957,28,26-35,Female,Atlanta,South,Consumer Budget
CUST-7810,36,36-50,Female,San Francisco,West,SMB
CUST-9062,54,51-65,Female,Minneapolis,Midwest,SMB
CUST-3718,54,51-65,Female,Detroit,Midwest,Consumer Premium
CUST-8419,36,36-50,Other,San Francisco,West,SMB
CUST-2244,23,18-25,Female,Boston,North East,Consumer Budget
CUST-5991,52,51-65,Male,New York,North East,Consumer Budget
CUST-1977,26,26-35,Non-Binary,Chicago,Midwest,Consumer Budget
CUST-7161,71,65+,Male,Dallas,South,SMB
CUST-6704,37,36-50,Male,Miami,South,Consumer Budget
CUST-5832,38,36-50,Non-Binary,Philadelphia,North East,SMB
CUST-1531,47,36-50,Female,Detroit,Midwest,SMB
CUST-4158,30,26-35,Male,Miami,South,Consumer Budget
CUST-5106,28,26-35,Male,New York,North East,Consumer Premium
CUST-4341,23,18-25,Male,Seattle,West,SMB
CUST-9147,50,36-50,Male,Atlanta,South,SMB
CUST-8891,37,36-50,Male,Los Angeles,West,SMB
CUST-3590,31,26-35,Male,Boston,North East,SMB
CUST-4218,48,36-50,Female,Philadelphia,North East,B2B Enterprise
CUST-3243,29,26-35,Female,Minneapolis,Midwest,Consumer Budget
CUST-3012,51,51-65,Female,Atlanta,South,Consumer Budget
CUST-2635,46,36-50,Male,San Francisco,West,Consumer Premium
CUST-2710,49,36-50,Female,Dallas,South,SMB
CUST-3708,30,26-35,Male,Minneapolis,Midwest,Consumer Premium
CUST-9091,31,26-35,Female,New York,North East,B2B Enterprise
CUST-7631,55,51-65,Female,Philadelphia,North East,Consumer Premium
CUST-1165,36,36-50,Female,Seattle,West,Consumer Budget
CUST-9638,39,36-50,Male,San Francisco,West,Consumer Premium
CUST-2889,44,36-50,Male,Los Angeles,West,SMB
CUST-9623,28,26-35,Male,Atlanta,South,Consumer Budget
CUST-3511,58,51-65,Female,Chicago,Midwest,Consumer Premium
CUST-3479,35,26-35,Male,Dallas,South,Consumer Premium
CUST-4734,35,26-35,Female,Los Angeles,West,SMB
CUST-9591,34,26-35,Non-Binary,San Francisco,West,SMB
CUST-8673,18,18-25,Female,Atlanta,South,SMB
CUST-9513,33,26-35,Female,Boston,North East,SMB
CUST-8946,39,36-50,Male,Chicago,Midwest,SMB
CUST-4790,39,36-50,Male,Minneapolis,Midwest,B2B Enterprise
CUST-7250,67,65+,Female,Chicago,Midwest,Consumer Premium
CUST-1741,49,36-50,Male,Dallas,South,Consumer Budget
CUST-3436,44,36-50,Male,New York,North East,SMB
CUST-1350,27,26-35,Female,Detroit,Midwest,Consumer Premium
CUST-8712,27,26-35,Male,New York,North East,Consumer Premium
CUST-4237,28,26-35,Male,Los Angeles,West,Consumer Premium
CUST-2469,45,36-50,Male,Miami,South,SMB
CUST-3592,20,18-25,Male,Dallas,South,Consumer Premium
CUST-6277,43,36-50,Female,Los Angeles,West,Consumer Budget
CUST-5854,50,36-50,Male,New York,North East,Consumer Budget
CUST-6286,42,36-50,Female,Seattle,West,B2B Enterprise
CUST-4015,26,26-35,Male,Boston,North East,Consumer Premium
CUST-1862,36,36-50,Female,Chicago,Midwest,Consumer Premium
CUST-7618,28,26-35,Male,Philadelphia,North East,Consumer Budget
CUST-3841,43,36-50,Female,Atlanta,South,Consumer Premium
CUST-3372,23,18-25,Male,Dallas,South,SMB
CUST-8073,48,36-50,Female,Dallas,South,SMB
CUST-8990,57,51-65,Male,Philadelphia,North East,SMB
CUST-3778,29,26-35,Male,Minneapolis,Midwest,Consumer Budget
CUST-2902,50,36-50,Female,Boston,North East,SMB
CUST-6768,33,26-35,Male,Seattle,West,Consumer Premium
CUST-4716,44,36-50,Female,Philadelphia,North East,SMB
CUST-1526,50,36-50,Female,Chicago,Midwest,B2B Enterprise
CUST-7834,53,51-65,Male,Philadelphia,North East,Consumer Budget
CUST-5029,34,26-35,Female,Seattle,West,Consumer Premium
CUST-6001,32,26-35,Female,Atlanta,South,SMB
CUST-8038,31,26-35,Female,San Francisco,West,SMB
CUST-1922,60,51-65,Female,New York,North East,Consumer Premium
CUST-4940,28,26-35,Female,Los Angeles,West,SMB
CUST-3977,63,51-65,Female,Chicago,Midwest,SMB
CUST-9815,46,36-50,Male,Seattle,West,SMB
CUST-4610,53,51-65,Male,Detroit,Midwest,Consumer Premium
CUST-7473,24,18-25,Male,Dallas,South,SMB
CUST-6680,40,36-50,Male,Philadelphia,North East,SMB
CUST-7356,63,51-65,Female,Los Angeles,West,SMB
CUST-4576,57,51-65,Male,New York,North East,SMB
CUST-9555,54,51-65,Male,Detroit,Midwest,Consumer Premium
CUST-1578,39,36-50,Male,Philadelphia,North East,Consumer Budget
CUST-6806,49,36-50,Female,Philadelphia,North East,SMB
CUST-8195,36,36-50,Male,Los Angeles,West,Consumer Premium
CUST-6382,18,18-25,Female,Philadelphia,North East,Consumer Premium
CUST-7506,19,18-25,Male,San Francisco,West,Consumer Premium
CUST-7868,41,36-50,Female,New York,North East,SMB
CUST-3950,26,26-35,Male,Dallas,South,B2B Enterprise
CUST-3799,18,18-25,Male,Detroit,Midwest,SMB
CUST-9040,55,51-65,Non-Binary,Los Angeles,West,Consumer Premium
CUST-5505,38,36-50,Male,Minneapolis,Midwest,SMB
CUST-1626,36,36-50,Male,Boston,North East,SMB
CUST-3628,42,36-50,Female,Dallas,South,SMB
CUST-2005,18,18-25,Male,Boston,North East,SMB
CUST-9154,18,18-25,Non-Binary,Chicago,Midwest,Consumer Budget
CUST-2017,18,18-25,Male,Atlanta,South,Consumer Premium
CUST-6710,37,36-50,Female,Miami,South,Consumer Premium
CUST-4049,18,18-25,Male,San Francisco,West,SMB
CUST-2905,25,18-25,Male,Los Angeles,West,B2B Enterprise
CUST-4336,49,36-50,Female,Philadelphia,North East,SMB
CUST-9962,32,26-35,Male,Philadelphia,North East,SMB
CUST-3466,35,26-35,Male,Detroit,Midwest,SMB
CUST-1294,40,36-50,Female,Seattle,West,Consumer Premium
CUST-3990,30,26-35,Male,Boston,North East,Consumer Premium
CUST-8530,29,26-35,Male,Atlanta,South,SMB
CUST-9807,35,26-35,Female,Miami,South,SMB
CUST-4687,26,26-35,Female,Chicago,Midwest,Consumer Premium
CUST-2992,43,36-50,Female,San Francisco,West,SMB
CUST-2365,34,26-35,Male,Los Angeles,West,SMB
CUST-5925,49,36-50,Female,Atlanta,South,Consumer Budget
CUST-1200,36,36-50,Female,Atlanta,South,Consumer Premium
CUST-8706,26,26-35,Male,Los Angeles,West,Consumer Premium
CUST-8283,20,18-25,Male,Minneapolis,Midwest,Consumer Premium
CUST-5039,62,51-65,Male,Los Angeles,West,SMB
CUST-4360,42,36-50,Male,Chicago,Midwest,Consumer Premium
CUST-1114,37,36-50,Female,Chicago,Midwest,Consumer Premium
CUST-7823,18,18-25,Female,Atlanta,South,Consumer Budget
CUST-9373,46,36-50,Male,Boston,North East,SMB
CUST-4142,31,26-35,Female,Philadelphia,North East,SMB
CUST-4236,44,36-50,Female,Philadelphia,North East,Consumer Premium
CUST-6842,27,26-35,Male,Boston,North East,Consumer Budget
CUST-5796,33,26-35,Female,San Francisco,West,Consumer Premium
CUST-6765,57,51-65,Male,Dallas,South,SMB
CUST-8187,43,36-50,Female,Miami,South,B2B Enterprise
CUST-9226,45,36-50,Female,Los Angeles,West,Consumer Budget
CUST-4252,46,36-50,Male,New York,North East,SMB
CUST-8731,36,36-50,Female,San Francisco,West,B2B Enterprise
CUST-4755,20,18-25,Male,San Francisco,West,B2B Enterprise
CUST-3942,57,51-65,Male,Atlanta,South,Consumer Budget
CUST-8051,64,51-65,Female,Minneapolis,Midwest,B2B Enterprise
CUST-9433,18,18-25,Male,New York,North East,B2B Enterprise
CUST-5671,35,26-35,Female,Atlanta,South,B2B Enterprise
CUST-5293,24,18-25,Non-Binary,New York,North East,Consumer Budget
CUST-7968,54,51-65,Female,Detroit,Midwest,SMB
CUST-5152,18,18-25,Female,Philadelphia,North East,Consumer Premium
CUST-3749,39,36-50,Male,New York,North East,B2B Enterprise
CUST-6141,51,51-65,Male,Detroit,Midwest,Consumer Premium
CUST-9157,29,26-35,Female,New York,North East,SMB
CUST-7962,35,26-35,Female,Philadelphia,North East,Consumer Premium
CUST-8127,46,36-50,Male,Seattle,West,Consumer Budget
CUST-8389,40,36-50,Non-Binary,Miami,South,B2B Enterprise
CUST-3361,39,36-50,Female,Chicago,Midwest,Consumer Budget
CUST-8160,28,26-35,Male,San Francisco,West,SMB
CUST-8272,36,36-50,Female,Minneapolis,Midwest,Consumer Premium
CUST-7802,20,18-25,Male,Chicago,Midwest,SMB
CUST-5356,59,51-65,Female,Minneapolis,Midwest,Consumer Budget
CUST-9008,47,36-50,Other,Minneapolis,Midwest,SMB
CUST-9886,39,36-50,Female,Los Angeles,West,SMB
CUST-4586,55,51-65,Male,Dallas,South,SMB
CUST-9284,31,26-35,Male,Seattle,West,B2B Enterprise
CUST-7534,41,36-50,Male,Minneapolis,Midwest,SMB
CUST-3352,48,36-50,Female,Boston,North East,Consumer Budget
CUST-7229,36,36-50,Female,Philadelphia,North East,SMB
CUST-4802,28,26-35,Female,Chicago,Midwest,Consumer Premium
CUST-8466,46,36-50,Female,Philadelphia,North East,Consumer Premium
CUST-8860,37,36-50,Female,Dallas,South,SMB
CUST-6110,40,36-50,Female,Dallas,South,Consumer Premium
CUST-4032,49,36-50,Female,Detroit,Midwest,Consumer Premium
CUST-8209,44,36-50,Male,San Francisco,West,B2B Enterprise
CUST-1901,28,26-35,Female,Seattle,West,Consumer Budget
CUST-3043,50,36-50,Female,Minneapolis,Midwest,B2B Enterprise
CUST-8153,46,36-50,Female,New York,North East,SMB
CUST-8037,46,36-50,Male,San Francisco,West,Consumer Budget
CUST-5020,35,26-35,Male,Chicago,Midwest,Consumer Premium
CUST-3482,40,36-50,Male,Los Angeles,West,SMB
CUST-3440,27,26-35,Female,Philadelphia,North East,Consumer Budget
CUST-6186,26,26-35,Male,Minneapolis,Midwest,Consumer Premium
CUST-5192,42,36-50,Female,Boston,North East,Consumer Premium
CUST-8458,27,26-35,Female,San Francisco,West,SMB
CUST-9551,34,26-35,Female,Atlanta,South,SMB
CUST-1322,30,26-35,Non-Binary,Boston,North East,SMB
CUST-7852,37,36-50,Male,Miami,South,SMB
CUST-9465,53,51-65,Male,Seattle,West,SMB
CUST-4311,55,51-65,Female,Atlanta,South,B2B Enterprise
CUST-2867,69,65+,Male,Boston,North East,Consumer Premium
CUST-1431,18,18-25,Male,Minneapolis,Midwest,SMB
CUST-7901,25,18-25,Male,Detroit,Midwest,SMB
CUST-1872,36,36-50,Male,Chicago,Midwest,SMB
CUST-5894,37,36-50,Female,Miami,South,Consumer Premium
CUST-4167,22,18-25,Male,Philadelphia,North East,B2B Enterprise
CUST-3871,34,26-35,Female,Detroit,Midwest,Consumer Budget
CUST-3912,21,18-25,Female,Atlanta,South,B2B Enterprise
CUST-2422,32,26-35,Male,Boston,North East,Consumer Budget
CUST-7417,48,36-50,Female,Los Angeles,West,SMB
CUST-4920,47,36-50,Non-Binary,Detroit,Midwest,Consumer Premium
CUST-5169,43,36-50,Other,Los Angeles,West,Consumer Budget
CUST-1083,63,51-65,Male,Atlanta,South,Consumer Budget
CUST-6518,25,18-25,Male,Chicago,Midwest,Consumer Budget
CUST-5324,32,26-35,Female,Atlanta,South,Consumer Premium
CUST-1909,18,18-25,Male,San Francisco,West,Consumer Premium
CUST-5855,38,36-50,Male,Minneapolis,Midwest,Consumer Premium
CUST-9430,32,26-35,Male,Boston,North East,Consumer Premium
CUST-5787,28,26-35,Female,Atlanta,South,SMB
CUST-7432,33,26-35,Male,Atlanta,South,Consumer Budget
CUST-4124,37,36-50,Female,Detroit,Midwest,Consumer Premium
CUST-1475,46,36-50,Male,Los Angeles,West,SMB
CUST-8177,48,36-50,Female,Los Angeles,West,SMB
CUST-7437,34,26-35,Female,Seattle,West,B2B Enterprise
CUST-5307,41,36-50,Non-Binary,San Francisco,West,SMB
CUST-3565,39,36-50,Female,San Francisco,West,B2B Enterprise
CUST-2501,56,51-65,Male,Atlanta,South,Consumer Premium
CUST-1429,31,26-35,Female,Dallas,South,SMB
CUST-5410,19,18-25,Female,New York,North East,SMB
CUST-2777,40,36-50,Non-Binary,Miami,South,SMB
CUST-4402,30,26-35,Female,Dallas,South,B2B Enterprise
CUST-9618,35,26-35,Male,Philadelphia,North East,Consumer Premium
CUST-1830,20,18-25,Male,Dallas,South,SMB
CUST-9915,52,51-65,Male,Detroit,Midwest,SMB
CUST-3686,36,36-50,Male,Atlanta,South,SMB
CUST-8103,33,26-35,Female,Detroit,Midwest,SMB
CUST-4972,18,18-25,Male,San Francisco,West,SMB
CUST-8836,34,26-35,Male,Dallas,South,Consumer Premium
CUST-1514,23,18-25,Female,Dallas,South,Consumer Budget
CUST-9987,33,26-35,Male,Los Angeles,West,B2B Enterprise
CUST-6958,31,26-35,Female,Philadelphia,North East,SMB
CUST-8080,37,36-50,Male,San Francisco,West,Consumer Budget
CUST-3547,43,36-50,Female,San Francisco,West,Consumer Premium
CUST-6441,18,18-25,Non-Binary,Dallas,South,Consumer Premium
CUST-2485,51,51-65,Male,Chicago,Midwest,Consumer Budget
CUST-6143,47,36-50,Female,Miami,South,Consumer Budget
CUST-7630,43,36-50,Female,Chicago,Midwest,B2B Enterprise
CUST-6293,38,36-50,Female,Chicago,Midwest,Consumer Budget
CUST-1026,50,36-50,Male,New York,North East,B2B Enterprise
CUST-1381,18,18-25,Male,Philadelphia,North East,Consumer Budget
CUST-1874,40,36-50,Female,New York,North East,Consumer Budget
CUST-6833,25,18-25,Female,San Francisco,West,SMB
CUST-6027,37,36-50,Female,Detroit,Midwest,SMB
CUST-8723,30,26-35,Male,Los Angeles,West,SMB
CUST-7825,19,18-25,Male,Chicago,Midwest,Consumer Premium
CUST-4530,42,36-50,Female,San Francisco,West,Consumer Budget
CUST-7895,38,36-50,Non-Binary,Boston,North East,SMB
CUST-9643,27,26-35,Male,Seattle,West,Consumer Premium
CUST-6943,43,36-50,Female,Minneapolis,Midwest,B2B Enterprise
CUST-6259,38,36-50,Male,Philadelphia,North East,SMB
CUST-5490,29,26-35,Male,New York,North East,Consumer Premium
CUST-4597,37,36-50,Male,San Francisco,West,Consumer Budget
CUST-4847,71,65+,Female,New York,North East,Consumer Premium
CUST-4933,35,26-35,Other,New York,North East,Consumer Budget
CUST-1007,49,36-50,Female,Dallas,South,Consumer Premium
CUST-5021,35,26-35,Male,New York,North East,Consumer Premium
CUST-7460,22,18-25,Male,Minneapolis,Midwest,Consumer Budget
CUST-8144,41,36-50,Female,Philadelphia,North East,SMB
CUST-4960,40,36-50,Female,Atlanta,South,Consumer Budget
CUST-2004,26,26-35,Female,Chicago,Midwest,SMB
CUST-7816,30,26-35,Male,Atlanta,South,SMB
CUST-8210,31,26-35,Male,Detroit,Midwest,Consumer Budget
CUST-1997,55,51-65,Female,Boston,North East,Consumer Budget
CUST-2249,55,51-65,Male,Miami,South,SMB
CUST-9331,28,26-35,Male,New York,North East,Consumer Budget
CUST-9002,50,36-50,Female,Chicago,Midwest,SMB
CUST-2321,34,26-35,Male,Dallas,South,Consumer Budget
CUST-1034,18,18-25,Female,Detroit,Midwest,SMB
CUST-5074,26,26-35,Male,Seattle,West,B2B Enterprise
CUST-2194,21,18-25,Female,Philadelphia,North East,Consumer Premium
CUST-2830,59,51-65,Female,Chicago,Midwest,Consumer Budget
CUST-2466,30,26-35,Female,Chicago,Midwest,Consumer Budget
CUST-3074,18,18-25,Male,New York,North East,Consumer Premium
CUST-8133,30,26-35,Male,Minneapolis,Midwest,SMB
CUST-4254,43,36-50,Male,Boston,North East,B2B Enterprise
CUST-2987,47,36-50,Female,Minneapolis,Midwest,Consumer Premium
CUST-2114,35,26-35,Female,Philadelphia,North East,Consumer Budget
CUST-6520,38,36-50,Male,Detroit,Midwest,Consumer Premium
CUST-1308,36,36-50,Female,Detroit,Midwest,SMB
CUST-4884,42,36-50,Female,Seattle,West,Consumer Premium
CUST-6666,39,36-50,Female,Seattle,West,SMB
CUST-3141,33,26-35,Male,Chicago,Midwest,SMB
CUST-2451,50,36-50,Female,Chicago,Midwest,SMB
CUST-3881,46,36-50,Female,Los Angeles,West,SMB
CUST-4882,34,26-35,Other,Boston,North East,SMB
CUST-4453,52,51-65,Male,Minneapolis,Midwest,Consumer Premium
CUST-4442,23,18-25,Female,Atlanta,South,SMB
CUST-2824,35,26-35,Female,Miami,South,Consumer Budget
CUST-1340,45,36-50,Female,Los Angeles,West,SMB
CUST-3520,48,36-50,Male,Los Angeles,West,SMB
CUST-3232,40,36-50,Female,Dallas,South,Consumer Premium
CUST-5390,21,18-25,Male,Seattle,West,SMB
CUST-3736,38,36-50,Female,Miami,South,Consumer Budget
CUST-4641,33,26-35,Female,Minneapolis,Midwest,Consumer Budget
CUST-1392,38,36-50,Male,Minneapolis,Midwest,Consumer Budget
CUST-4448,48,36-50,Male,Dallas,South,Consumer Premium
CUST-1967,43,36-50,Non-Binary,Philadelphia,North East,Consumer Budget
CUST-2774,48,36-50,Female,Philadelphia,North East,Consumer Premium
CUST-1009,52,51-65,Other,Philadelphia,North East,SMB
CUST-1203,24,18-25,Male,Philadelphia,North East,Consumer Budget
CUST-9665,18,18-25,Non-Binary,Miami,South,Consumer Budget
CUST-4932,44,36-50,Male,Philadelphia,North East,Consumer Premium
CUST-6375,50,36-50,Other,Detroit,Midwest,B2B Enterprise
CUST-9790,52,51-65,Female,Atlanta,South,Consumer Premium
CUST-9904,38,36-50,Non-Binary,Atlanta,South,Consumer Budget
CUST-2930,45,36-50,Male,Philadelphia,North East,Consumer Budget
CUST-6741,46,36-50,Male,Miami,South,Consumer Premium
CUST-7614,33,26-35,Female,Dallas,South,Consumer Budget
CUST-8169,38,36-50,Male,Dallas,South,Consumer Premium
CUST-6714,35,26-35,Female,Boston,North East,B2B Enterprise
CUST-2243,39,36-50,Female,Seattle,West,Consumer Budget
CUST-7637,26,26-35,Female,Boston,North East,Consumer Budget
CUST-7857,44,36-50,Male,Seattle,West,Consumer Premium
CUST-3158,45,36-50,Other,Seattle,West,Consumer Premium
CUST-4188,18,18-25,Female,Boston,North East,SMB
CUST-5819,61,51-65,Female,Miami,South,Consumer Budget
CUST-1924,49,36-50,Female,New York,North East,B2B Enterprise
CUST-7272,31,26-35,Female,Los Angeles,West,Consumer Premium
CUST-2796,31,26-35,Female,San Francisco,West,Consumer Budget
CUST-5459,53,51-65,Female,Seattle,West,SMB
CUST-3978,18,18-25,Male,Minneapolis,Midwest,SMB
CUST-3365,41,36-50,Male,Dallas,South,Consumer Premium
CUST-8688,30,26-35,Male,Atlanta,South,Consumer Premium
CUST-3646,31,26-35,Male,Philadelphia,North East,SMB
CUST-8926,39,36-50,Female,Philadelphia,North East,B2B Enterprise
CUST-1390,22,18-25,Female,Miami,South,SMB
CUST-8594,53,51-65,Female,Philadelphia,North East,B2B Enterprise
CUST-8970,47,36-50,Female,Los Angeles,West,Consumer Budget
CUST-8943,27,26-35,Male,Dallas,South,SMB
CUST-8457,57,51-65,Male,Dallas,South,B2B Enterprise
CUST-7343,18,18-25,Male,Chicago,Midwest,Consumer Premium
CUST-5049,35,26-35,Female,Detroit,Midwest,B2B Enterprise
CUST-1667,47,36-50,Male,Los Angeles,West,Consumer Budget
CUST-1975,49,36-50,Male,Atlanta,South,Consumer Budget
CUST-5648,24,18-25,Female,Boston,North East,Consumer Premium
CUST-9521,18,18-25,Male,Atlanta,South,Consumer Premium
CUST-7459,29,26-35,Female,Atlanta,South,Consumer Premium
CUST-8804,21,18-25,Female,Chicago,Midwest,SMB
CUST-8089,33,26-35,Male,Philadelphia,North East,SMB
CUST-9400,40,36-50,Male,Minneapolis,Midwest,Consumer Budget
CUST-2101,39,36-50,Male,Miami,South,SMB
CUST-7381,18,18-25,Male,Dallas,South,Consumer Budget
CUST-4340,35,26-35,Male,Dallas,South,Consumer Budget
CUST-7545,59,51-65,Male,Seattle,West,SMB
CUST-6335,34,26-35,Male,Boston,North East,SMB
CUST-6179,31,26-35,Male,Seattle,West,Consumer Budget
CUST-4317,30,26-35,Non-Binary,Seattle,West,Consumer Premium
CUST-7755,56,51-65,Male,New York,North East,SMB
CUST-8692,32,26-35,Male,Detroit,Midwest,B2B Enterprise
CUST-2323,47,36-50,Female,Seattle,West,Consumer Premium
CUST-2333,19,18-25,Male,Boston,North East,Consumer Budget
CUST-3699,59,51-65,Female,Minneapolis,Midwest,SMB
CUST-6298,27,26-35,Male,Atlanta,South,SMB
CUST-7521,21,18-25,Male,Miami,South,SMB
CUST-8098,58,51-65,Male,Minneapolis,Midwest,SMB
CUST-1240,50,36-50,Male,Philadelphia,North East,SMB
CUST-7543,48,36-50,Male,Philadelphia,North East,Consumer Budget
CUST-2760,33,26-35,Female,Los Angeles,West,SMB
CUST-7984,33,26-35,Male,Minneapolis,Midwest,SMB
CUST-1241,18,18-25,Male,San Francisco,West,B2B Enterprise
CUST-7378,30,26-35,Male,Dallas,South,Consumer Premium
CUST-1842,29,26-35,Male,Miami,South,Consumer Budget
CUST-4614,28,26-35,Male,Minneapolis,Midwest,Consumer Budget
CUST-6054,46,36-50,Female,Miami,South,Consumer Budget
CUST-2738,40,36-50,Non-Binary,Los Angeles,West,Consumer Budget
CUST-7978,41,36-50,Female,Los Angeles,West,SMB
CUST-8573,54,51-65,Female,Los Angeles,West,Consumer Premium
CUST-5650,41,36-50,Female,Miami,South,Consumer Premium
CUST-4584,18,18-25,Female,Philadelphia,North East,SMB
CUST-8548,44,36-50,Female,San Francisco,West,SMB
CUST-8312,28,26-35,Male,Dallas,South,SMB
CUST-8954,36,36-50,Male,Atlanta,South,Consumer Premium
CUST-3150,50,36-50,Male,New York,North East,Consumer Budget
CUST-7622,18,18-25,Male,Seattle,West,SMB
CUST-7981,18,18-25,Female,Atlanta,South,SMB
CUST-5686,26,26-35,Male,Minneapolis,Midwest,Consumer Premium
CUST-2688,40,36-50,Female,Minneapolis,Midwest,Consumer Budget
CUST-2345,34,26-35,Female,New York,North East,SMB
CUST-9934,26,26-35,Female,Boston,North East,SMB
CUST-7817,24,18-25,Female,Philadelphia,North East,B2B Enterprise
CUST-5297,62,51-65,Male,New York,North East,SMB
CUST-3965,31,26-35,Male,Atlanta,South,SMB
CUST-1345,60,51-65,Non-Binary,Boston,North East,SMB
CUST-9404,37,36-50,Male,Philadelphia,North East,SMB
CUST-6750,30,26-35,Male,Minneapolis,Midwest,Consumer Premium
CUST-6730,58,51-65,Male,Boston,North East,B2B Enterprise
CUST-8520,34,26-35,Male,New York,North East,Consumer Premium
CUST-9037,58,51-65,Female,Los Angeles,West,Consumer Premium
CUST-4328,18,18-25,Male,Atlanta,South,B2B Enterprise
CUST-6695,33,26-35,Female,Miami,South,B2B Enterprise
CUST-2322,44,36-50,Female,Los Angeles,West,B2B Enterprise
CUST-6361,56,51-65,Male,Detroit,Midwest,SMB
CUST-8782,29,26-35,Non-Binary,Atlanta,South,B2B Enterprise
CUST-7178,37,36-50,Male,Miami,South,Consumer Budget
CUST-4345,27,26-35,Female,Detroit,Midwest,Consumer Premium
CUST-8205,57,51-65,Male,New York,North East,Consumer Premium
CUST-8592,34,26-35,Female,Chicago,Midwest,Consumer Premium
CUST-8645,34,26-35,Female,Chicago,Midwest,B2B Enterprise
CUST-3568,41,36-50,Male,Chicago,Midwest,SMB
CUST-8533,43,36-50,Male,Boston,North East,B2B Enterprise
CUST-5915,18,18-25,Male,Boston,North East,Consumer Budget
CUST-2205,72,65+,Male,Miami,South,Consumer Budget
CUST-3387,44,36-50,Male,Seattle,West,Consumer Budget
CUST-1581,58,51-65,Male,Miami,South,B2B Enterprise
CUST-2637,54,51-65,Female,Atlanta,South,Consumer Premium
CUST-7224,31,26-35,Male,Detroit,Midwest,SMB
CUST-5377,32,26-35,Male,Chicago,Midwest,SMB
CUST-1653,51,51-65,Female,Los Angeles,West,SMB
CUST-8755,29,26-35,Male,San Francisco,West,SMB
CUST-5845,29,26-35,Male,Chicago,Midwest,Consumer Budget
CUST-5328,19,18-25,Female,Seattle,West,Consumer Premium
CUST-2677,54,51-65,Male,Boston,North East,Consumer Budget
CUST-5100,24,18-25,Female,Dallas,South,SMB
CUST-3536,51,51-65,Female,Boston,North East,SMB
CUST-6164,37,36-50,Female,Dallas,South,Consumer Premium
CUST-7353,36,36-50,Male,Atlanta,South,Consumer Premium
CUST-4736,27,26-35,Male,Los Angeles,West,SMB
CUST-5171,18,18-25,Male,Chicago,Midwest,SMB
CUST-9998,57,51-65,Male,Philadelphia,North East,Consumer Premium
CUST-3927,18,18-25,Male,New York,North East,Consumer Premium
CUST-3645,39,36-50,Male,Seattle,West,Consumer Budget
CUST-7223,36,36-50,Female,Seattle,West,Consumer Budget
CUST-5974,18,18-25,Male,Philadelphia,North East,SMB
CUST-1201,20,18-25,Male,San Francisco,West,Consumer Budget
CUST-9122,40,36-50,Male,Boston,North East,Consumer Budget
CUST-6509,33,26-35,Female,Los Angeles,West,SMB
CUST-2495,37,36-50,Male,Seattle,West,B2B Enterprise
CUST-3364,35,26-35,Female,Seattle,West,SMB
CUST-3817,34,26-35,Female,San Francisco,West,B2B Enterprise
CUST-1391,48,36-50,Male,Minneapolis,Midwest,B2B Enterprise
CUST-7108,50,36-50,Female,Miami,South,Consumer Budget
CUST-2335,40,36-50,Female,Dallas,South,Consumer Budget
CUST-9959,25,18-25,Non-Binary,Dallas,South,SMB
CUST-4625,48,36-50,Male,San Francisco,West,B2B Enterprise
CUST-3064,23,18-25,Male,New York,North East,SMB
CUST-8460,46,36-50,Non-Binary,Detroit,Midwest,Consumer Premium
CUST-6534,52,51-65,Female,Philadelphia,North East,SMB
CUST-6894,34,26-35,Male,New York,North East,B2B Enterprise
CUST-3702,38,36-50,Female,Chicago,Midwest,Consumer Budget
CUST-2427,61,51-65,Male,Detroit,Midwest,Consumer Budget
CUST-1855,38,36-50,Female,New York,North East,SMB
CUST-7419,18,18-25,Male,Dallas,South,Consumer Budget
CUST-2011,48,36-50,Female,New York,North East,Consumer Premium
CUST-1123,43,36-50,Female,Chicago,Midwest,Consumer Premium
CUST-4761,32,26-35,Other,Dallas,South,Consumer Premium
CUST-5361,42,36-50,Female,Los Angeles,West,SMB
CUST-4793,39,36-50,Female,San Francisco,West,SMB
CUST-7486,18,18-25,Male,Dallas,South,SMB
CUST-3447,39,36-50,Male,Dallas,South,SMB
CUST-6193,35,26-35,Male,Miami,South,Consumer Budget
CUST-3962,44,36-50,Male,New York,North East,Consumer Budget
CUST-1001,21,18-25,Male,New York,North East,Consumer Budget
CUST-2070,42,36-50,Male,Atlanta,South,Consumer Budget
CUST-9570,47,36-50,Female,San Francisco,West,Consumer Budget
CUST-6682,55,51-65,Male,Seattle,West,Consumer Premium
CUST-6804,36,36-50,Male,New York,North East,B2B Enterprise
CUST-8936,33,26-35,Female,Boston,North East,Consumer Budget
CUST-1353,21,18-25,Female,Chicago,Midwest,Consumer Budget
CUST-9704,54,51-65,Female,Dallas,South,B2B Enterprise
CUST-3661,35,26-35,Other,Boston,North East,Consumer Premium
CUST-7773,33,26-35,Male,Philadelphia,North East,SMB
CUST-7255,34,26-35,Male,Dallas,South,SMB
CUST-9855,18,18-25,Non-Binary,Miami,South,Consumer Budget
CUST-2632,56,51-65,Male,Atlanta,South,Consumer Budget
CUST-6350,41,36-50,Male,Los Angeles,West,SMB
CUST-5014,39,36-50,Female,Chicago,Midwest,Consumer Budget
CUST-7094,25,18-25,Male,Dallas,South,Consumer Premium
CUST-9410,28,26-35,Female,Seattle,West,Consumer Budget
CUST-6401,45,36-50,Male,Boston,North East,Consumer Premium
CUST-1389,42,36-50,Female,Seattle,West,SMB
CUST-9177,20,18-25,Male,Philadelphia,North East,Consumer Budget
CUST-1956,29,26-35,Female,Minneapolis,Midwest,Consumer Budget
CUST-1802,36,36-50,Female,San Francisco,West,SMB
CUST-2449,27,26-35,Female,Seattle,West,SMB
CUST-1120,37,36-50,Male,Minneapolis,Midwest,SMB
CUST-1032,33,26-35,Male,Boston,North East,B2B Enterprise
CUST-1344,33,26-35,Male,Chicago,Midwest,Consumer Budget
CUST-8126,30,26-35,Male,Dallas,South,Consumer Budget
CUST-9965,46,36-50,Female,Seattle,West,Consumer Budget
CUST-3587,31,26-35,Female,Seattle,West,Consumer Budget
CUST-4462,40,36-50,Female,Dallas,South,B2B Enterprise
CUST-4710,21,18-25,Non-Binary,Miami,South,SMB
CUST-3828,53,51-65,Female,Detroit,Midwest,B2B Enterprise
CUST-1193,34,26-35,Male,Chicago,Midwest,SMB
CUST-4834,30,26-35,Male,Philadelphia,North East,Consumer Budget
CUST-7822,26,26-35,Male,Dallas,South,B2B Enterprise
CUST-9405,55,51-65,Female,New York,North East,Consumer Premium
CUST-9185,48,36-50,Female,Boston,North East,Consumer Premium
CUST-5606,38,36-50,Female,Detroit,Midwest,Consumer Premium
CUST-8528,44,36-50,Male,Miami,South,Consumer Budget
CUST-6475,25,18-25,Male,Dallas,South,Consumer Premium
CUST-2438,18,18-25,Female,Philadelphia,North East,Consumer Budget
CUST-8402,23,18-25,Female,Miami,South,Consumer Budget
CUST-8119,32,26-35,Female,Atlanta,South,Consumer Budget
CUST-7199,27,26-35,Male,San Francisco,West,SMB
CUST-4114,54,51-65,Female,Detroit,Midwest,Consumer Budget
CUST-4808,42,36-50,Male,Dallas,South,Consumer Premium
CUST-7257,40,36-50,Male,Atlanta,South,B2B Enterprise
CUST-6011,47,36-50,Female,Minneapolis,Midwest,Consumer Budget
CUST-8567,29,26-35,Male,Philadelphia,North East,B2B Enterprise
CUST-7838,35,26-35,Male,Chicago,Midwest,Consumer Budget
CUST-3238,36,36-50,Male,Boston,North East,SMB
CUST-2726,41,36-50,Male,New York,North East,B2B Enterprise
CUST-6000,31,26-35,Female,Miami,South,Consumer Premium
CUST-3276,43,36-50,Male,Atlanta,South,B2B Enterprise
CUST-9437,32,26-35,Male,Dallas,South,Consumer Budget
CUST-4375,51,51-65,Female,Miami,South,Consumer Budget
CUST-7197,43,36-50,Male,Miami,South,Consumer Budget
CUST-9647,45,36-50,Non-Binary,Atlanta,South,Consumer Budget
CUST-2213,33,26-35,Male,Detroit,Midwest,Consumer Budget
CUST-6812,27,26-35,Male,Chicago,Midwest,Consumer Budget
CUST-6460,27,26-35,Female,Detroit,Midwest,SMB
CUST-3770,39,36-50,Male,Atlanta,South,Consumer Budget
CUST-6213,45,36-50,Female,Philadelphia,North East,SMB
CUST-5130,40,36-50,Male,San Francisco,West,Consumer Premium
CUST-7222,43,36-50,Male,Dallas,South,B2B Enterprise
CUST-7745,18,18-25,Male,Los Angeles,West,SMB
CUST-2222,44,36-50,Male,Philadelphia,North East,SMB
CUST-9053,27,26-35,Female,San Francisco,West,SMB
CUST-4343,46,36-50,Female,New York,North East,SMB
CUST-8614,40,36-50,Female,Atlanta,South,B2B Enterprise
CUST-6091,46,36-50,Male,Dallas,South,Consumer Budget
CUST-1849,37,36-50,Non-Binary,Detroit,Midwest,SMB
CUST-6420,38,36-50,Male,Philadelphia,North East,Consumer Premium
CUST-1336,36,36-50,Female,Chicago,Midwest,Consumer Budget
CUST-2136,26,26-35,Male,Chicago,Midwest,B2B Enterprise
CUST-7759,18,18-25,Female,Seattle,West,SMB
CUST-3503,38,36-50,Female,Miami,South,Consumer Budget
CUST-9450,33,26-35,Male,San Francisco,West,SMB
CUST-3029,33,26-35,Female,Boston,North East,SMB
CUST-1655,36,36-50,Female,Seattle,West,Consumer Budget
CUST-7422,45,36-50,Female,San Francisco,West,SMB
CUST-4691,55,51-65,Male,New York,North East,B2B Enterprise
CUST-7309,32,26-35,Female,Detroit,Midwest,Consumer Premium
CUST-9438,38,36-50,Other,Boston,North East,Consumer Budget
CUST-6932,30,26-35,Male,Atlanta,South,Consumer Premium
CUST-2250,39,36-50,Male,Detroit,Midwest,SMB
CUST-8354,27,26-35,Male,Boston,North East,SMB
CUST-7429,51,51-65,Male,Philadelphia,North East,Consumer Budget
CUST-7733,39,36-50,Female,Detroit,Midwest,Consumer Premium
CUST-3282,48,36-50,Female,San Francisco,West,Consumer Budget
CUST-6978,48,36-50,Female,San Francisco,West,SMB
CUST-8831,28,26-35,Male,Los Angeles,West,Consumer Premium
CUST-6904,46,36-50,Female,Philadelphia,North East,SMB
CUST-1415,41,36-50,Male,Detroit,Midwest,SMB
CUST-5868,55,51-65,Male,Miami,South,SMB
CUST-6237,32,26-35,Female,Philadelphia,North East,Consumer Premium
CUST-2168,29,26-35,Female,Boston,North East,Consumer Budget
CUST-3691,34,26-35,Male,Los Angeles,West,SMB
CUST-1499,44,36-50,Female,Seattle,West,SMB
CUST-2500,38,36-50,Female,New York,North East,B2B Enterprise
CUST-2817,37,36-50,Female,Boston,North East,SMB
CUST-5016,50,36-50,Female,Minneapolis,Midwest,SMB
CUST-7154,45,36-50,Male,Atlanta,South,Consumer Premium
CUST-8549,52,51-65,Male,New York,North East,Consumer Premium
CUST-8649,45,36-50,Male,Dallas,South,Consumer Budget
CUST-4571,31,26-35,Male,Philadelphia,North East,Consumer Budget
CUST-9757,30,26-35,Male,New York,North East,SMB
CUST-5145,32,26-35,Male,Philadelphia,North East,B2B Enterprise
CUST-5121,56,51-65,Female,Dallas,South,Consumer Budget
CUST-9752,70,65+,Male,Seattle,West,Consumer Budget
CUST-4992,38,36-50,Male,Boston,North East,SMB
CUST-9922,34,26-35,Female,Boston,North East,Consumer Budget
CUST-1555,30,26-35,Female,Seattle,West,SMB
CUST-4617,57,51-65,Female,Detroit,Midwest,Consumer Premium
CUST-8041,36,36-50,Male,New York,North East,Consumer Budget
CUST-6578,24,18-25,Male,Atlanta,South,SMB
CUST-5597,64,51-65,Female,Detroit,Midwest,Consumer Budget
CUST-3766,34,26-35,Male,Chicago,Midwest,SMB
CUST-7350,31,26-35,Male,Detroit,Midwest,Consumer Budget
CUST-6565,30,26-35,Female,Minneapolis,Midwest,SMB
CUST-8969,34,26-35,Male,New York,North East,Consumer Budget
CUST-6967,18,18-25,Male,San Francisco,West,Consumer Budget
CUST-7906,45,36-50,Male,Atlanta,South,B2B Enterprise
CUST-3812,39,36-50,Female,Miami,South,SMB
CUST-2273,48,36-50,Female,Atlanta,South,Consumer Premium
CUST-4975,35,26-35,Male,Atlanta,South,Consumer Budget
CUST-6828,44,36-50,Male,Miami,South,Consumer Budget
CUST-2147,26,26-35,Male,Minneapolis,Midwest,SMB
CUST-4499,60,51-65,Male,Los Angeles,West,Consumer Premium
CUST-1840,46,36-50,Female,Minneapolis,Midwest,Consumer Budget
CUST-2362,44,36-50,Female,Detroit,Midwest,Consumer Budget
CUST-6028,57,51-65,Female,Detroit,Midwest,SMB
CUST-4785,48,36-50,Female,Detroit,Midwest,Consumer Premium
CUST-5936,18,18-25,Female,Seattle,West,B2B Enterprise
CUST-9396,18,18-25,Female,Atlanta,South,Consumer Premium
CUST-4786,63,51-65,Male,Miami,South,B2B Enterprise
CUST-1521,39,36-50,Male,Los Angeles,West,SMB
CUST-1571,47,36-50,Female,Seattle,West,Consumer Premium
CUST-4157,41,36-50,Male,Los Angeles,West,B2B Enterprise
CUST-6939,44,36-50,Male,Chicago,Midwest,B2B Enterprise
CUST-5124,33,26-35,Male,Seattle,West,B2B Enterprise
CUST-4798,36,36-50,Female,Philadelphia,North East,SMB
CUST-5543,20,18-25,Female,Seattle,West,Consumer Premium
CUST-1538,31,26-35,Male,Boston,North East,Consumer Budget
CUST-4954,52,51-65,Male,Miami,South,Consumer Premium
CUST-2145,18,18-25,Male,Los Angeles,West,Consumer Premium
CUST-7503,22,18-25,Female,Dallas,South,Consumer Budget
CUST-8302,38,36-50,Male,Atlanta,South,SMB
CUST-1569,32,26-35,Female,Los Angeles,West,SMB
CUST-8067,43,36-50,Female,Chicago,Midwest,B2B Enterprise
CUST-6432,30,26-35,Male,Dallas,South,Consumer Premium
CUST-1925,35,26-35,Female,Dallas,South,SMB
CUST-5042,31,26-35,Male,Dallas,South,SMB
CUST-9687,34,26-35,Non-Binary,Miami,South,SMB
CUST-9275,37,36-50,Female,Seattle,West,B2B Enterprise
CUST-5587,45,36-50,Male,Dallas,South,Consumer Premium
CUST-1821,33,26-35,Female,New York,North East,Consumer Premium
CUST-9803,37,36-50,Non-Binary,Seattle,West,Consumer Premium
CUST-4881,29,26-35,Male,Minneapolis,Midwest,B2B Enterprise
CUST-8714,27,26-35,Male,Los Angeles,West,B2B Enterprise
CUST-8259,46,36-50,Female,San Francisco,West,SMB
CUST-9444,22,18-25,Non-Binary,Minneapolis,Midwest,Consumer Premium
CUST-9632,38,36-50,Female,Dallas,South,Consumer Premium
CUST-6466,46,36-50,Female,New York,North East,SMB
CUST-3791,47,36-50,Male,Minneapolis,Midwest,SMB
CUST-8062,43,36-50,Male,Chicago,Midwest,Consumer Budget
CUST-3783,45,36-50,Female,Los Angeles,West,Consumer Premium
CUST-6467,45,36-50,Female,Seattle,West,Consumer Premium
CUST-5935,44,36-50,Female,Chicago,Midwest,B2B Enterprise
CUST-2196,40,36-50,Male,Boston,North East,B2B Enterprise
CUST-7063,25,18-25,Male,Boston,North East,B2B Enterprise
CUST-1130,48,36-50,Male,Atlanta,South,Consumer Budget
CUST-6889,23,18-25,Male,Los Angeles,West,SMB
CUST-5963,43,36-50,Male,San Francisco,West,Consumer Premium
CUST-5938,43,36-50,Male,Boston,North East,Consumer Premium
CUST-6336,45,36-50,Female,Los Angeles,West,B2B Enterprise
CUST-9462,34,26-35,Male,Los Angeles,West,B2B Enterprise
CUST-4377,50,36-50,Female,Chicago,Midwest,Consumer Budget
CUST-7074,57,51-65,Other,San Francisco,West,SMB
CUST-5017,31,26-35,Male,Atlanta,South,Consumer Budget
CUST-2672,23,18-25,Male,Boston,North East,Consumer Budget
CUST-4104,23,18-25,Female,Los Angeles,West,B2B Enterprise
CUST-7499,42,36-50,Female,Los Angeles,West,Consumer Budget
CUST-1434,45,36-50,Male,Miami,South,Consumer Budget
CUST-4285,35,26-35,Male,New York,North East,B2B Enterprise
CUST-1767,38,36-50,Female,New York,North East,Consumer Budget
CUST-8370,50,36-50,Female,Chicago,Midwest,B2B Enterprise
CUST-4195,51,51-65,Male,Dallas,South,Consumer Premium
CUST-4171,32,26-35,Female,Boston,North East,Consumer Budget
CUST-1932,35,26-35,Female,Philadelphia,North East,SMB
CUST-1476,59,51-65,Male,New York,North East,Consumer Premium
CUST-1620,36,36-50,Male,Los Angeles,West,SMB
CUST-2339,26,26-35,Female,Atlanta,South,Consumer Premium
CUST-6482,29,26-35,Male,Chicago,Midwest,Consumer Premium
CUST-2179,34,26-35,Male,Philadelphia,North East,Consumer Budget
CUST-3941,48,36-50,Female,Minneapolis,Midwest,Consumer Premium
CUST-5939,47,36-50,Male,Los Angeles,West,SMB
CUST-5831,67,65+,Female,Dallas,South,Consumer Premium
CUST-4183,47,36-50,Male,Minneapolis,Midwest,Consumer Budget
CUST-6580,21,18-25,Female,Minneapolis,Midwest,Consumer Budget
CUST-2132,36,36-50,Male,Dallas,South,Consumer Budget
CUST-1076,46,36-50,Female,Chicago,Midwest,Consumer Premium
CUST-9601,48,36-50,Male,San Francisco,West,SMB
CUST-7613,43,36-50,Male,Philadelphia,North East,SMB
CUST-5862,48,36-50,Female,Miami,South,Consumer Budget
CUST-7169,20,18-25,Female,Minneapolis,Midwest,SMB
CUST-4309,37,36-50,Male,Los Angeles,West,Consumer Budget
CUST-3354,52,51-65,Female,Minneapolis,Midwest,Consumer Budget
CUST-1136,34,26-35,Male,Miami,South,SMB
CUST-7836,36,36-50,Male,Chicago,Midwest,Consumer Premium
CUST-2506,18,18-25,Female,Dallas,South,Consumer Budget
CUST-1648,24,18-25,Female,Minneapolis,Midwest,Consumer Premium
CUST-1433,36,36-50,Male,Minneapolis,Midwest,SMB
CUST-9655,34,26-35,Female,New York,North East,SMB
CUST-4801,70,65+,Other,San Francisco,West,B2B Enterprise
CUST-7911,18,18-25,Male,Philadelphia,North East,Consumer Budget
CUST-8271,37,36-50,Female,Miami,South,Consumer Budget
CUST-4561,23,18-25,Male,Philadelphia,North East,Consumer Premium
CUST-9348,45,36-50,Male,Dallas,South,SMB
CUST-5677,54,51-65,Non-Binary,Atlanta,South,B2B Enterprise
CUST-8454,30,26-35,Male,Philadelphia,North East,SMB
CUST-6019,50,36-50,Male,Atlanta,South,B2B Enterprise
CUST-3818,30,26-35,Female,Atlanta,South,Consumer Premium
CUST-7937,44,36-50,Female,Dallas,South,Consumer Budget
CUST-7605,43,36-50,Male,Miami,South,SMB
CUST-7557,27,26-35,Female,Seattle,West,SMB
CUST-1471,32,26-35,Male,Seattle,West,Consumer Premium
CUST-8386,31,26-35,Female,Minneapolis,Midwest,Consumer Premium
CUST-5036,44,36-50,Male,Detroit,Midwest,Consumer Budget
CUST-7923,41,36-50,Female,Philadelphia,North East,Consumer Budget
CUST-7879,52,51-65,Male,Seattle,West,Consumer Budget
CUST-9036,61,51-65,Male,Seattle,West,Consumer Budget
CUST-3944,30,26-35,Female,Miami,South,Consumer Premium
CUST-1864,45,36-50,Male,Atlanta,South,Consumer Premium
CUST-8610,59,51-65,Male,Boston,North East,SMB
CUST-6217,32,26-35,Male,Detroit,Midwest,SMB
CUST-1955,51,51-65,Female,Miami,South,SMB
CUST-6373,28,26-35,Female,New York,North East,SMB
CUST-3398,24,18-25,Male,Philadelphia,North East,Consumer Premium
CUST-5611,44,36-50,Non-Binary,Atlanta,South,Consumer Budget
CUST-8108,57,51-65,Female,Detroit,Midwest,B2B Enterprise
CUST-9152,18,18-25,Female,Atlanta,South,B2B Enterprise
CUST-6212,33,26-35,Male,Minneapolis,Midwest,SMB
CUST-9696,45,36-50,Other,Philadelphia,North East,Consumer Budget
CUST-1998,38,36-50,Male,Atlanta,South,B2B Enterprise
CUST-7875,31,26-35,Male,New York,North East,Consumer Budget
CUST-8281,27,26-35,Male,Seattle,West,Consumer Budget
CUST-5428,48,36-50,Male,Atlanta,South,Consumer Premium
CUST-4005,33,26-35,Male,Minneapolis,Midwest,SMB
CUST-6517,40,36-50,Male,Boston,North East,Consumer Budget
CUST-5783,40,36-50,Female,Los Angeles,West,Consumer Budget
CUST-6617,37,36-50,Female,Chicago,Midwest,Consumer Budget
CUST-4459,26,26-35,Non-Binary,Atlanta,South,B2B Enterprise
CUST-9458,18,18-25,Male,Minneapolis,Midwest,Consumer Budget
CUST-2532,52,51-65,Male,Dallas,South,Consumer Budget
CUST-5320,29,26-35,Male,Miami,South,SMB
CUST-9080,41,36-50,Male,Detroit,Midwest,Consumer Budget
CUST-1354,20,18-25,Male,Los Angeles,West,SMB
CUST-4351,46,36-50,Female,San Francisco,West,Consumer Budget
CUST-5535,46,36-50,Male,San Francisco,West,Consumer Budget
CUST-5580,49,36-50,Male,Boston,North East,Consumer Premium
CUST-7662,18,18-25,Male,Dallas,South,SMB
CUST-6853,39,36-50,Non-Binary,Miami,South,SMB
CUST-8301,55,51-65,Male,Atlanta,South,Consumer Budget
CUST-7621,47,36-50,Female,Los Angeles,West,SMB
CUST-6276,18,18-25,Male,Detroit,Midwest,B2B Enterprise
CUST-2711,46,36-50,Male,Boston,North East,B2B Enterprise
CUST-4749,42,36-50,Non-Binary,Chicago,Midwest,Consumer Budget
CUST-6511,57,51-65,Male,Boston,North East,Consumer Premium
CUST-6300,18,18-25,Female,Detroit,Midwest,SMB
CUST-8803,40,36-50,Male,San Francisco,West,Consumer Budget
CUST-8135,27,26-35,Male,Boston,North East,B2B Enterprise
CUST-8327,18,18-25,Non-Binary,Detroit,Midwest,Consumer Budget
CUST-5183,48,36-50,Non-Binary,New York,North East,SMB
CUST-2312,57,51-65,Non-Binary,Detroit,Midwest,Consumer Budget
CUST-5954,50,36-50,Male,Seattle,West,SMB
CUST-4491,31,26-35,Male,Minneapolis,Midwest,Consumer Budget
CUST-1101,32,26-35,Female,New York,North East,SMB
CUST-1498,41,36-50,Male,Atlanta,South,SMB
CUST-6370,23,18-25,Male,Chicago,Midwest,Consumer Budget
CUST-8461,55,51-65,Male,Dallas,South,SMB
CUST-7782,46,36-50,Male,Chicago,Midwest,SMB
CUST-5277,26,26-35,Male,Detroit,Midwest,B2B Enterprise
CUST-6851,28,26-35,Male,San Francisco,West,B2B Enterprise
CUST-5706,38,36-50,Female,Los Angeles,West,Consumer Budget
CUST-9493,31,26-35,Non-Binary,San Francisco,West,Consumer Budget
CUST-1774,29,26-35,Male,Dallas,South,SMB
CUST-6639,46,36-50,Female,Los Angeles,West,SMB
CUST-9548,56,51-65,Female,Atlanta,South,Consumer Budget
CUST-3416,31,26-35,Male,Chicago,Midwest,Consumer Premium
CUST-3905,75,65+,Female,Los Angeles,West,Consumer Premium
CUST-5657,42,36-50,Female,Dallas,South,SMB
CUST-4432,34,26-35,Male,New York,North East,Consumer Budget
CUST-5633,46,36-50,Male,Chicago,Midwest,SMB
CUST-1341,44,36-50,Female,Detroit,Midwest,Consumer Budget
CUST-7192,36,36-50,Male,Chicago,Midwest,SMB
CUST-5174,37,36-50,Female,Dallas,South,Consumer Budget
CUST-5163,42,36-50,Male,Chicago,Midwest,B2B Enterprise
CUST-5569,35,26-35,Male,Philadelphia,North East,B2B Enterprise
CUST-2742,18,18-25,Male,Detroit,Midwest,SMB
CUST-1780,35,26-35,Male,Dallas,South,Consumer Premium
CUST-9652,31,26-35,Male,Los Angeles,West,Consumer Budget
CUST-7897,33,26-35,Male,Chicago,Midwest,Consumer Premium
CUST-8141,24,18-25,Female,Chicago,Midwest,Consumer Premium
CUST-1330,47,36-50,Female,Chicago,Midwest,Consumer Budget
CUST-3133,42,36-50,Female,Atlanta,South,Consumer Premium
CUST-2562,33,26-35,Female,Philadelphia,North East,Consumer Premium
CUST-8630,43,36-50,Female,New York,North East,SMB
CUST-1250,51,51-65,Male,Atlanta,South,Consumer Budget
CUST-6868,41,36-50,Male,San Francisco,West,Consumer Budget
CUST-2818,25,18-25,Female,San Francisco,West,B2B Enterprise
CUST-9572,23,18-25,Male,Detroit,Midwest,Consumer Premium
CUST-7386,18,18-25,Non-Binary,Philadelphia,North East,SMB
CUST-5047,52,51-65,Non-Binary,Atlanta,South,Consumer Premium
CUST-6773,41,36-50,Non-Binary,Chicago,Midwest,B2B Enterprise
CUST-9367,36,36-50,Female,Dallas,South,SMB
CUST-1906,39,36-50,Female,Seattle,West,SMB
CUST-2676,37,36-50,Male,Dallas,South,SMB
CUST-4376,45,36-50,Male,Los Angeles,West,Consumer Premium
CUST-2571,30,26-35,Male,Miami,South,B2B Enterprise
CUST-8252,36,36-50,Male,Dallas,South,Consumer Premium
CUST-4437,61,51-65,Female,Miami,South,SMB
CUST-1914,34,26-35,Male,Minneapolis,Midwest,Consumer Premium
CUST-8527,29,26-35,Female,Miami,South,Consumer Budget
CUST-2502,47,36-50,Female,Miami,South,Consumer Premium
CUST-5666,35,26-35,Male,New York,North East,B2B Enterprise
CUST-7826,18,18-25,Male,Miami,South,Consumer Premium
CUST-8375,30,26-35,Male,New York,North East,SMB
CUST-2120,18,18-25,Female,New York,North East,SMB
CUST-5214,31,26-35,Female,Minneapolis,Midwest,Consumer Budget
CUST-1639,44,36-50,Female,Chicago,Midwest,Consumer Premium
CUST-8278,51,51-65,Female,Chicago,Midwest,Consumer Budget
CUST-1154,36,36-50,Female,Miami,South,Consumer Budget
CUST-4364,21,18-25,Male,New York,North East,B2B Enterprise
CUST-7663,20,18-25,Male,Miami,South,Consumer Budget
CUST-1950,38,36-50,Male,Dallas,South,SMB
CUST-6480,25,18-25,Female,Minneapolis,Midwest,B2B Enterprise
CUST-5876,57,51-65,Male,San Francisco,West,Consumer Premium
CUST-6097,21,18-25,Female,Los Angeles,West,B2B Enterprise
CUST-3024,52,51-65,Female,Boston,North East,SMB
CUST-2392,37,36-50,Female,Atlanta,South,Consumer Budget
CUST-6038,35,26-35,Female,Chicago,Midwest,Consumer Budget
CUST-8257,41,36-50,Male,Minneapolis,Midwest,Consumer Budget
CUST-9705,43,36-50,Female,Dallas,South,SMB
CUST-7668,28,26-35,Female,Boston,North East,Consumer Premium
CUST-3478,45,36-50,Male,Chicago,Midwest,SMB
CUST-3096,44,36-50,Non-Binary,Miami,South,Consumer Premium
CUST-5793,43,36-50,Female,San Francisco,West,Consumer Premium
CUST-9801,55,51-65,Male,Los Angeles,West,B2B Enterprise
CUST-6805,75,65+,Male,Miami,South,SMB
CUST-4971,59,51-65,Female,San Francisco,West,Consumer Budget
CUST-2138,21,18-25,Male,Philadelphia,North East,Consumer Premium
CUST-4068,20,18-25,Male,Detroit,Midwest,Consumer Budget
CUST-3750,34,26-35,Female,Minneapolis,Midwest,Consumer Budget
CUST-2442,57,51-65,Male,Detroit,Midwest,B2B Enterprise
CUST-1779,29,26-35,Male,Seattle,West,Consumer Premium
CUST-1281,31,26-35,Male,Chicago,Midwest,Consumer Premium
CUST-1951,45,36-50,Male,Detroit,Midwest,SMB
CUST-5770,22,18-25,Male,Los Angeles,West,Consumer Premium
CUST-4931,24,18-25,Male,San Francisco,West,Consumer Budget
CUST-5898,18,18-25,Female,Philadelphia,North East,Consumer Budget
CUST-5010,39,36-50,Female,Miami,South,Consumer Budget
CUST-1937,33,26-35,Female,San Francisco,West,SMB
CUST-3189,36,36-50,Male,Chicago,Midwest,Consumer Budget
CUST-6384,19,18-25,Female,Seattle,West,SMB
CUST-7609,47,36-50,Female,Atlanta,South,SMB
CUST-4905,30,26-35,Male,Boston,North East,Consumer Budget
CUST-3472,25,18-25,Female,Seattle,West,Consumer Premium
CUST-1338,47,36-50,Male,New York,North East,SMB
CUST-4582,35,26-35,Male,San Francisco,West,SMB
CUST-4679,29,26-35,Female,Philadelphia,North East,B2B Enterprise
CUST-2340,31,26-35,Other,Minneapolis,Midwest,Consumer Premium
CUST-8933,20,18-25,Female,Chicago,Midwest,B2B Enterprise
CUST-9212,28,26-35,Female,Seattle,West,Consumer Premium
CUST-3611,34,26-35,Female,New York,North East,Consumer Premium
CUST-4339,43,36-50,Male,Seattle,West,B2B Enterprise
CUST-5244,38,36-50,Female,Seattle,West,Consumer Budget
CUST-5717,28,26-35,Male,Miami,South,Consumer Premium
CUST-5557,45,36-50,Non-Binary,Minneapolis,Midwest,B2B Enterprise
CUST-2440,30,26-35,Female,Miami,South,Consumer Budget
CUST-2785,47,36-50,Female,Chicago,Midwest,SMB
CUST-9890,30,26-35,Female,Los Angeles,West,SMB
CUST-6230,45,36-50,Female,Atlanta,South,SMB
CUST-1585,53,51-65,Female,San Francisco,West,B2B Enterprise
CUST-3658,42,36-50,Female,Dallas,South,SMB
CUST-3017,28,26-35,Female,San Francisco,West,Consumer Premium
CUST-8776,40,36-50,Male,Chicago,Midwest,Consumer Premium
CUST-2751,58,51-65,Female,Los Angeles,West,Consumer Premium
CUST-7060,27,26-35,Female,Boston,North East,Consumer Premium
CUST-1184,32,26-35,Male,Philadelphia,North East,Consumer Budget
CUST-7530,43,36-50,Male,Minneapolis,Midwest,SMB
CUST-3863,37,36-50,Male,New York,North East,Consumer Budget
CUST-2281,46,36-50,Female,Seattle,West,SMB
CUST-7992,59,51-65,Male,Minneapolis,Midwest,Consumer Budget
CUST-6898,23,18-25,Female,Detroit,Midwest,Consumer Budget
CUST-3199,66,65+,Male,New York,North East,Consumer Budget
CUST-7134,49,36-50,Male,Philadelphia,North East,Consumer Budget
CUST-2348,48,36-50,Male,Philadelphia,North East,Consumer Premium
CUST-1883,44,36-50,Female,Atlanta,South,Consumer Premium
CUST-6910,35,26-35,Male,Seattle,West,SMB
CUST-6715,39,36-50,Male,Seattle,West,SMB
CUST-1915,23,18-25,Female,Chicago,Midwest,Consumer Premium
CUST-5583,40,36-50,Male,Boston,North East,SMB
CUST-9073,54,51-65,Female,Detroit,Midwest,Consumer Budget
CUST-6196,22,18-25,Female,Seattle,West,SMB
CUST-8412,24,18-25,Female,Los Angeles,West,Consumer Budget
CUST-8286,50,36-50,Female,Detroit,Midwest,Consumer Budget
CUST-1352,20,18-25,Female,Los Angeles,West,Consumer Premium
CUST-1221,18,18-25,Female,Dallas,South,SMB
CUST-8890,31,26-35,Female,Seattle,West,SMB
CUST-9265,31,26-35,Female,Los Angeles,West,SMB
CUST-5725,34,26-35,Male,Seattle,West,SMB
CUST-2679,39,36-50,Male,Philadelphia,North East,SMB
CUST-6117,35,26-35,Female,San Francisco,West,Consumer Premium
CUST-8612,55,51-65,Female,Seattle,West,SMB
CUST-9749,37,36-50,Female,Philadelphia,North East,Consumer Premium
CUST-5184,56,51-65,Male,Dallas,South,Consumer Budget
CUST-5615,18,18-25,Male,Atlanta,South,SMB
CUST-5298,33,26-35,Female,Boston,North East,Consumer Premium
CUST-6355,42,36-50,Female,New York,North East,Consumer Premium
CUST-8586,18,18-25,Female,Detroit,Midwest,Consumer Budget
CUST-9306,36,36-50,Female,Minneapolis,Midwest,B2B Enterprise
CUST-2919,41,36-50,Male,Minneapolis,Midwest,Consumer Budget
CUST-1216,24,18-25,Female,Minneapolis,Midwest,B2B Enterprise
CUST-3196,40,36-50,Female,Atlanta,South,SMB
CUST-2137,21,18-25,Male,Seattle,West,Consumer Premium
CUST-1367,29,26-35,Female,Boston,North East,Consumer Premium
CUST-8726,54,51-65,Male,Los Angeles,West,Consumer Budget
CUST-4601,28,26-35,Female,Minneapolis,Midwest,Consumer Budget
CUST-4073,35,26-35,Female,Philadelphia,North East,SMB
CUST-8264,30,26-35,Male,San Francisco,West,Consumer Premium
CUST-2126,41,36-50,Female,Boston,North East,SMB
CUST-2745,37,36-50,Male,Miami,South,SMB
CUST-2248,27,26-35,Male,Detroit,Midwest,Consumer Budget
CUST-9500,46,36-50,Female,Minneapolis,Midwest,Consumer Budget
CUST-9971,18,18-25,Male,Atlanta,South,SMB
CUST-3154,37,36-50,Female,Los Angeles,West,B2B Enterprise
CUST-1614,31,26-35,Female,Los Angeles,West,SMB
CUST-4486,39,36-50,Female,San Francisco,West,B2B Enterprise
CUST-2925,32,26-35,Non-Binary,Boston,North East,SMB
CUST-1978,31,26-35,Male,San Francisco,West,B2B Enterprise
CUST-6647,41,36-50,Other,Seattle,West,Consumer Budget
CUST-1073,29,26-35,Male,Los Angeles,West,SMB
CUST-5653,53,51-65,Female,Philadelphia,North East,Consumer Premium
CUST-9285,32,26-35,Female,Seattle,West,Consumer Premium
CUST-8446,30,26-35,Male,Dallas,South,SMB
CUST-7360,58,51-65,Female,Los Angeles,West,Consumer Budget
CUST-3955,39,36-50,Female,San Francisco,West,B2B Enterprise
CUST-6271,34,26-35,Male,Philadelphia,North East,Consumer Budget
CUST-6800,36,36-50,Male,Philadelphia,North East,SMB
CUST-1756,42,36-50,Male,Minneapolis,Midwest,B2B Enterprise
CUST-1558,50,36-50,Female,Chicago,Midwest,SMB
CUST-9468,47,36-50,Female,Chicago,Midwest,SMB
CUST-6747,53,51-65,Other,Seattle,West,Consumer Budget
CUST-2735,32,26-35,Male,Miami,South,Consumer Premium
CUST-2763,30,26-35,Female,New York,North East,B2B Enterprise
CUST-5380,42,36-50,Non-Binary,Dallas,South,SMB
CUST-8681,29,26-35,Female,Atlanta,South,Consumer Budget
CUST-1983,35,26-35,Male,Dallas,South,Consumer Premium
CUST-9044,42,36-50,Male,San Francisco,West,Consumer Premium
CUST-3262,57,51-65,Female,San Francisco,West,Consumer Budget
CUST-5128,58,51-65,Female,Atlanta,South,SMB
CUST-1946,40,36-50,Female,Boston,North East,Consumer Budget
CUST-3610,37,36-50,Male,Miami,South,Consumer Budget
CUST-2383,18,18-25,Male,Chicago,Midwest,Consumer Budget
CUST-3313,71,65+,Female,Miami,South,Consumer Budget
CUST-4587,34,26-35,Female,Seattle,West,B2B Enterprise
CUST-7682,32,26-35,Male,Detroit,Midwest,SMB
CUST-7903,53,51-65,Male,Atlanta,South,SMB
CUST-3549,35,26-35,Female,Minneapolis,Midwest,SMB
CUST-5117,39,36-50,Female,Philadelphia,North East,Consumer Budget
CUST-1175,42,36-50,Female,New York,North East,Consumer Budget
CUST-6950,50,36-50,Male,Los Angeles,West,SMB
CUST-5555,30,26-35,Male,Seattle,West,Consumer Premium
CUST-1011,44,36-50,Non-Binary,Miami,South,Consumer Premium
CUST-6742,20,18-25,Male,Philadelphia,North East,SMB
CUST-4440,51,51-65,Male,Atlanta,South,SMB
CUST-9593,56,51-65,Male,Boston,North East,B2B Enterprise
CUST-1968,38,36-50,Male,Atlanta,South,Consumer Budget
CUST-4962,40,36-50,Male,Seattle,West,Consumer Budget
CUST-9416,39,36-50,Female,Seattle,West,B2B Enterprise
CUST-3130,43,36-50,Female,Boston,North East,Consumer Premium
CUST-9700,45,36-50,Female,San Francisco,West,Consumer Budget
CUST-7237,38,36-50,Female,New York,North East,SMB
CUST-8018,44,36-50,Male,Atlanta,South,SMB
CUST-3211,54,51-65,Female,Los Angeles,West,Consumer Budget
CUST-8082,29,26-35,Other,Minneapolis,Midwest,Consumer Budget
CUST-7276,39,36-50,Female,San Francisco,West,Consumer Premium
CUST-2804,47,36-50,Male,Atlanta,South,B2B Enterprise
CUST-8580,64,51-65,Female,Philadelphia,North East,SMB
CUST-7472,23,18-25,Male,Minneapolis,Midwest,SMB
CUST-4906,22,18-25,Male,San Francisco,West,SMB
CUST-5349,48,36-50,Female,Atlanta,South,SMB
CUST-1443,48,36-50,Female,Philadelphia,North East,Consumer Premium
CUST-6994,40,36-50,Female,Philadelphia,North East,B2B Enterprise
CUST-6778,26,26-35,Female,Seattle,West,SMB
CUST-9766,35,26-35,Female,Chicago,Midwest,Consumer Premium
CUST-1243,25,18-25,Female,Minneapolis,Midwest,Consumer Premium
CUST-3993,62,51-65,Male,Chicago,Midwest,Consumer Premium
CUST-2556,24,18-25,Female,Dallas,South,SMB
CUST-4540,25,18-25,Male,Detroit,Midwest,SMB
CUST-2357,42,36-50,Other,Philadelphia,North East,SMB
CUST-2261,33,26-35,Female,Seattle,West,Consumer Budget
CUST-2966,47,36-50,Male,Minneapolis,Midwest,Consumer Premium
CUST-8858,33,26-35,Male,San Francisco,West,Consumer Premium
CUST-1151,28,26-35,Male,New York,North East,SMB
CUST-6199,61,51-65,Female,San Francisco,West,Consumer Premium
CUST-7227,26,26-35,Male,Minneapolis,Midwest,SMB
CUST-6897,52,51-65,Male,Detroit,Midwest,Consumer Budget
CUST-4707,48,36-50,Male,Minneapolis,Midwest,Consumer Budget
CUST-7283,26,26-35,Male,Los Angeles,West,Consumer Premium
CUST-2577,36,36-50,Female,New York,North East,Consumer Premium
CUST-1258,29,26-35,Female,Chicago,Midwest,B2B Enterprise
CUST-4723,32,26-35,Female,Minneapolis,Midwest,Consumer Budget
CUST-8653,38,36-50,Female,Seattle,West,SMB
CUST-3333,34,26-35,Female,Seattle,West,Consumer Premium
CUST-7519,24,18-25,Female,Atlanta,South,Consumer Premium
CUST-1276,18,18-25,Male,Boston,North East,Consumer Budget
CUST-7382,40,36-50,Male,Dallas,South,Consumer Premium
CUST-2866,48,36-50,Male,San Francisco,West,B2B Enterprise
CUST-7008,26,26-35,Non-Binary,Miami,South,Consumer Budget
CUST-4429,38,36-50,Female,Seattle,West,SMB
CUST-8202,37,36-50,Female,Los Angeles,West,Consumer Budget
CUST-2444,22,18-25,Female,Seattle,West,B2B Enterprise
CUST-7572,20,18-25,Female,Boston,North East,Consumer Budget
CUST-2342,31,26-35,Male,Philadelphia,North East,SMB
CUST-9613,23,18-25,Non-Binary,Philadelphia,North East,SMB
CUST-8713,18,18-25,Male,New York,North East,B2B Enterprise
CUST-3870,21,18-25,Female,San Francisco,West,Consumer Budget
CUST-9947,31,26-35,Female,San Francisco,West,SMB
CUST-8199,21,18-25,Male,Seattle,West,B2B Enterprise
CUST-8879,47,36-50,Female,Dallas,South,Consumer Budget
CUST-8381,49,36-50,Other,Philadelphia,North East,Consumer Budget
CUST-1723,21,18-25,Male,Minneapolis,Midwest,B2B Enterprise
CUST-4595,41,36-50,Female,Los Angeles,West,SMB
CUST-6094,58,51-65,Female,Miami,South,Consumer Budget
CUST-2671,51,51-65,Male,New York,North East,B2B Enterprise
CUST-8655,28,26-35,Non-Binary,Chicago,Midwest,SMB
CUST-9568,44,36-50,Female,Minneapolis,Midwest,SMB
CUST-6854,46,36-50,Female,New York,North East,Consumer Budget
CUST-3674,33,26-35,Female,Atlanta,South,Consumer Budget
CUST-7873,42,36-50,Male,Seattle,West,Consumer Premium
CUST-3146,33,26-35,Male,Philadelphia,North East,Consumer Budget
CUST-1607,45,36-50,Female,San Francisco,West,Consumer Premium
CUST-4859,49,36-50,Female,Atlanta,South,SMB
CUST-1565,27,26-35,Male,New York,North East,Consumer Budget
CUST-6136,48,36-50,Male,Atlanta,South,B2B Enterprise
CUST-2129,40,36-50,Female,Chicago,Midwest,Consumer Premium
CUST-9328,25,18-25,Male,San Francisco,West,Consumer Premium
CUST-3079,31,26-35,Female,Seattle,West,Consumer Budget
CUST-3689,34,26-35,Male,Seattle,West,B2B Enterprise
CUST-7581,51,51-65,Female,Seattle,West,Consumer Budget
CUST-7571,18,18-25,Female,Minneapolis,Midwest,B2B Enterprise
CUST-2717,18,18-25,Female,Atlanta,South,Consumer Budget
CUST-7066,26,26-35,Male,Detroit,Midwest,Consumer Budget
CUST-2707,51,51-65,Female,Los Angeles,West,B2B Enterprise
CUST-5967,30,26-35,Female,Seattle,West,SMB
CUST-1110,39,36-50,Female,Los Angeles,West,SMB
CUST-7337,19,18-25,Male,New York,North East,Consumer Budget
CUST-4026,32,26-35,Female,Miami,South,SMB
CUST-6394,33,26-35,Other,Chicago,Midwest,Consumer Budget
CUST-4053,47,36-50,Female,Los Angeles,West,B2B Enterprise
CUST-3529,35,26-35,Female,Miami,South,Consumer Budget
CUST-8213,47,36-50,Male,Seattle,West,SMB
CUST-8421,33,26-35,Male,San Francisco,West,Consumer Budget
CUST-3451,21,18-25,Female,New York,North East,B2B Enterprise
CUST-1202,30,26-35,Female,Dallas,South,Consumer Budget
CUST-4280,48,36-50,Male,Chicago,Midwest,SMB
CUST-3452,29,26-35,Male,San Francisco,West,SMB
CUST-4392,22,18-25,Male,Detroit,Midwest,SMB
CUST-9560,33,26-35,Male,San Francisco,West,Consumer Budget
CUST-9863,19,18-25,Male,Seattle,West,Consumer Premium
CUST-3415,51,51-65,Female,Los Angeles,West,Consumer Premium
CUST-7999,27,26-35,Male,New York,North East,SMB
CUST-2850,58,51-65,Female,Miami,South,Consumer Budget
CUST-6921,18,18-25,Female,Atlanta,South,SMB
CUST-3839,31,26-35,Female,Seattle,West,Consumer Budget
CUST-5007,27,26-35,Female,Los Angeles,West,Consumer Budget
CUST-2585,38,36-50,Male,Miami,South,B2B Enterprise
CUST-3048,40,36-50,Male,New York,North East,SMB
CUST-1054,46,36-50,Male,Atlanta,South,Consumer Premium
CUST-5841,44,36-50,Female,Dallas,South,B2B Enterprise
CUST-2540,32,26-35,Female,Los Angeles,West,Consumer Budget
CUST-1973,32,26-35,Male,Dallas,South,Consumer Budget
CUST-2816,38,36-50,Other,Seattle,West,SMB
CUST-3437,35,26-35,Female,New York,North East,B2B Enterprise
CUST-8353,36,36-50,Female,Seattle,West,Consumer Budget
CUST-3435,22,18-25,Male,San Francisco,West,Consumer Budget
CUST-9529,39,36-50,Female,Chicago,Midwest,SMB
CUST-3740,24,18-25,Non-Binary,Chicago,Midwest,Consumer Budget
CUST-5763,25,18-25,Male,Los Angeles,West,SMB
CUST-8675,27,26-35,Male,Minneapolis,Midwest,Consumer Budget
CUST-6074,35,26-35,Female,Miami,South,Consumer Budget
CUST-6644,55,51-65,Female,Boston,North East,SMB
CUST-1393,18,18-25,Male,Atlanta,South,SMB
CUST-9207,48,36-50,Male,Philadelphia,North East,Consumer Budget
CUST-1701,41,36-50,Male,San Francisco,West,Consumer Premium
CUST-5080,29,26-35,Female,New York,North East,SMB
CUST-8220,34,26-35,Male,Philadelphia,North East,Consumer Premium
CUST-5111,41,36-50,Female,Los Angeles,West,SMB
CUST-4833,22,18-25,Male,Atlanta,South,SMB
CUST-3542,18,18-25,Male,Miami,South,B2B Enterprise
CUST-1275,42,36-50,Male,San Francisco,West,Consumer Budget
CUST-8070,37,36-50,Male,Minneapolis,Midwest,Consumer Budget
CUST-2761,37,36-50,Female,New York,North East,Consumer Budget
CUST-4604,30,26-35,Female,New York,North East,SMB
CUST-8406,47,36-50,Female,New York,North East,Consumer Budget
CUST-8965,32,26-35,Non-Binary,Dallas,South,B2B Enterprise
CUST-9269,36,36-50,Female,Philadelphia,North East,SMB
CUST-7546,37,36-50,Male,Miami,South,SMB
CUST-1302,34,26-35,Female,Boston,North East,SMB
CUST-9198,24,18-25,Male,Atlanta,South,Consumer Budget
CUST-6685,37,36-50,Female,Philadelphia,North East,B2B Enterprise
CUST-7364,38,36-50,Female,Dallas,South,Consumer Budget
CUST-1769,52,51-65,Male,Chicago,Midwest,Consumer Premium
CUST-1845,20,18-25,Female,Boston,North East,B2B Enterprise
CUST-5674,64,51-65,Male,Seattle,West,Consumer Budget
CUST-5745,51,51-65,Female,Miami,South,SMB
CUST-3642,34,26-35,Male,Seattle,West,Consumer Premium
CUST-1370,23,18-25,Male,Chicago,Midwest,Consumer Premium
CUST-9549,60,51-65,Female,San Francisco,West,B2B Enterprise
CUST-5085,46,36-50,Female,Los Angeles,West,SMB
CUST-5911,46,36-50,Male,San Francisco,West,Consumer Premium
CUST-8587,38,36-50,Female,Detroit,Midwest,SMB
CUST-2356,41,36-50,Male,Seattle,West,SMB
CUST-5838,22,18-25,Male,Minneapolis,Midwest,SMB
CUST-3261,57,51-65,Female,Detroit,Midwest,Consumer Premium
CUST-7398,37,36-50,Male,Detroit,Midwest,Consumer Budget
CUST-4444,38,36-50,Male,Detroit,Midwest,Consumer Budget
CUST-8100,35,26-35,Non-Binary,New York,North East,B2B Enterprise
CUST-3460,34,26-35,Male,Boston,North East,SMB
CUST-6403,38,36-50,Male,New York,North East,SMB
CUST-9347,36,36-50,Male,Chicago,Midwest,Consumer Premium
CUST-8643,65,51-65,Female,Philadelphia,North East,Consumer Premium
CUST-1945,46,36-50,Male,Seattle,West,SMB
CUST-9316,39,36-50,Male,Miami,South,Consumer Budget
CUST-6935,29,26-35,Female,Seattle,West,SMB
CUST-6381,43,36-50,Female,Boston,North East,Consumer Budget
CUST-9126,29,26-35,Male,Boston,North East,Consumer Premium
CUST-2856,45,36-50,Female,New York,North East,Consumer Budget
CUST-6532,33,26-35,Male,Atlanta,South,Consumer Premium
CUST-9295,37,36-50,Male,Minneapolis,Midwest,SMB
CUST-8470,35,26-35,Other,Chicago,Midwest,SMB
CUST-4251,46,36-50,Female,Dallas,South,Consumer Budget
CUST-7587,37,36-50,Male,San Francisco,West,Consumer Premium
CUST-7344,28,26-35,Male,Boston,North East,SMB
CUST-9526,57,51-65,Male,Seattle,West,Consumer Budget
CUST-5628,48,36-50,Female,Los Angeles,West,SMB
CUST-8718,39,36-50,Non-Binary,Dallas,South,Consumer Budget
CUST-6973,21,18-25,Female,San Francisco,West,Consumer Budget
CUST-1102,37,36-50,Female,Los Angeles,West,B2B Enterprise
CUST-1134,32,26-35,Male,Seattle,West,B2B Enterprise
CUST-3125,42,36-50,Male,Minneapolis,Midwest,SMB
CUST-6254,29,26-35,Female,Los Angeles,West,SMB
CUST-8849,30,26-35,Male,Philadelphia,North East,Consumer Premium
CUST-7297,44,36-50,Male,Los Angeles,West,Consumer Premium
CUST-1806,34,26-35,Male,Seattle,West,Consumer Budget
CUST-3821,29,26-35,Male,Seattle,West,B2B Enterprise
CUST-1452,18,18-25,Male,New York,North East,Consumer Budget
CUST-9919,26,26-35,Male,Atlanta,South,Consumer Budget
CUST-1848,48,36-50,Male,Atlanta,South,Consumer Budget
CUST-5481,51,51-65,Male,New York,North East,SMB
CUST-6585,41,36-50,Female,Miami,South,SMB
CUST-4732,45,36-50,Other,Miami,South,Consumer Budget
CUST-6792,36,36-50,Female,Minneapolis,Midwest,B2B Enterprise
CUST-7632,38,36-50,Male,Miami,South,Consumer Budget
CUST-6769,20,18-25,Female,Minneapolis,Midwest,SMB
CUST-3485,39,36-50,Female,Miami,South,SMB
CUST-6621,23,18-25,Female,Philadelphia,North East,SMB
CUST-9294,35,26-35,Female,Atlanta,South,Consumer Premium
CUST-3640,48,36-50,Female,Minneapolis,Midwest,Consumer Premium
CUST-8800,36,36-50,Male,Seattle,West,Consumer Premium
CUST-9443,24,18-25,Male,San Francisco,West,Consumer Budget
CUST-4924,18,18-25,Male,Minneapolis,Midwest,B2B Enterprise
CUST-3124,36,36-50,Male,Detroit,Midwest,Consumer Premium
CUST-4725,35,26-35,Female,Miami,South,SMB
CUST-5749,31,26-35,Male,Los Angeles,West,Consumer Budget
CUST-6882,43,36-50,Non-Binary,Atlanta,South,SMB
CUST-4087,31,26-35,Female,Detroit,Midwest,Consumer Budget
CUST-4398,40,36-50,Male,New York,North East,Consumer Budget
CUST-4316,41,36-50,Non-Binary,Chicago,Midwest,SMB
CUST-8325,18,18-25,Female,Detroit,Midwest,Consumer Premium
CUST-4366,29,26-35,Male,San Francisco,West,B2B Enterprise
CUST-3891,41,36-50,Female,Philadelphia,North East,Consumer Budget
CUST-6577,36,36-50,Male,Philadelphia,North East,Consumer Budget
CUST-8432,21,18-25,Female,Boston,North East,Consumer Budget
CUST-1729,42,36-50,Male,Dallas,South,Consumer Budget
CUST-6229,22,18-25,Male,Los Angeles,West,SMB
CUST-9095,28,26-35,Male,San Francisco,West,Consumer Budget
CUST-7910,23,18-25,Female,Seattle,West,Consumer Premium
CUST-9303,27,26-35,Male,Minneapolis,Midwest,Consumer Budget
CUST-7953,32,26-35,Female,Philadelphia,North East,SMB
CUST-1881,45,36-50,Female,Los Angeles,West,Consumer Premium
CUST-1166,34,26-35,Male,Detroit,Midwest,Consumer Budget
CUST-9545,62,51-65,Male,Miami,South,Consumer Premium
CUST-8760,29,26-35,Male,Minneapolis,Midwest,Consumer Budget
CUST-6127,48,36-50,Female,Philadelphia,North East,SMB
CUST-1637,47,36-50,Male,Minneapolis,Midwest,SMB
CUST-2091,21,18-25,Male,San Francisco,West,Consumer Premium
CUST-5469,49,36-50,Male,Minneapolis,Midwest,SMB
CUST-1712,40,36-50,Male,Los Angeles,West,SMB
CUST-5752,25,18-25,Other,Detroit,Midwest,Consumer Budget
CUST-1908,39,36-50,Male,New York,North East,SMB
CUST-6637,53,51-65,Male,San Francisco,West,Consumer Budget
CUST-1792,29,26-35,Female,Philadelphia,North East,SMB
CUST-9361,24,18-25,Male,Boston,North East,SMB
CUST-8606,36,36-50,Female,Chicago,Midwest,SMB
CUST-5629,32,26-35,Other,Dallas,South,B2B Enterprise
CUST-4887,21,18-25,Male,Philadelphia,North East,Consumer Premium
CUST-4300,37,36-50,Non-Binary,New York,North East,SMB
CUST-3103,40,36-50,Male,New York,North East,Consumer Premium
CUST-9121,39,36-50,Female,Philadelphia,North East,Consumer Premium
CUST-3325,21,18-25,Female,Miami,South,Consumer Budget
CUST-9171,20,18-25,Female,Miami,South,Consumer Budget
CUST-3283,33,26-35,Male,Atlanta,South,B2B Enterprise
CUST-9778,40,36-50,Male,Philadelphia,North East,Consumer Budget
CUST-2704,18,18-25,Non-Binary,Atlanta,South,B2B Enterprise
CUST-3349,38,36-50,Female,Miami,South,Consumer Budget
CUST-5235,25,18-25,Male,Seattle,West,SMB
CUST-6618,64,51-65,Male,Miami,South,Consumer Budget
CUST-7002,18,18-25,Male,San Francisco,West,SMB
CUST-8923,20,18-25,Male,Detroit,Midwest,Consumer Budget
CUST-5852,21,18-25,Male,Atlanta,South,Consumer Premium
CUST-2234,58,51-65,Female,Philadelphia,North East,SMB
CUST-3123,18,18-25,Female,New York,North East,Consumer Budget
CUST-6454,41,36-50,Male,Philadelphia,North East,SMB
CUST-6818,46,36-50,Male,Dallas,South,Consumer Budget
CUST-4041,40,36-50,Female,San Francisco,West,B2B Enterprise
CUST-5401,60,51-65,Male,Detroit,Midwest,SMB
CUST-7394,46,36-50,Female,Minneapolis,Midwest,Consumer Premium
CUST-8983,25,18-25,Male,Philadelphia,North East,SMB
CUST-3483,25,18-25,Male,Seattle,West,B2B Enterprise
CUST-8249,31,26-35,Male,Philadelphia,North East,Consumer Premium
CUST-5139,43,36-50,Female,New York,North East,B2B Enterprise
CUST-7658,31,26-35,Male,Chicago,Midwest,B2B Enterprise
CUST-2788,41,36-50,Non-Binary,Los Angeles,West,SMB
CUST-8824,42,36-50,Male,Detroit,Midwest,Consumer Budget
CUST-1388,34,26-35,Male,Philadelphia,North East,Consumer Budget
CUST-9248,33,26-35,Male,Boston,North East,SMB
CUST-2864,34,26-35,Male,Detroit,Midwest,Consumer Budget
CUST-6461,27,26-35,Male,Dallas,South,B2B Enterprise
CUST-6877,18,18-25,Female,Seattle,West,SMB
CUST-3777,40,36-50,Female,Los Angeles,West,SMB
CUST-4945,33,26-35,Female,New York,North East,Consumer Budget
CUST-8694,38,36-50,Female,New York,North East,Consumer Budget
CUST-7765,31,26-35,Male,Los Angeles,West,Consumer Premium
CUST-8288,40,36-50,Female,Los Angeles,West,SMB
CUST-3524,33,26-35,Female,Los Angeles,West,SMB
CUST-9768,37,36-50,Male,San Francisco,West,SMB
CUST-8564,20,18-25,Male,Philadelphia,North East,Consumer Budget
CUST-7957,26,26-35,Male,Boston,North East,B2B Enterprise
CUST-1992,46,36-50,Female,Los Angeles,West,Consumer Budget
CUST-9488,48,36-50,Male,New York,North East,SMB
CUST-1954,38,36-50,Male,Philadelphia,North East,SMB
CUST-8523,41,36-50,Non-Binary,Chicago,Midwest,SMB
CUST-9478,45,36-50,Female,Seattle,West,B2B Enterprise
CUST-6170,52,51-65,Female,Detroit,Midwest,Consumer Budget
CUST-7767,47,36-50,Female,Los Angeles,West,SMB
CUST-5164,44,36-50,Male,New York,North East,SMB
CUST-4344,25,18-25,Female,Seattle,West,Consumer Premium
CUST-3595,54,51-65,Male,Philadelphia,North East,SMB
CUST-1898,48,36-50,Female,Minneapolis,Midwest,Consumer Premium
CUST-9049,19,18-25,Female,Atlanta,South,Consumer Budget
CUST-2855,30,26-35,Female,Atlanta,South,Consumer Budget
CUST-3260,46,36-50,Male,Philadelphia,North East,Consumer Budget
CUST-9061,39,36-50,Male,Seattle,West,B2B Enterprise
CUST-8330,18,18-25,Female,Chicago,Midwest,Consumer Premium
CUST-5225,45,36-50,Female,New York,North East,SMB
CUST-3829,41,36-50,Male,Detroit,Midwest,Consumer Premium
CUST-9795,30,26-35,Female,Los Angeles,West,Consumer Budget
CUST-4522,33,26-35,Male,Detroit,Midwest,Consumer Budget
CUST-5850,41,36-50,Female,San Francisco,West,B2B Enterprise
CUST-4956,42,36-50,Female,Minneapolis,Midwest,Consumer Premium
CUST-3052,39,36-50,Male,Philadelphia,North East,Consumer Budget
CUST-3989,23,18-25,Female,Seattle,West,Consumer Budget
CUST-4399,40,36-50,Male,Miami,South,Consumer Budget
CUST-9604,54,51-65,Female,Minneapolis,Midwest,B2B Enterprise
CUST-7811,38,36-50,Female,Seattle,West,Consumer Budget
CUST-4837,57,51-65,Female,San Francisco,West,Consumer Budget
CUST-4163,34,26-35,Female,San Francisco,West,Consumer Premium
CUST-5126,46,36-50,Male,New York,North East,Consumer Premium
CUST-2441,37,36-50,Male,New York,North East,SMB
CUST-6737,55,51-65,Female,Atlanta,South,Consumer Budget
CUST-6492,53,51-65,Female,Chicago,Midwest,SMB
CUST-8501,39,36-50,Male,New York,North East,SMB
CUST-4146,39,36-50,Male,Detroit,Midwest,Consumer Premium
CUST-4717,41,36-50,Female,Los Angeles,West,SMB
CUST-5066,20,18-25,Female,San Francisco,West,Consumer Premium
CUST-3173,49,36-50,Female,Boston,North East,B2B Enterprise
CUST-8477,21,18-25,Male,Minneapolis,Midwest,Consumer Budget
CUST-7288,42,36-50,Female,Boston,North East,B2B Enterprise
CUST-4776,40,36-50,Male,Seattle,West,SMB
CUST-4828,57,51-65,Female,Detroit,Midwest,SMB
CUST-9870,31,26-35,Male,San Francisco,West,SMB
CUST-6723,43,36-50,Female,Seattle,West,Consumer Budget
CUST-2996,30,26-35,Male,Seattle,West,SMB
CUST-1157,21,18-25,Non-Binary,Minneapolis,Midwest,Consumer Premium
CUST-5625,56,51-65,Male,Minneapolis,Midwest,Consumer Budget
CUST-6927,29,26-35,Female,New York,North East,B2B Enterprise
CUST-1080,45,36-50,Female,San Francisco,West,Consumer Budget
CUST-9346,26,26-35,Male,Los Angeles,West,Consumer Premium
CUST-3886,23,18-25,Male,Philadelphia,North East,SMB
CUST-6899,38,36-50,Male,Miami,South,B2B Enterprise
CUST-6128,43,36-50,Male,Philadelphia,North East,Consumer Budget
CUST-5971,29,26-35,Female,Los Angeles,West,Consumer Premium
CUST-8828,19,18-25,Male,Dallas,South,SMB
CUST-6596,62,51-65,Female,Atlanta,South,Consumer Budget
CUST-8429,43,36-50,Non-Binary,San Francisco,West,Consumer Budget
CUST-7522,30,26-35,Female,New York,North East,Consumer Premium
CUST-6484,48,36-50,Male,Los Angeles,West,B2B Enterprise
CUST-3358,34,26-35,Female,Miami,South,Consumer Premium
CUST-4657,45,36-50,Female,Philadelphia,North East,Consumer Budget
CUST-4729,57,51-65,Female,Atlanta,South,SMB
CUST-6641,39,36-50,Female,Chicago,Midwest,Consumer Budget
CUST-3555,58,51-65,Male,Dallas,South,B2B Enterprise
CUST-8027,31,26-35,Male,Detroit,Midwest,SMB
CUST-6255,33,26-35,Female,Boston,North East,SMB
CUST-9211,46,36-50,Female,San Francisco,West,Consumer Premium
CUST-7462,45,36-50,Male,Minneapolis,Midwest,Consumer Budget
CUST-5522,22,18-25,Male,Philadelphia,North East,Consumer Premium
CUST-9692,18,18-25,Male,Boston,North East,Consumer Budget
CUST-6102,44,36-50,Male,Boston,North East,SMB
CUST-9928,40,36-50,Other,Philadelphia,North East,B2B Enterprise
CUST-1408,40,36-50,Female,Seattle,West,Consumer Budget
CUST-5375,18,18-25,Male,Los Angeles,West,Consumer Premium
CUST-6563,44,36-50,Female,Philadelphia,North East,Consumer Budget
CUST-4977,38,36-50,Male,San Francisco,West,SMB
CUST-5923,43,36-50,Male,Dallas,South,Consumer Budget
CUST-6640,37,36-50,Male,Atlanta,South,Consumer Budget
CUST-6323,54,51-65,Female,New York,North East,SMB
CUST-4362,37,36-50,Male,Atlanta,South,Consumer Premium
CUST-1870,46,36-50,Male,Los Angeles,West,SMB
CUST-3499,34,26-35,Female,Los Angeles,West,B2B Enterprise
CUST-8228,43,36-50,Female,New York,North East,SMB
CUST-6631,18,18-25,Female,Detroit,Midwest,SMB
CUST-2035,42,36-50,Male,Boston,North East,Consumer Budget
CUST-8825,39,36-50,Female,Dallas,South,SMB
CUST-4485,64,51-65,Female,Minneapolis,Midwest,Consumer Budget
CUST-7312,37,36-50,Male,Atlanta,South,SMB
CUST-8095,49,36-50,Male,Chicago,Midwest,Consumer Premium
CUST-1919,40,36-50,Male,Miami,South,SMB
CUST-2468,42,36-50,Female,San Francisco,West,SMB
CUST-4535,42,36-50,Female,Dallas,South,Consumer Budget
CUST-2922,25,18-25,Female,Detroit,Midwest,SMB
CUST-5002,48,36-50,Female,Minneapolis,Midwest,SMB
CUST-9849,29,26-35,Male,Atlanta,South,SMB
CUST-7865,18,18-25,Female,New York,North East,SMB
CUST-8992,36,36-50,Female,Minneapolis,Midwest,Consumer Premium
CUST-4568,46,36-50,Male,Dallas,South,Consumer Premium
CUST-8669,39,36-50,Male,Philadelphia,North East,SMB
CUST-9099,37,36-50,Other,Los Angeles,West,Consumer Budget
CUST-1467,30,26-35,Female,Seattle,West,Consumer Budget
CUST-2372,44,36-50,Female,Boston,North East,Consumer Budget
CUST-4503,55,51-65,Male,Seattle,West,Consumer Budget
CUST-2359,30,26-35,Female,New York,North East,Consumer Budget
CUST-1005,18,18-25,Male,Dallas,South,Consumer Budget
CUST-7203,32,26-35,Male,New York,North East,SMB
CUST-8075,51,51-65,Male,San Francisco,West,SMB
CUST-2508,41,36-50,Male,Dallas,South,Consumer Premium
CUST-8744,38,36-50,Female,Minneapolis,Midwest,Consumer Budget
CUST-9573,50,36-50,Female,Minneapolis,Midwest,Consumer Budget
CUST-9784,29,26-35,Female,Dallas,South,SMB
CUST-2624,38,36-50,Male,Atlanta,South,SMB
CUST-5270,35,26-35,Male,Boston,North East,SMB
CUST-2779,41,36-50,Female,Atlanta,South,SMB
CUST-4019,43,36-50,Male,Detroit,Midwest,Consumer Budget
CUST-7195,42,36-50,Male,Los Angeles,West,Consumer Budget
CUST-5681,35,26-35,Female,Boston,North East,SMB
CUST-7768,21,18-25,Female,Detroit,Midwest,Consumer Budget
CUST-2236,43,36-50,Male,Boston,North East,SMB
CUST-1696,37,36-50,Male,Minneapolis,Midwest,Consumer Premium
CUST-9884,45,36-50,Male,Philadelphia,North East,SMB
CUST-9964,29,26-35,Male,Atlanta,South,SMB
CUST-7850,45,36-50,Female,New York,North East,Consumer Budget
CUST-2708,31,26-35,Female,Los Angeles,West,Consumer Premium
CUST-7713,38,36-50,Male,Atlanta,South,Consumer Budget
CUST-6985,39,36-50,Female,Dallas,South,Consumer Budget
CUST-3392,48,36-50,Female,Los Angeles,West,SMB
CUST-3182,49,36-50,Male,Miami,South,B2B Enterprise
CUST-9243,43,36-50,Male,Detroit,Midwest,SMB
CUST-1931,28,26-35,Female,Dallas,South,Consumer Premium
CUST-4813,62,51-65,Female,Los Angeles,West,Consumer Premium
CUST-1734,26,26-35,Female,Dallas,South,B2B Enterprise
CUST-2626,34,26-35,Male,Miami,South,Consumer Budget
CUST-1737,20,18-25,Male,Philadelphia,North East,SMB
CUST-6235,37,36-50,Male,Minneapolis,Midwest,Consumer Budget
CUST-4893,27,26-35,Female,Detroit,Midwest,SMB
CUST-4011,32,26-35,Female,Seattle,West,B2B Enterprise
CUST-2105,52,51-65,Male,Seattle,West,Consumer Premium
CUST-6776,55,51-65,Female,Atlanta,South,B2B Enterprise
CUST-6860,54,51-65,Male,Detroit,Midwest,Consumer Budget
CUST-9979,40,36-50,Male,San Francisco,West,Consumer Budget
CUST-7158,38,36-50,Female,Atlanta,South,Consumer Budget
CUST-3330,19,18-25,Non-Binary,Dallas,South,SMB
CUST-4371,29,26-35,Male,Atlanta,South,SMB
CUST-2178,59,51-65,Female,Boston,North East,Consumer Premium
CUST-3073,46,36-50,Male,Dallas,South,B2B Enterprise
CUST-4296,46,36-50,Male,San Francisco,West,B2B Enterprise
CUST-2360,18,18-25,Male,San Francisco,West,Consumer Budget
CUST-5554,50,36-50,Male,Boston,North East,B2B Enterprise
CUST-1048,53,51-65,Female,Boston,North East,Consumer Premium
CUST-5431,42,36-50,Female,Miami,South,B2B Enterprise
CUST-6257,35,26-35,Male,Dallas,South,SMB
CUST-3823,47,36-50,Male,Seattle,West,Consumer Budget
CUST-5317,20,18-25,Female,Atlanta,South,Consumer Budget
CUST-5052,28,26-35,Male,New York,North East,Consumer Premium
CUST-2405,46,36-50,Female,Chicago,Midwest,Consumer Budget
CUST-4939,37,36-50,Female,Philadelphia,North East,SMB
CUST-8091,30,26-35,Male,Detroit,Midwest,Consumer Budget
CUST-7593,31,26-35,Female,Minneapolis,Midwest,B2B Enterprise
CUST-3219,26,26-35,Female,Boston,North East,Consumer Budget
CUST-4401,54,51-65,Male,Seattle,West,Consumer Budget
CUST-5995,48,36-50,Female,New York,North East,Consumer Budget
CUST-6913,46,36-50,Male,Dallas,South,Consumer Budget
CUST-6260,47,36-50,Male,Detroit,Midwest,SMB
CUST-3882,26,26-35,Female,Detroit,Midwest,Consumer Budget
CUST-5502,53,51-65,Male,Seattle,West,SMB
CUST-7993,42,36-50,Female,Boston,North East,B2B Enterprise
CUST-2409,40,36-50,Male,Seattle,West,Consumer Budget
CUST-2215,50,36-50,Male,Philadelphia,North East,SMB
CUST-6961,36,36-50,Female,Atlanta,South,SMB
CUST-5188,18,18-25,Female,Dallas,South,B2B Enterprise
CUST-7729,46,36-50,Male,Los Angeles,West,Consumer Budget
CUST-5326,33,26-35,Male,Boston,North East,Consumer Premium
CUST-3072,32,26-35,Female,Atlanta,South,Consumer Budget
CUST-6954,54,51-65,Female,Seattle,West,Consumer Premium
CUST-2379,27,26-35,Male,Boston,North East,SMB
CUST-8474,34,26-35,Female,New York,North East,SMB
CUST-1739,18,18-25,Male,Minneapolis,Midwest,SMB
CUST-9633,36,36-50,Female,Los Angeles,West,Consumer Budget
CUST-8048,48,36-50,Male,Philadelphia,North East,Consumer Budget
CUST-4658,31,26-35,Male,Minneapolis,Midwest,SMB
CUST-6624,35,26-35,Female,Los Angeles,West,B2B Enterprise
CUST-6270,48,36-50,Female,Philadelphia,North East,B2B Enterprise
CUST-1485,54,51-65,Male,Los Angeles,West,Consumer Premium
CUST-2142,65,51-65,Male,Boston,North East,Consumer Budget
CUST-8550,21,18-25,Male,Dallas,South,Consumer Budget
CUST-7258,46,36-50,Male,Miami,South,Consumer Budget
CUST-9627,41,36-50,Male,Detroit,Midwest,SMB
CUST-7673,24,18-25,Male,Boston,North East,Consumer Budget
CUST-5883,26,26-35,Female,Philadelphia,North East,SMB
CUST-8512,32,26-35,Female,New York,North East,SMB
CUST-9989,47,36-50,Female,Miami,South,Consumer Premium
CUST-5827,29,26-35,Female,Minneapolis,Midwest,SMB
CUST-8921,34,26-35,Male,Los Angeles,West,Consumer Premium
CUST-4910,40,36-50,Female,Los Angeles,West,SMB
CUST-2842,56,51-65,Male,Miami,South,SMB
CUST-9082,48,36-50,Male,Seattle,West,SMB
CUST-8435,24,18-25,Female,Dallas,South,SMB
CUST-3659,20,18-25,Female,San Francisco,West,SMB
CUST-2336,38,36-50,Male,Boston,North East,Consumer Budget
CUST-4222,45,36-50,Female,New York,North East,SMB
CUST-2478,34,26-35,Male,Los Angeles,West,SMB
CUST-2374,31,26-35,Female,Philadelphia,North East,Consumer Premium
CUST-6959,24,18-25,Female,Detroit,Midwest,SMB
CUST-5353,45,36-50,Female,Dallas,South,Consumer Budget
CUST-7676,18,18-25,Female,Minneapolis,Midwest,Consumer Premium
CUST-6592,62,51-65,Female,Detroit,Midwest,Consumer Premium
CUST-8395,18,18-25,Male,Detroit,Midwest,Consumer Premium
CUST-9753,46,36-50,Male,Chicago,Midwest,B2B Enterprise
CUST-6757,22,18-25,Female,Boston,North East,Consumer Budget
CUST-6282,22,18-25,Female,Chicago,Midwest,B2B Enterprise
CUST-7389,40,36-50,Female,Los Angeles,West,SMB
CUST-6337,45,36-50,Male,Minneapolis,Midwest,Consumer Budget
CUST-5116,18,18-25,Female,Detroit,Midwest,Consumer Premium
CUST-9576,52,51-65,Male,Atlanta,South,Consumer Budget
CUST-7450,28,26-35,Female,Atlanta,South,Consumer Premium
CUST-7465,25,18-25,Female,New York,North East,Consumer Budget
CUST-5347,32,26-35,Female,Dallas,South,Consumer Budget
CUST-2391,40,36-50,Female,Boston,North East,Consumer Premium
CUST-1570,37,36-50,Female,Philadelphia,North East,SMB
CUST-6539,41,36-50,Male,Boston,North East,SMB
CUST-6606,18,18-25,Female,Dallas,South,SMB
CUST-4651,27,26-35,Male,Philadelphia,North East,Consumer Budget
CUST-7444,51,51-65,Female,Miami,South,SMB
CUST-6588,27,26-35,Male,Dallas,South,SMB
CUST-1591,50,36-50,Female,Boston,North East,SMB
CUST-9580,18,18-25,Male,Dallas,South,Consumer Premium
CUST-9378,53,51-65,Male,Los Angeles,West,SMB
CUST-3500,33,26-35,Female,Chicago,Midwest,Consumer Budget
CUST-8806,52,51-65,Male,Boston,North East,SMB
CUST-5269,43,36-50,Female,Atlanta,South,Consumer Budget
CUST-2854,45,36-50,Male,Dallas,South,Consumer Budget
CUST-2463,31,26-35,Male,Boston,North East,Consumer Premium
CUST-5215,33,26-35,Male,Los Angeles,West,Consumer Premium
CUST-5067,33,26-35,Female,Seattle,West,Consumer Premium
CUST-6783,22,18-25,Female,Philadelphia,North East,Consumer Premium
CUST-2024,37,36-50,Male,Atlanta,South,B2B Enterprise
CUST-9006,20,18-25,Female,San Francisco,West,Consumer Budget
CUST-8845,41,36-50,Female,Seattle,West,B2B Enterprise
CUST-9834,47,36-50,Female,Atlanta,South,SMB
CUST-3586,18,18-25,Male,Philadelphia,North East,SMB
CUST-9557,38,36-50,Female,Miami,South,SMB
CUST-7542,40,36-50,Female,Chicago,Midwest,Consumer Budget
CUST-6965,25,18-25,Female,Dallas,South,Consumer Premium
CUST-3847,22,18-25,Male,Seattle,West,SMB
CUST-5877,32,26-35,Female,Dallas,South,SMB
CUST-8456,18,18-25,Female,Atlanta,South,Consumer Budget
CUST-4278,27,26-35,Male,Chicago,Midwest,SMB
CUST-3820,28,26-35,Female,Boston,North East,SMB
CUST-3025,52,51-65,Female,New York,North East,Consumer Budget
CUST-6176,45,36-50,Male,Philadelphia,North East,SMB
CUST-8149,25,18-25,Male,Dallas,South,Consumer Premium
CUST-3394,32,26-35,Male,Philadelphia,North East,Consumer Premium
CUST-9487,41,36-50,Female,Minneapolis,Midwest,SMB
CUST-6430,46,36-50,Female,Atlanta,South,Consumer Budget
CUST-9051,54,51-65,Female,Dallas,South,Consumer Premium
CUST-5075,35,26-35,Male,San Francisco,West,Consumer Premium
CUST-6829,49,36-50,Male,San Francisco,West,SMB
CUST-5719,40,36-50,Male,San Francisco,West,Consumer Budget
CUST-7105,48,36-50,Male,New York,North East,SMB
CUST-4795,62,51-65,Female,New York,North East,Consumer Premium
CUST-1135,43,36-50,Female,Boston,North East,SMB
CUST-1183,24,18-25,Non-Binary,Detroit,Midwest,SMB
CUST-4575,18,18-25,Female,Philadelphia,North East,Consumer Budget
CUST-8728,55,51-65,Male,Dallas,South,B2B Enterprise
CUST-4217,53,51-65,Female,Miami,South,Consumer Premium
CUST-7616,33,26-35,Female,Minneapolis,Midwest,Consumer Budget
CUST-6305,43,36-50,Non-Binary,Minneapolis,Midwest,Consumer Premium
CUST-7846,40,36-50,Male,Detroit,Midwest,Consumer Budget
CUST-4409,52,51-65,Female,Atlanta,South,Consumer Premium
CUST-1125,34,26-35,Male,Minneapolis,Midwest,B2B Enterprise
CUST-7606,32,26-35,Female,Chicago,Midwest,Consumer Budget
CUST-4052,35,26-35,Female,Seattle,West,B2B Enterprise
CUST-1446,32,26-35,Female,Boston,North East,B2B Enterprise
CUST-2158,58,51-65,Male,Seattle,West,Consumer Budget
CUST-2598,25,18-25,Male,Los Angeles,West,Consumer Budget
CUST-5778,18,18-25,Non-Binary,New York,North East,SMB
CUST-8453,38,36-50,Male,Miami,South,SMB
CUST-1882,35,26-35,Female,Los Angeles,West,Consumer Budget
CUST-2971,59,51-65,Female,Atlanta,South,Consumer Budget
CUST-1085,58,51-65,Female,Seattle,West,Consumer Budget
CUST-7885,68,65+,Female,San Francisco,West,SMB
CUST-7623,43,36-50,Female,Atlanta,South,SMB
CUST-9975,38,36-50,Female,Dallas,South,SMB
CUST-6553,31,26-35,Female,Seattle,West,B2B Enterprise
CUST-3057,49,36-50,Female,Minneapolis,Midwest,B2B Enterprise
CUST-4748,37,36-50,Male,Philadelphia,North East,SMB
CUST-2566,23,18-25,Male,Seattle,West,Consumer Premium
CUST-6111,35,26-35,Female,San Francisco,West,Consumer Budget
CUST-8269,38,36-50,Male,Atlanta,South,SMB
CUST-5387,57,51-65,Female,Minneapolis,Midwest,Consumer Budget
CUST-4648,37,36-50,Female,Chicago,Midwest,Consumer Budget
CUST-4688,42,36-50,Female,Miami,South,B2B Enterprise
CUST-9710,42,36-50,Female,San Francisco,West,SMB
CUST-2075,43,36-50,Female,Los Angeles,West,Consumer Premium
CUST-3813,29,26-35,Male,Minneapolis,Midwest,Consumer Budget
CUST-6109,33,26-35,Female,Seattle,West,Consumer Premium
CUST-9629,20,18-25,Male,Minneapolis,Midwest,Consumer Premium
CUST-4056,34,26-35,Female,Atlanta,South,SMB
CUST-1360,48,36-50,Male,Minneapolis,Midwest,Consumer Budget
CUST-8480,45,36-50,Female,Miami,South,Consumer Premium
CUST-2884,38,36-50,Female,Detroit,Midwest,B2B Enterprise
CUST-5982,33,26-35,Male,Boston,North East,Consumer Budget
CUST-2753,25,18-25,Female,Los Angeles,West,Consumer Premium
CUST-2860,46,36-50,Male,Seattle,West,SMB
CUST-6290,43,36-50,Male,Minneapolis,Midwest,B2B Enterprise
CUST-1288,38,36-50,Female,San Francisco,West,B2B Enterprise
CUST-5342,54,51-65,Male,Detroit,Midwest,Consumer Premium
CUST-9355,55,51-65,Male,Philadelphia,North East,Consumer Budget
CUST-3515,31,26-35,Female,Los Angeles,West,Consumer Premium
CUST-9980,32,26-35,Female,Minneapolis,Midwest,SMB
CUST-8495,33,26-35,Female,Minneapolis,Midwest,B2B Enterprise
CUST-3215,43,36-50,Male,San Francisco,West,Consumer Premium
CUST-5302,36,36-50,Female,Philadelphia,North East,Consumer Budget
CUST-2283,49,36-50,Female,Boston,North East,Consumer Premium
CUST-4588,38,36-50,Female,Philadelphia,North East,SMB
CUST-2499,37,36-50,Female,Los Angeles,West,Consumer Budget
CUST-5688,21,18-25,Female,Dallas,South,B2B Enterprise
CUST-9245,29,26-35,Female,Seattle,West,B2B Enterprise
CUST-6798,39,36-50,Male,Detroit,Midwest,Consumer Budget
CUST-6104,43,36-50,Male,Seattle,West,Consumer Budget
CUST-3250,33,26-35,Female,Atlanta,South,Consumer Premium
CUST-2227,37,36-50,Female,Atlanta,South,Consumer Premium
CUST-3069,34,26-35,Male,Detroit,Midwest,Consumer Premium
CUST-8366,56,51-65,Male,Minneapolis,Midwest,Consumer Premium
CUST-8644,21,18-25,Female,Seattle,West,B2B Enterprise
CUST-5090,23,18-25,Female,Chicago,Midwest,SMB
CUST-3216,47,36-50,Male,New York,North East,B2B Enterprise
CUST-5383,24,18-25,Female,Chicago,Midwest,B2B Enterprise
CUST-6638,34,26-35,Male,Los Angeles,West,Consumer Budget
CUST-5594,18,18-25,Male,Seattle,West,Consumer Budget
CUST-2420,41,36-50,Female,New York,North East,B2B Enterprise
CUST-9714,42,36-50,Male,Dallas,South,Consumer Premium
CUST-3660,27,26-35,Male,Dallas,South,SMB
CUST-3383,46,36-50,Non-Binary,New York,North East,Consumer Premium
CUST-5973,41,36-50,Non-Binary,Atlanta,South,Consumer Premium
CUST-8201,42,36-50,Male,San Francisco,West,Consumer Premium
CUST-9847,23,18-25,Female,Detroit,Midwest,B2B Enterprise
CUST-7761,26,26-35,Male,Minneapolis,Midwest,SMB
CUST-8279,40,36-50,Female,Los Angeles,West,SMB
CUST-7322,55,51-65,Male,Atlanta,South,Consumer Budget
CUST-8676,18,18-25,Female,Atlanta,South,B2B Enterprise
CUST-2200,43,36-50,Male,Miami,South,SMB
CUST-2135,44,36-50,Female,Chicago,Midwest,Consumer Budget
CUST-6077,31,26-35,Female,Minneapolis,Midwest,Consumer Premium
CUST-6383,25,18-25,Female,Los Angeles,West,SMB
CUST-8729,44,36-50,Female,Los Angeles,West,Consumer Budget
CUST-5641,21,18-25,Male,San Francisco,West,Consumer Budget
CUST-8554,32,26-35,Non-Binary,Philadelphia,North East,Consumer Budget
CUST-2793,39,36-50,Male,New York,North East,SMB
CUST-8898,48,36-50,Female,Minneapolis,Midwest,Consumer Premium
CUST-3340,43,36-50,Female,Los Angeles,West,Consumer Budget
CUST-2280,29,26-35,Female,Atlanta,South,SMB
CUST-3860,22,18-25,Other,Philadelphia,North East,SMB
CUST-9846,33,26-35,Male,Los Angeles,West,Consumer Budget
CUST-2443,37,36-50,Male,Chicago,Midwest,Consumer Budget
CUST-4094,39,36-50,Female,Chicago,Midwest,Consumer Budget
CUST-9657,34,26-35,Male,New York,North East,Consumer Premium
CUST-4259,67,65+,Female,Atlanta,South,Consumer Premium
CUST-4898,36,36-50,Male,New York,North East,B2B Enterprise
CUST-4034,64,51-65,Female,San Francisco,West,SMB
CUST-4184,39,36-50,Male,Detroit,Midwest,B2B Enterprise
CUST-7326,55,51-65,Male,Chicago,Midwest,B2B Enterprise
CUST-3501,33,26-35,Male,Atlanta,South,Consumer Premium
CUST-6325,43,36-50,Male,Chicago,Midwest,SMB
CUST-7065,18,18-25,Female,Minneapolis,Midwest,Consumer Budget
CUST-4787,58,51-65,Male,Boston,North East,Consumer Budget
CUST-3574,39,36-50,Female,New York,North East,SMB
CUST-7106,36,36-50,Female,Detroit,Midwest,SMB
CUST-4022,45,36-50,Male,Miami,South,Consumer Budget
CUST-3627,33,26-35,Male,Boston,North East,Consumer Budget
CUST-7807,31,26-35,Male,San Francisco,West,Consumer Premium
CUST-6100,48,36-50,Male,San Francisco,West,Consumer Budget
CUST-1237,59,51-65,Female,Minneapolis,Midwest,SMB
CUST-5675,23,18-25,Other,Seattle,West,Consumer Budget
CUST-9508,36,36-50,Female,Chicago,Midwest,Consumer Budget
CUST-8241,28,26-35,Male,Minneapolis,Midwest,SMB
CUST-5372,34,26-35,Male,Chicago,Midwest,SMB
CUST-6079,30,26-35,Female,Boston,North East,SMB
CUST-6166,25,18-25,Male,Detroit,Midwest,Consumer Premium
CUST-2641,53,51-65,Female,Atlanta,South,B2B Enterprise
CUST-7184,56,51-65,Male,Miami,South,Consumer Premium
CUST-5289,26,26-35,Female,New York,North East,Consumer Premium
CUST-4359,32,26-35,Female,San Francisco,West,Consumer Premium
CUST-3670,23,18-25,Male,Miami,South,B2B Enterprise
CUST-9701,38,36-50,Male,Atlanta,South,Consumer Budget
CUST-2218,47,36-50,Male,Philadelphia,North East,SMB
CUST-1831,45,36-50,Female,New York,North East,Consumer Premium
CUST-8686,28,26-35,Male,Los Angeles,West,Consumer Premium
CUST-5102,18,18-25,Male,Seattle,West,SMB
CUST-1994,54,51-65,Other,Boston,North East,SMB
CUST-3056,32,26-35,Female,New York,North East,SMB
CUST-5209,18,18-25,Male,Dallas,South,SMB
CUST-5461,26,26-35,Male,Chicago,Midwest,Consumer Budget
CUST-1305,36,36-50,Male,Chicago,Midwest,Consumer Premium
CUST-7589,39,36-50,Male,New York,North East,B2B Enterprise
CUST-3721,58,51-65,Male,Los Angeles,West,Consumer Premium
CUST-2759,36,36-50,Male,Chicago,Midwest,SMB
CUST-6142,34,26-35,Female,Boston,North East,SMB
CUST-1050,23,18-25,Other,Los Angeles,West,Consumer Premium
CUST-8980,20,18-25,Female,Detroit,Midwest,Consumer Budget
CUST-5300,51,51-65,Female,Atlanta,South,SMB
CUST-4797,44,36-50,Male,Detroit,Midwest,Consumer Budget
CUST-5357,42,36-50,Non-Binary,Miami,South,SMB
CUST-7173,54,51-65,Male,Philadelphia,North East,B2B Enterprise
CUST-1810,64,51-65,Non-Binary,Seattle,West,Consumer Budget
CUST-9804,32,26-35,Female,Miami,South,SMB
CUST-8180,28,26-35,Male,Los Angeles,West,B2B Enterprise
CUST-2882,28,26-35,Male,New York,North East,Consumer Budget
CUST-1107,32,26-35,Female,New York,North East,SMB
CUST-3027,39,36-50,Male,Minneapolis,Midwest,SMB
CUST-6131,50,36-50,Male,Chicago,Midwest,Consumer Budget
CUST-6247,34,26-35,Male,Dallas,South,Consumer Premium
CUST-3843,31,26-35,Male,Atlanta,South,Consumer Budget
CUST-8379,37,36-50,Male,Philadelphia,North East,SMB
CUST-8344,34,26-35,Male,San Francisco,West,Consumer Premium
CUST-3680,46,36-50,Male,Chicago,Midwest,Consumer Premium
CUST-7738,33,26-35,Female,Dallas,South,SMB
CUST-7175,44,36-50,Male,San Francisco,West,Consumer Premium
CUST-8372,29,26-35,Male,Chicago,Midwest,Consumer Premium
CUST-1952,33,26-35,Female,Dallas,South,Consumer Premium
CUST-5288,47,36-50,Male,Minneapolis,Midwest,Consumer Budget
CUST-6748,33,26-35,Female,Chicago,Midwest,SMB
CUST-3292,25,18-25,Male,Chicago,Midwest,Consumer Budget
CUST-5458,36,36-50,Male,San Francisco,West,SMB
CUST-8409,36,36-50,Female,Philadelphia,North East,Consumer Premium
CUST-7966,68,65+,Male,Atlanta,South,Consumer Premium
CUST-4116,35,26-35,Male,Philadelphia,North East,Consumer Budget
CUST-5772,45,36-50,Female,Minneapolis,Midwest,Consumer Premium
CUST-4913,34,26-35,Female,Los Angeles,West,SMB
CUST-4063,48,36-50,Male,Boston,North East,B2B Enterprise
CUST-1716,28,26-35,Female,Seattle,West,SMB
CUST-1078,39,36-50,Male,Boston,North East,Consumer Budget
CUST-4958,46,36-50,Female,Detroit,Midwest,Consumer Budget
CUST-1645,43,36-50,Female,Seattle,West,Consumer Budget
CUST-9436,49,36-50,Female,Chicago,Midwest,SMB
CUST-3044,50,36-50,Female,San Francisco,West,SMB
CUST-4055,39,36-50,Female,Atlanta,South,Consumer Budget
CUST-8702,49,36-50,Female,Philadelphia,North East,Consumer Premium
CUST-6713,32,26-35,Male,Los Angeles,West,Consumer Budget
CUST-6083,46,36-50,Male,Boston,North East,Consumer Budget
CUST-6837,36,36-50,Male,Los Angeles,West,SMB
CUST-4721,36,36-50,Male,Los Angeles,West,SMB
CUST-6347,43,36-50,Male,Dallas,South,SMB
CUST-7785,32,26-35,Male,Seattle,West,Consumer Premium
CUST-4076,23,18-25,Female,Seattle,West,Consumer Budget
CUST-8819,54,51-65,Female,Miami,South,Consumer Budget
CUST-4395,33,26-35,Male,Chicago,Midwest,Consumer Budget
CUST-5992,38,36-50,Female,Dallas,South,Consumer Budget
CUST-7956,47,36-50,Male,Miami,South,SMB
CUST-4318,26,26-35,Female,Philadelphia,North East,Consumer Budget
CUST-5728,37,36-50,Male,Miami,South,SMB
CUST-4955,45,36-50,Male,Minneapolis,Midwest,SMB
CUST-5086,50,36-50,Female,Los Angeles,West,Consumer Premium
CUST-3629,34,26-35,Male,Seattle,West,Consumer Budget
CUST-5493,28,26-35,Male,New York,North East,Consumer Budget
CUST-3181,41,36-50,Male,Philadelphia,North East,Consumer Budget
CUST-9175,46,36-50,Male,Seattle,West,B2B Enterprise
CUST-4796,48,36-50,Female,San Francisco,West,SMB
CUST-9012,39,36-50,Female,Detroit,Midwest,Consumer Premium
CUST-1625,35,26-35,Male,Dallas,South,Consumer Budget
CUST-3230,49,36-50,Male,Los Angeles,West,Consumer Budget
CUST-8055,45,36-50,Female,Philadelphia,North East,Consumer Premium
CUST-4243,24,18-25,Female,San Francisco,West,B2B Enterprise
CUST-3712,37,36-50,Female,Dallas,South,Consumer Budget
CUST-8725,18,18-25,Male,Dallas,South,Consumer Premium
CUST-3559,24,18-25,Male,Philadelphia,North East,Consumer Premium
CUST-5243,45,36-50,Female,Boston,North East,SMB
CUST-9992,52,51-65,Female,San Francisco,West,SMB
CUST-2865,35,26-35,Male,New York,North East,SMB
CUST-3339,24,18-25,Male,San Francisco,West,SMB
CUST-8878,52,51-65,Male,New York,North East,Consumer Budget
CUST-4943,37,36-50,Male,New York,North East,Consumer Premium
CUST-1666,19,18-25,Female,Detroit,Midwest,SMB
CUST-1921,32,26-35,Male,Seattle,West,Consumer Budget
CUST-9602,29,26-35,Female,Atlanta,South,SMB
CUST-1394,35,26-35,Male,Los Angeles,West,SMB
CUST-9221,43,36-50,Female,Boston,North East,SMB
CUST-1719,39,36-50,Male,Philadelphia,North East,Consumer Budget
CUST-6402,24,18-25,Male,Seattle,West,SMB
CUST-5539,44,36-50,Male,Boston,North East,B2B Enterprise
CUST-5798,41,36-50,Female,Chicago,Midwest,Consumer Premium
CUST-9848,25,18-25,Male,New York,North East,Consumer Budget
CUST-5476,18,18-25,Female,Detroit,Midwest,B2B Enterprise
CUST-7677,32,26-35,Male,New York,North East,Consumer Budget
CUST-8951,31,26-35,Male,Chicago,Midwest,Consumer Budget
CUST-7304,36,36-50,Male,Miami,South,SMB
CUST-4935,42,36-50,Female,Detroit,Midwest,Consumer Budget
CUST-8445,45,36-50,Female,Seattle,West,Consumer Budget
CUST-1511,43,36-50,Male,Minneapolis,Midwest,SMB
CUST-7035,36,36-50,Male,Philadelphia,North East,Consumer Premium
CUST-1748,30,26-35,Female,Seattle,West,Consumer Premium
CUST-2344,56,51-65,Male,Los Angeles,West,Consumer Premium
CUST-8783,47,36-50,Male,Seattle,West,Consumer Budget
CUST-1561,37,36-50,Other,San Francisco,West,SMB
CUST-4435,24,18-25,Female,Los Angeles,West,SMB
CUST-8544,38,36-50,Male,Miami,South,SMB
CUST-5968,51,51-65,Female,Minneapolis,Midwest,Consumer Premium
CUST-5299,18,18-25,Female,New York,North East,B2B Enterprise
CUST-4505,39,36-50,Male,Atlanta,South,SMB
CUST-4914,36,36-50,Male,Philadelphia,North East,SMB
CUST-6445,32,26-35,Male,San Francisco,West,Consumer Premium
CUST-9668,40,36-50,Female,Seattle,West,B2B Enterprise
CUST-5912,42,36-50,Female,San Francisco,West,SMB
CUST-2057,27,26-35,Female,Atlanta,South,SMB
CUST-4062,41,36-50,Male,Miami,South,B2B Enterprise
CUST-5295,24,18-25,Female,Los Angeles,West,B2B Enterprise
CUST-8138,25,18-25,Female,Seattle,West,Consumer Premium
CUST-2721,43,36-50,Female,San Francisco,West,Consumer Premium
CUST-1663,36,36-50,Female,Miami,South,Consumer Budget
CUST-3459,61,51-65,Male,Atlanta,South,Consumer Premium
CUST-4692,18,18-25,Non-Binary,San Francisco,West,Consumer Budget
CUST-8124,24,18-25,Female,Chicago,Midwest,B2B Enterprise
CUST-2406,21,18-25,Male,Dallas,South,Consumer Premium
CUST-9737,26,26-35,Female,New York,North East,Consumer Budget
CUST-5986,45,36-50,Male,Seattle,West,Consumer Premium
CUST-6970,33,26-35,Male,Miami,South,SMB
CUST-2706,40,36-50,Male,San Francisco,West,Consumer Budget
CUST-5558,36,36-50,Male,Minneapolis,Midwest,B2B Enterprise
CUST-1278,37,36-50,Male,Chicago,Midwest,B2B Enterprise
CUST-9391,43,36-50,Non-Binary,Los Angeles,West,Consumer Budget
CUST-7034,23,18-25,Non-Binary,Boston,North East,Consumer Premium
CUST-7278,27,26-35,Male,Los Angeles,West,Consumer Premium
CUST-4370,61,51-65,Female,Miami,South,SMB
CUST-3314,41,36-50,Male,New York,North East,Consumer Premium
CUST-2952,43,36-50,Male,Dallas,South,SMB
CUST-6030,42,36-50,Female,Boston,North East,Consumer Premium
CUST-1560,19,18-25,Female,Detroit,Midwest,SMB
CUST-6847,34,26-35,Male,Boston,North East,Consumer Budget
CUST-9844,32,26-35,Male,Philadelphia,North East,B2B Enterprise
CUST-5223,27,26-35,Male,Atlanta,South,Consumer Premium
CUST-5251,37,36-50,Female,Detroit,Midwest,SMB
CUST-4660,25,18-25,Non-Binary,Detroit,Midwest,B2B Enterprise
CUST-3200,35,26-35,Male,Los Angeles,West,B2B Enterprise
CUST-2917,18,18-25,Non-Binary,Dallas,South,Consumer Budget
CUST-9409,43,36-50,Male,Atlanta,South,SMB
CUST-7688,38,36-50,Female,Boston,North East,Consumer Budget
CUST-1002,42,36-50,Female,Boston,North East,Consumer Premium
CUST-3055,45,36-50,Male,Philadelphia,North East,SMB
CUST-6957,26,26-35,Male,Seattle,West,Consumer Premium
CUST-4868,41,36-50,Female,Atlanta,South,B2B Enterprise
CUST-9976,39,36-50,Female,Los Angeles,West,Consumer Premium
CUST-5062,38,36-50,Female,Chicago,Midwest,B2B Enterprise
CUST-8007,56,51-65,Male,Miami,South,SMB
CUST-3585,42,36-50,Male,Boston,North East,Consumer Premium
CUST-2697,51,51-65,Female,Los Angeles,West,B2B Enterprise
CUST-9141,56,51-65,Female,Minneapolis,Midwest,Consumer Premium
CUST-7406,35,26-35,Female,Dallas,South,Consumer Premium
CUST-8855,36,36-50,Female,New York,North East,B2B Enterprise
CUST-8261,42,36-50,Male,San Francisco,West,Consumer Budget
CUST-9015,32,26-35,Male,Miami,South,Consumer Premium
CUST-9256,26,26-35,Male,Philadelphia,North East,B2B Enterprise
CUST-2675,35,26-35,Male,Chicago,Midwest,SMB
CUST-4896,41,36-50,Female,Philadelphia,North East,SMB
CUST-6450,35,26-35,Male,Atlanta,South,B2B Enterprise
CUST-5525,38,36-50,Male,Seattle,West,Consumer Budget
CUST-5975,46,36-50,Female,Chicago,Midwest,SMB
CUST-2051,41,36-50,Male,Seattle,West,SMB
CUST-3318,75,65+,Female,Atlanta,South,Consumer Budget
CUST-5924,18,18-25,Female,Atlanta,South,Consumer Premium
CUST-6698,33,26-35,Male,San Francisco,West,Consumer Premium
CUST-9946,31,26-35,Male,Minneapolis,Midwest,SMB
CUST-1522,47,36-50,Male,Detroit,Midwest,SMB
CUST-2740,33,26-35,Male,Atlanta,South,SMB
CUST-5882,25,18-25,Female,San Francisco,West,B2B Enterprise
CUST-8265,43,36-50,Male,Philadelphia,North East,Consumer Premium
CUST-8510,24,18-25,Male,Dallas,South,SMB
CUST-6603,48,36-50,Female,Seattle,West,Consumer Premium
CUST-5567,32,26-35,Female,Minneapolis,Midwest,SMB
CUST-4526,67,65+,Male,Philadelphia,North East,Consumer Budget
CUST-3441,50,36-50,Female,Miami,South,Consumer Budget
CUST-5112,29,26-35,Female,Minneapolis,Midwest,B2B Enterprise
CUST-8624,35,26-35,Female,Dallas,South,SMB
CUST-3512,38,36-50,Male,Minneapolis,Midwest,Consumer Budget
CUST-3514,48,36-50,Female,Minneapolis,Midwest,Consumer Premium
CUST-5576,38,36-50,Male,Chicago,Midwest,Consumer Premium
CUST-1838,30,26-35,Female,San Francisco,West,SMB
CUST-1478,48,36-50,Female,Philadelphia,North East,Consumer Budget
CUST-9765,51,51-65,Male,Minneapolis,Midwest,SMB
CUST-9072,49,36-50,Male,Philadelphia,North East,SMB
CUST-7832,49,36-50,Male,New York,North East,Consumer Budget
CUST-2628,33,26-35,Male,San Francisco,West,SMB
CUST-5393,20,18-25,Male,Atlanta,South,Consumer Premium
CUST-6834,43,36-50,Male,Los Angeles,West,Consumer Premium
CUST-3147,49,36-50,Male,Seattle,West,Consumer Premium
CUST-6005,30,26-35,Male,Boston,North East,Consumer Budget
CUST-5955,37,36-50,Female,Minneapolis,Midwest,Consumer Budget
CUST-7132,43,36-50,Female,Seattle,West,Consumer Budget
CUST-3092,18,18-25,Male,New York,North East,Consumer Budget
CUST-3919,33,26-35,Male,Miami,South,B2B Enterprise
CUST-1989,25,18-25,Female,Detroit,Midwest,Consumer Budget
CUST-5345,51,51-65,Male,Atlanta,South,B2B Enterprise
CUST-4255,32,26-35,Female,Boston,North East,Consumer Premium
CUST-3070,33,26-35,Male,Atlanta,South,Consumer Premium
CUST-4204,26,26-35,Male,Philadelphia,North East,SMB
CUST-5547,52,51-65,Other,San Francisco,West,B2B Enterprise
CUST-9255,38,36-50,Male,Chicago,Midwest,Consumer Premium
CUST-9230,36,36-50,Female,San Francisco,West,Consumer Budget
CUST-7391,25,18-25,Female,Atlanta,South,B2B Enterprise
CUST-8032,57,51-65,Male,Los Angeles,West,Consumer Budget
CUST-8384,61,51-65,Male,San Francisco,West,SMB
CUST-1752,31,26-35,Female,Miami,South,Consumer Budget
CUST-7355,30,26-35,Male,Seattle,West,Consumer Budget
CUST-6240,37,36-50,Male,Chicago,Midwest,B2B Enterprise
CUST-8521,27,26-35,Female,Minneapolis,Midwest,SMB
CUST-4757,18,18-25,Other,Philadelphia,North East,Consumer Budget
CUST-6099,29,26-35,Male,Philadelphia,North East,Consumer Budget
CUST-8902,45,36-50,Male,New York,North East,Consumer Budget
CUST-1605,39,36-50,Female,Atlanta,South,SMB
CUST-1108,38,36-50,Female,Atlanta,South,Consumer Premium
CUST-7615,44,36-50,Female,Philadelphia,North East,Consumer Budget
CUST-5842,37,36-50,Male,Chicago,Midwest,B2B Enterprise
CUST-5897,38,36-50,Male,Philadelphia,North East,Consumer Budget
CUST-2375,48,36-50,Female,Boston,North East,B2B Enterprise
CUST-8672,24,18-25,Male,Atlanta,South,Consumer Premium
CUST-3701,23,18-25,Male,Detroit,Midwest,SMB
CUST-2684,18,18-25,Female,Los Angeles,West,SMB
CUST-6569,22,18-25,Male,Los Angeles,West,Consumer Premium
CUST-6476,18,18-25,Female,Philadelphia,North East,Consumer Premium
CUST-6359,24,18-25,Other,Seattle,West,Consumer Budget
CUST-8083,33,26-35,Male,Miami,South,Consumer Budget
CUST-8989,54,51-65,Non-Binary,Los Angeles,West,Consumer Premium
CUST-2291,28,26-35,Male,New York,North East,Consumer Budget
CUST-1104,37,36-50,Female,Los Angeles,West,SMB
CUST-3851,30,26-35,Male,New York,North East,B2B Enterprise
CUST-3265,43,36-50,Female,Chicago,Midwest,Consumer Budget
CUST-1583,43,36-50,Male,Seattle,West,Consumer Budget
CUST-7914,31,26-35,Male,Philadelphia,North East,Consumer Budget
CUST-7839,23,18-25,Female,Minneapolis,Midwest,Consumer Premium
CUST-3046,40,36-50,Male,New York,North East,Consumer Premium
CUST-6870,18,18-25,Male,San Francisco,West,Consumer Budget
CUST-9173,32,26-35,Female,Miami,South,SMB
CUST-7186,47,36-50,Female,Los Angeles,West,Consumer Budget
CUST-4527,32,26-35,Female,New York,North East,SMB
CUST-9304,26,26-35,Female,Detroit,Midwest,Consumer Budget
CUST-6777,47,36-50,Male,Miami,South,Consumer Budget
CUST-8447,25,18-25,Male,New York,North East,SMB
CUST-9271,27,26-35,Female,Seattle,West,Consumer Budget
CUST-6155,34,26-35,Female,Atlanta,South,SMB
CUST-6085,39,36-50,Female,Miami,South,SMB
CUST-2347,36,36-50,Female,New York,North East,B2B Enterprise
CUST-6060,51,51-65,Female,Atlanta,South,SMB
CUST-8985,44,36-50,Female,New York,North East,B2B Enterprise
CUST-2083,38,36-50,Male,Atlanta,South,SMB
CUST-6210,50,36-50,Female,San Francisco,West,Consumer Premium
CUST-4622,18,18-25,Male,Atlanta,South,Consumer Premium
CUST-6929,58,51-65,Female,Minneapolis,Midwest,Consumer Budget
CUST-9595,54,51-65,Female,Los Angeles,West,B2B Enterprise
CUST-1304,48,36-50,Female,Atlanta,South,Consumer Budget
CUST-9116,47,36-50,Female,Boston,North East,SMB
CUST-2009,24,18-25,Female,Philadelphia,North East,SMB
CUST-2794,21,18-25,Female,San Francisco,West,SMB
CUST-9586,21,18-25,Male,Los Angeles,West,SMB
CUST-7754,41,36-50,Female,Minneapolis,Midwest,B2B Enterprise
CUST-2131,36,36-50,Female,Detroit,Midwest,B2B Enterprise
CUST-9069,48,36-50,Female,Atlanta,South,Consumer Budget
CUST-1598,46,36-50,Female,Chicago,Midwest,SMB
CUST-3782,56,51-65,Male,San Francisco,West,Consumer Budget
CUST-7050,44,36-50,Female,Dallas,South,Consumer Budget
CUST-4132,42,36-50,Other,New York,North East,SMB
CUST-4594,31,26-35,Male,Chicago,Midwest,SMB
CUST-3909,44,36-50,Female,Detroit,Midwest,SMB
CUST-8320,42,36-50,Female,Miami,South,Consumer Premium
CUST-8240,29,26-35,Female,Boston,North East,SMB
CUST-8023,27,26-35,Male,Atlanta,South,Consumer Premium
CUST-7037,34,26-35,Male,Minneapolis,Midwest,SMB
CUST-5812,29,26-35,Female,Detroit,Midwest,SMB
CUST-7725,44,36-50,Male,Boston,North East,SMB
CUST-8009,37,36-50,Male,Minneapolis,Midwest,B2B Enterprise
CUST-2873,34,26-35,Male,Boston,North East,Consumer Premium
CUST-7531,57,51-65,Female,Minneapolis,Midwest,B2B Enterprise
CUST-1223,43,36-50,Male,Philadelphia,North East,Consumer Premium
CUST-5449,55,51-65,Female,Chicago,Midwest,Consumer Budget
CUST-6050,31,26-35,Male,Dallas,South,B2B Enterprise
CUST-7877,55,51-65,Male,Chicago,Midwest,SMB
CUST-9606,33,26-35,Female,Los Angeles,West,Consumer Budget
CUST-6080,67,65+,Male,Seattle,West,Consumer Budget
CUST-9313,25,18-25,Male,Seattle,West,SMB
CUST-9794,41,36-50,Non-Binary,Miami,South,Consumer Budget
CUST-2914,34,26-35,Female,Miami,South,B2B Enterprise
CUST-7741,25,18-25,Female,Detroit,Midwest,SMB
CUST-2494,32,26-35,Female,Boston,North East,B2B Enterprise
CUST-9397,47,36-50,Male,Seattle,West,SMB
CUST-4671,18,18-25,Female,Detroit,Midwest,Consumer Premium
CUST-8657,18,18-25,Other,Dallas,South,Consumer Budget
CUST-1069,38,36-50,Male,Dallas,South,Consumer Budget
CUST-9102,22,18-25,Male,San Francisco,West,Consumer Premium
CUST-2995,44,36-50,Male,San Francisco,West,Consumer Budget
CUST-8590,45,36-50,Female,Detroit,Midwest,Consumer Premium
CUST-7935,53,51-65,Male,Atlanta,South,Consumer Premium
CUST-7964,43,36-50,Female,Philadelphia,North East,B2B Enterprise
CUST-5946,53,51-65,Female,San Francisco,West,SMB
CUST-1812,38,36-50,Male,Seattle,West,B2B Enterprise
CUST-5932,32,26-35,Female,New York,North East,SMB
CUST-8000,20,18-25,Male,Miami,South,Consumer Budget
CUST-8699,18,18-25,Male,Boston,North East,Consumer Budget
CUST-1371,51,51-65,Male,Miami,South,Consumer Budget
CUST-1885,31,26-35,Male,Atlanta,South,Consumer Budget
CUST-4909,30,26-35,Female,Atlanta,South,B2B Enterprise
CUST-5429,19,18-25,Female,Atlanta,South,Consumer Premium
CUST-2414,47,36-50,Non-Binary,Seattle,West,B2B Enterprise
CUST-8873,55,51-65,Male,New York,North East,SMB
CUST-1042,39,36-50,Female,Minneapolis,Midwest,B2B Enterprise
CUST-6313,46,36-50,Male,Detroit,Midwest,Consumer Budget
CUST-8317,47,36-50,Female,Philadelphia,North East,Consumer Budget
CUST-3810,30,26-35,Female,New York,North East,Consumer Budget
CUST-2950,28,26-35,Male,Miami,South,SMB
CUST-8274,38,36-50,Female,New York,North East,Consumer Premium
CUST-8900,26,26-35,Female,Miami,South,Consumer Budget
CUST-5805,27,26-35,Male,Atlanta,South,B2B Enterprise
CUST-5549,59,51-65,Male,Chicago,Midwest,Consumer Budget
CUST-1061,57,51-65,Female,San Francisco,West,B2B Enterprise
CUST-2736,25,18-25,Other,New York,North East,SMB
CUST-1038,36,36-50,Male,Los Angeles,West,Consumer Budget
CUST-3345,23,18-25,Male,Dallas,South,Consumer Premium
CUST-4261,42,36-50,Female,Boston,North East,Consumer Budget
CUST-2425,35,26-35,Non-Binary,Atlanta,South,SMB
CUST-2698,49,36-50,Female,Dallas,South,Consumer Premium
CUST-9336,34,26-35,Male,Detroit,Midwest,Consumer Budget
CUST-9425,36,36-50,Male,Minneapolis,Midwest,SMB
CUST-3351,58,51-65,Female,San Francisco,West,B2B Enterprise
CUST-8033,24,18-25,Female,Philadelphia,North East,SMB
CUST-4118,46,36-50,Male,Seattle,West,SMB
CUST-4458,25,18-25,Female,Boston,North East,Consumer Premium
CUST-5579,62,51-65,Female,Dallas,South,Consumer Premium
CUST-9676,36,36-50,Male,San Francisco,West,Consumer Budget
CUST-8004,52,51-65,Non-Binary,Atlanta,South,B2B Enterprise
CUST-8880,50,36-50,Female,Chicago,Midwest,Consumer Premium
CUST-1084,47,36-50,Male,New York,North East,Consumer Budget
CUST-1966,43,36-50,Female,Seattle,West,B2B Enterprise
CUST-8129,39,36-50,Male,Boston,North East,Consumer Premium
CUST-8781,48,36-50,Female,Boston,North East,B2B Enterprise
CUST-2937,56,51-65,Female,Los Angeles,West,Consumer Premium
CUST-5972,33,26-35,Male,Philadelphia,North East,Consumer Premium
CUST-9486,18,18-25,Male,Minneapolis,Midwest,Consumer Premium
CUST-6526,25,18-25,Female,Philadelphia,North East,Consumer Premium
CUST-5241,18,18-25,Male,Seattle,West,SMB
CUST-7756,44,36-50,Female,New York,North East,Consumer Budget
CUST-3018,36,36-50,Female,New York,North East,Consumer Premium
CUST-2382,49,36-50,Female,Miami,South,B2B Enterprise
CUST-9366,24,18-25,Female,Boston,North East,Consumer Premium
CUST-6623,28,26-35,Male,Boston,North East,Consumer Premium
CUST-1421,37,36-50,Male,Boston,North East,Consumer Premium
CUST-6020,36,36-50,Female,Miami,South,Consumer Premium
CUST-9194,39,36-50,Female,Philadelphia,North East,SMB
CUST-3033,46,36-50,Female,Minneapolis,Midwest,Consumer Budget
CUST-2302,58,51-65,Male,San Francisco,West,SMB
CUST-3604,41,36-50,Female,Chicago,Midwest,B2B Enterprise
CUST-5308,45,36-50,Female,Los Angeles,West,Consumer Budget
CUST-7324,46,36-50,Male,San Francisco,West,Consumer Budget
CUST-9335,45,36-50,Male,New York,North East,SMB
CUST-6779,40,36-50,Male,Los Angeles,West,B2B Enterprise
CUST-7225,51,51-65,Male,Dallas,South,SMB
CUST-2482,56,51-65,Male,Philadelphia,North East,Consumer Premium
CUST-6867,55,51-65,Male,Seattle,West,SMB
CUST-6646,36,36-50,Male,Miami,South,Consumer Budget
CUST-7284,42,36-50,Male,New York,North East,SMB
CUST-7777,36,36-50,Male,Dallas,South,Consumer Budget
CUST-8050,37,36-50,Female,Miami,South,Consumer Premium
CUST-8701,23,18-25,Non-Binary,Miami,South,Consumer Budget
CUST-1299,36,36-50,Female,Chicago,Midwest,B2B Enterprise
CUST-3765,45,36-50,Female,Minneapolis,Midwest,SMB
CUST-6357,56,51-65,Male,Philadelphia,North East,SMB
CUST-3896,35,26-35,Female,Atlanta,South,B2B Enterprise
CUST-8200,18,18-25,Female,Chicago,Midwest,Consumer Budget
CUST-3030,40,36-50,Male,Boston,North East,SMB
CUST-5168,61,51-65,Female,Chicago,Midwest,SMB
CUST-2446,26,26-35,Male,Minneapolis,Midwest,Consumer Budget
CUST-9204,18,18-25,Male,New York,North East,Consumer Budget
CUST-2016,18,18-25,Female,New York,North East,Consumer Budget
CUST-3926,34,26-35,Female,Minneapolis,Midwest,B2B Enterprise
CUST-1800,66,65+,Male,Atlanta,South,Consumer Budget
CUST-8562,49,36-50,Male,Detroit,Midwest,SMB
CUST-9611,26,26-35,Male,San Francisco,West,Consumer Budget
CUST-2394,27,26-35,Male,Detroit,Midwest,Consumer Premium
CUST-4466,45,36-50,Male,Minneapolis,Midwest,Consumer Premium
CUST-7438,45,36-50,Female,Minneapolis,Midwest,B2B Enterprise
CUST-4951,31,26-35,Male,Minneapolis,Midwest,SMB
CUST-1610,35,26-35,Male,San Francisco,West,Consumer Budget
CUST-2226,30,26-35,Female,Seattle,West,SMB
CUST-3997,43,36-50,Male,Detroit,Midwest,SMB
CUST-8266,37,36-50,Male,Seattle,West,SMB
CUST-7123,75,65+,Male,New York,North East,Consumer Premium
CUST-4999,40,36-50,Male,Boston,North East,B2B Enterprise
CUST-3432,36,36-50,Male,San Francisco,West,SMB
CUST-7610,38,36-50,Female,San Francisco,West,B2B Enterprise
CUST-6722,36,36-50,Female,Los Angeles,West,Consumer Budget
CUST-2381,47,36-50,Male,Miami,South,Consumer Premium
CUST-9246,39,36-50,Male,Dallas,South,Consumer Budget
CUST-3866,56,51-65,Male,San Francisco,West,SMB
CUST-6007,19,18-25,Male,Seattle,West,Consumer Premium
CUST-2318,52,51-65,Male,Atlanta,South,SMB
CUST-3921,41,36-50,Non-Binary,San Francisco,West,SMB
CUST-7058,35,26-35,Female,San Francisco,West,Consumer Budget
CUST-6936,46,36-50,Other,Seattle,West,Consumer Budget
CUST-2881,43,36-50,Male,Philadelphia,North East,Consumer Budget
CUST-2171,20,18-25,Male,Atlanta,South,Consumer Premium
CUST-3324,56,51-65,Female,Philadelphia,North East,Consumer Budget
CUST-7061,35,26-35,Male,New York,North East,SMB
CUST-3612,38,36-50,Female,Philadelphia,North East,Consumer Premium
CUST-8732,21,18-25,Male,New York,North East,SMB
CUST-9026,32,26-35,Female,San Francisco,West,SMB
CUST-2888,24,18-25,Male,Philadelphia,North East,B2B Enterprise
CUST-7286,44,36-50,Female,Dallas,South,Consumer Budget
CUST-5811,40,36-50,Female,Philadelphia,North East,SMB
CUST-4804,37,36-50,Female,Seattle,West,SMB
CUST-4147,48,36-50,Male,Detroit,Midwest,Consumer Premium
CUST-7824,37,36-50,Female,Los Angeles,West,SMB
CUST-3543,59,51-65,Male,Detroit,Midwest,Consumer Premium
CUST-8547,27,26-35,Female,Detroit,Midwest,Consumer Premium
CUST-7612,64,51-65,Male,Miami,South,SMB
CUST-5258,56,51-65,Female,Minneapolis,Midwest,Consumer Premium
CUST-6826,36,36-50,Female,Los Angeles,West,SMB
CUST-3231,33,26-35,Male,Atlanta,South,SMB
CUST-1111,35,26-35,Female,New York,North East,SMB
CUST-6055,44,36-50,Male,Chicago,Midwest,SMB
CUST-7828,39,36-50,Male,Atlanta,South,Consumer Premium
CUST-1619,46,36-50,Male,Los Angeles,West,Consumer Budget
CUST-7208,25,18-25,Male,Los Angeles,West,SMB
CUST-1783,18,18-25,Non-Binary,Seattle,West,Consumer Budget
CUST-4472,33,26-35,Male,Seattle,West,Consumer Budget
CUST-2771,28,26-35,Female,Seattle,West,Consumer Premium
CUST-5046,41,36-50,Female,Atlanta,South,Consumer Budget
CUST-7907,25,18-25,Male,Minneapolis,Midwest,SMB
CUST-8455,44,36-50,Female,Atlanta,South,SMB
CUST-8931,26,26-35,Male,Detroit,Midwest,SMB
CUST-3908,45,36-50,Other,Los Angeles,West,Consumer Budget
CUST-5178,34,26-35,Male,Los Angeles,West,Consumer Budget
CUST-1239,32,26-35,Female,Philadelphia,North East,B2B Enterprise
CUST-8168,28,26-35,Female,Minneapolis,Midwest,B2B Enterprise
CUST-3301,43,36-50,Male,Miami,South,SMB
CUST-7267,32,26-35,Male,Philadelphia,North East,B2B Enterprise
CUST-8345,39,36-50,Male,New York,North East,Consumer Budget
CUST-3336,25,18-25,Female,Los Angeles,West,Consumer Budget
CUST-1686,50,36-50,Non-Binary,Detroit,Midwest,Consumer Premium
CUST-5774,41,36-50,Female,Atlanta,South,B2B Enterprise
CUST-3000,45,36-50,Female,Minneapolis,Midwest,Consumer Budget
CUST-4585,24,18-25,Male,Boston,North East,B2B Enterprise
CUST-4121,39,36-50,Male,Philadelphia,North East,SMB
CUST-9653,35,26-35,Male,Boston,North East,Consumer Premium
CUST-8396,30,26-35,Male,Minneapolis,Midwest,B2B Enterprise
CUST-5044,50,36-50,Non-Binary,Atlanta,South,Consumer Budget
CUST-6098,43,36-50,Male,San Francisco,West,Consumer Premium
CUST-5721,25,18-25,Non-Binary,Seattle,West,Consumer Budget
CUST-8973,28,26-35,Female,Atlanta,South,B2B Enterprise
CUST-9813,40,36-50,Female,Detroit,Midwest,Consumer Budget
CUST-8158,54,51-65,Male,San Francisco,West,SMB
CUST-9160,40,36-50,Female,Dallas,South,Consumer Premium
CUST-8350,19,18-25,Female,Boston,North East,B2B Enterprise
CUST-4670,56,51-65,Male,Minneapolis,Midwest,Consumer Premium
CUST-4900,35,26-35,Male,Dallas,South,SMB
CUST-1337,31,26-35,Non-Binary,New York,North East,B2B Enterprise
CUST-4358,27,26-35,Female,Atlanta,South,SMB
CUST-7757,42,36-50,Female,Chicago,Midwest,Consumer Budget
CUST-2346,25,18-25,Female,Chicago,Midwest,Consumer Premium
CUST-3369,29,26-35,Male,Dallas,South,SMB
CUST-3281,41,36-50,Female,Minneapolis,Midwest,Consumer Budget
CUST-3575,18,18-25,Female,Los Angeles,West,Consumer Budget
CUST-7586,22,18-25,Male,Philadelphia,North East,Consumer Budget
CUST-3567,39,36-50,Female,San Francisco,West,Consumer Premium
CUST-1933,42,36-50,Female,Los Angeles,West,B2B Enterprise
CUST-5744,37,36-50,Female,Los Angeles,West,Consumer Budget
CUST-3042,31,26-35,Male,Dallas,South,Consumer Budget
CUST-5026,18,18-25,Male,Boston,North East,SMB
CUST-9307,31,26-35,Male,San Francisco,West,Consumer Budget
CUST-2976,43,36-50,Female,Philadelphia,North East,Consumer Premium
CUST-1212,48,36-50,Female,Minneapolis,Midwest,Consumer Premium
CUST-9891,25,18-25,Male,Philadelphia,North East,SMB
CUST-4078,40,36-50,Female,Los Angeles,West,B2B Enterprise
CUST-1705,39,36-50,Male,Philadelphia,North East,Consumer Premium
CUST-3763,60,51-65,Female,Boston,North East,Consumer Budget
CUST-3827,32,26-35,Female,Chicago,Midwest,Consumer Budget
CUST-7739,41,36-50,Male,New York,North East,Consumer Budget
CUST-7602,42,36-50,Non-Binary,Atlanta,South,Consumer Budget
CUST-6058,22,18-25,Female,Boston,North East,Consumer Premium
CUST-7268,37,36-50,Female,Seattle,West,Consumer Premium
CUST-1646,45,36-50,Female,Boston,North East,B2B Enterprise
CUST-5498,45,36-50,Female,New York,North East,Consumer Premium
CUST-6736,38,36-50,Female,Detroit,Midwest,Consumer Premium
CUST-9903,32,26-35,Other,Minneapolis,Midwest,SMB
CUST-2352,53,51-65,Male,Seattle,West,Consumer Premium
CUST-4194,47,36-50,Female,Detroit,Midwest,Consumer Premium
CUST-5875,31,26-35,Female,New York,North East,SMB
CUST-1969,53,51-65,Female,Minneapolis,Midwest,SMB
CUST-4478,37,36-50,Male,Dallas,South,Consumer Budget
CUST-1650,25,18-25,Male,Los Angeles,West,SMB
CUST-9155,43,36-50,Female,Seattle,West,Consumer Budget
CUST-9925,49,36-50,Female,Chicago,Midwest,SMB
CUST-8303,32,26-35,Female,Atlanta,South,SMB
CUST-7474,43,36-50,Female,Philadelphia,North East,Consumer Budget
CUST-2486,45,36-50,Female,Miami,South,B2B Enterprise
CUST-2298,28,26-35,Female,Minneapolis,Midwest,B2B Enterprise
CUST-4766,40,36-50,Male,Dallas,South,SMB
CUST-4430,34,26-35,Male,San Francisco,West,Consumer Budget
CUST-3193,29,26-35,Female,Boston,North East,SMB
CUST-8305,25,18-25,Female,Detroit,Midwest,SMB
CUST-1021,62,51-65,Female,Detroit,Midwest,Consumer Budget
CUST-4567,29,26-35,Male,Chicago,Midwest,Consumer Budget
CUST-2455,49,36-50,Male,Dallas,South,B2B Enterprise
CUST-5843,34,26-35,Male,Seattle,West,Consumer Budget
CUST-7995,18,18-25,Female,Philadelphia,North East,Consumer Budget
CUST-3307,28,26-35,Female,New York,North East,Consumer Budget
CUST-6386,40,36-50,Female,Detroit,Midwest,Consumer Budget
CUST-7251,61,51-65,Male,Philadelphia,North East,SMB
CUST-7492,45,36-50,Male,Minneapolis,Midwest,Consumer Premium
CUST-1732,46,36-50,Male,San Francisco,West,Consumer Budget
CUST-2627,36,36-50,Female,Los Angeles,West,Consumer Premium
CUST-6700,21,18-25,Male,Atlanta,South,Consumer Premium
CUST-6888,37,36-50,Female,Detroit,Midwest,B2B Enterprise
CUST-2758,32,26-35,Male,Minneapolis,Midwest,B2B Enterprise
CUST-9843,36,36-50,Male,Boston,North East,SMB
CUST-6153,38,36-50,Non-Binary,New York,North East,Consumer Premium
CUST-6731,65,51-65,Male,Los Angeles,West,Consumer Budget
CUST-8638,40,36-50,Non-Binary,Dallas,South,Consumer Premium
CUST-1979,32,26-35,Male,Atlanta,South,Consumer Budget
CUST-8074,48,36-50,Male,San Francisco,West,SMB
CUST-8724,29,26-35,Male,Boston,North East,B2B Enterprise
CUST-4699,47,36-50,Male,Philadelphia,North East,Consumer Budget
CUST-6516,29,26-35,Female,New York,North East,Consumer Budget
CUST-8950,50,36-50,Female,New York,North East,Consumer Premium
CUST-1267,47,36-50,Female,New York,North East,SMB
CUST-8716,43,36-50,Male,Boston,North East,Consumer Budget
CUST-9001,32,26-35,Other,San Francisco,West,B2B Enterprise
CUST-4624,27,26-35,Female,Los Angeles,West,Consumer Budget
CUST-3256,53,51-65,Female,Detroit,Midwest,Consumer Budget
CUST-9666,31,26-35,Female,San Francisco,West,Consumer Budget
CUST-5662,50,36-50,Female,Philadelphia,North East,Consumer Premium
CUST-6133,47,36-50,Female,Seattle,West,SMB
CUST-3569,37,36-50,Female,New York,North East,Consumer Premium
CUST-5693,41,36-50,Female,Boston,North East,B2B Enterprise
CUST-4191,44,36-50,Female,Los Angeles,West,SMB
CUST-3045,30,26-35,Male,Seattle,West,Consumer Budget
CUST-1162,42,36-50,Female,New York,North East,Consumer Budget
CUST-4257,35,26-35,Non-Binary,Philadelphia,North East,Consumer Premium
CUST-9895,35,26-35,Female,Seattle,West,B2B Enterprise
CUST-1144,30,26-35,Male,Chicago,Midwest,Consumer Budget
CUST-8757,40,36-50,Male,Boston,North East,Consumer Premium
CUST-6312,45,36-50,Male,San Francisco,West,SMB
CUST-1682,34,26-35,Male,Dallas,South,Consumer Budget
CUST-9721,34,26-35,Female,Los Angeles,West,SMB
CUST-1062,39,36-50,Female,Seattle,West,SMB
CUST-5196,62,51-65,Female,New York,North East,Consumer Budget
CUST-2492,35,26-35,Male,Miami,South,Consumer Premium
CUST-3023,29,26-35,Female,Atlanta,South,B2B Enterprise
CUST-5596,48,36-50,Male,San Francisco,West,Consumer Budget
CUST-2209,40,36-50,Female,Miami,South,SMB
CUST-6339,26,26-35,Male,Dallas,South,B2B Enterprise
CUST-3971,75,65+,Male,Minneapolis,Midwest,SMB
CUST-8875,69,65+,Male,Miami,South,Consumer Budget
CUST-3780,30,26-35,Male,Detroit,Midwest,Consumer Budget
CUST-9401,32,26-35,Male,Detroit,Midwest,Consumer Budget
CUST-2453,41,36-50,Male,Chicago,Midwest,SMB
CUST-5779,31,26-35,Male,Philadelphia,North East,SMB
CUST-6369,30,26-35,Female,New York,North East,Consumer Budget
CUST-7428,36,36-50,Female,Boston,North East,B2B Enterprise
CUST-9859,20,18-25,Female,Miami,South,Consumer Budget
CUST-2064,27,26-35,Male,Miami,South,Consumer Budget
CUST-6294,35,26-35,Female,Chicago,Midwest,Consumer Premium
CUST-1633,62,51-65,Other,Boston,North East,Consumer Budget
CUST-1615,25,18-25,Female,New York,North East,B2B Enterprise
CUST-6993,19,18-25,Female,Seattle,West,Consumer Budget
CUST-8309,39,36-50,Female,Detroit,Midwest,Consumer Budget
CUST-9547,43,36-50,Female,Chicago,Midwest,SMB
CUST-6330,33,26-35,Female,San Francisco,West,Consumer Premium
CUST-9535,47,36-50,Female,Dallas,South,SMB
CUST-3816,18,18-25,Female,Dallas,South,Consumer Premium
CUST-5142,26,26-35,Male,Chicago,Midwest,SMB
CUST-1529,22,18-25,Female,Atlanta,South,B2B Enterprise
CUST-4829,34,26-35,Female,Detroit,Midwest,B2B Enterprise
CUST-1841,51,51-65,Female,Miami,South,SMB
CUST-2580,36,36-50,Female,Miami,South,Consumer Budget
CUST-3801,36,36-50,Male,Miami,South,B2B Enterprise
CUST-2095,59,51-65,Male,Chicago,Midwest,Consumer Premium
CUST-6107,39,36-50,Female,Chicago,Midwest,Consumer Premium
CUST-8874,32,26-35,Female,Los Angeles,West,Consumer Budget
CUST-2089,41,36-50,Female,Atlanta,South,Consumer Budget
CUST-1489,32,26-35,Female,Minneapolis,Midwest,SMB
CUST-3477,42,36-50,Male,Miami,South,SMB
CUST-5408,40,36-50,Male,Boston,North East,Consumer Budget
CUST-6864,28,26-35,Female,Boston,North East,SMB
CUST-5310,38,36-50,Male,Atlanta,South,Consumer Budget
CUST-9945,33,26-35,Female,Seattle,West,Consumer Premium
CUST-8371,18,18-25,Non-Binary,Detroit,Midwest,B2B Enterprise
CUST-1397,29,26-35,Female,Miami,South,SMB
CUST-8151,18,18-25,Female,Miami,South,B2B Enterprise
CUST-1742,26,26-35,Male,Philadelphia,North East,Consumer Budget
CUST-7649,25,18-25,Female,Philadelphia,North East,Consumer Budget
CUST-2122,26,26-35,Female,Miami,South,B2B Enterprise
CUST-7334,53,51-65,Female,Minneapolis,Midwest,Consumer Premium
CUST-4273,25,18-25,Female,Boston,North East,B2B Enterprise
CUST-2002,46,36-50,Female,New York,North East,SMB
CUST-8691,33,26-35,Male,New York,North East,SMB
CUST-9317,37,36-50,Male,Dallas,South,Consumer Budget
CUST-5740,18,18-25,Male,Seattle,West,SMB
CUST-7282,31,26-35,Female,San Francisco,West,SMB
CUST-7069,45,36-50,Female,Seattle,West,SMB
CUST-1681,28,26-35,Other,Philadelphia,North East,Consumer Budget
CUST-2320,47,36-50,Male,Atlanta,South,Consumer Premium
CUST-8237,40,36-50,Female,Chicago,Midwest,Consumer Budget
CUST-2073,38,36-50,Male,Atlanta,South,Consumer Budget
CUST-1027,18,18-25,Male,Seattle,West,B2B Enterprise
CUST-2305,39,36-50,Male,Chicago,Midwest,Consumer Budget
CUST-5285,34,26-35,Male,Atlanta,South,Consumer Premium
CUST-8847,18,18-25,Female,Minneapolis,Midwest,Consumer Premium
CUST-9648,38,36-50,Female,Chicago,Midwest,Consumer Budget
CUST-2419,42,36-50,Male,New York,North East,SMB
CUST-3815,51,51-65,Male,Atlanta,South,Consumer Budget
CUST-2307,29,26-35,Male,Dallas,South,Consumer Premium
CUST-4291,47,36-50,Male,Detroit,Midwest,Consumer Premium
CUST-1204,24,18-25,Female,Boston,North East,SMB
CUST-6152,40,36-50,Male,Dallas,South,Consumer Budget
CUST-1416,25,18-25,Male,New York,North East,Consumer Premium
CUST-1910,22,18-25,Female,New York,North East,Consumer Budget
CUST-5236,29,26-35,Male,Chicago,Midwest,Consumer Premium
CUST-2825,45,36-50,Female,Detroit,Midwest,Consumer Premium
CUST-7683,29,26-35,Female,San Francisco,West,Consumer Premium
CUST-1803,40,36-50,Male,Detroit,Midwest,Consumer Premium
CUST-5060,35,26-35,Other,Los Angeles,West,B2B Enterprise
CUST-1656,45,36-50,Non-Binary,Dallas,South,Consumer Budget
CUST-3842,31,26-35,Female,San Francisco,West,SMB
CUST-6562,44,36-50,Male,Dallas,South,SMB
CUST-6341,46,36-50,Male,San Francisco,West,B2B Enterprise
CUST-9518,57,51-65,Male,Minneapolis,Midwest,SMB
CUST-7177,55,51-65,Male,Miami,South,Consumer Premium
CUST-6452,34,26-35,Male,Atlanta,South,Consumer Budget
CUST-5509,18,18-25,Male,Los Angeles,West,B2B Enterprise
CUST-4310,43,36-50,Female,Los Angeles,West,SMB
CUST-8717,36,36-50,Female,New York,North East,Consumer Premium
CUST-6456,22,18-25,Non-Binary,Chicago,Midwest,Consumer Premium
CUST-3213,19,18-25,Female,San Francisco,West,SMB
CUST-2296,43,36-50,Female,Dallas,South,Consumer Budget
CUST-1181,51,51-65,Female,Miami,South,B2B Enterprise
CUST-1661,27,26-35,Male,Miami,South,Consumer Premium
CUST-3531,39,36-50,Male,New York,North East,SMB
CUST-6189,51,51-65,Male,Chicago,Midwest,Consumer Budget
CUST-1589,50,36-50,Male,Los Angeles,West,SMB
CUST-8738,57,51-65,Female,Philadelphia,North East,Consumer Premium
CUST-6951,50,36-50,Female,Detroit,Midwest,Consumer Premium
CUST-5526,50,36-50,Male,Detroit,Midwest,Consumer Budget
CUST-2636,44,36-50,Male,San Francisco,West,Consumer Premium
CUST-9324,33,26-35,Male,Seattle,West,B2B Enterprise
CUST-6506,54,51-65,Female,Boston,North East,Consumer Premium
CUST-9475,46,36-50,Female,Seattle,West,Consumer Budget
CUST-4268,28,26-35,Male,New York,North East,SMB
CUST-2932,29,26-35,Male,Minneapolis,Midwest,SMB
CUST-6026,47,36-50,Female,Miami,South,SMB
CUST-1079,38,36-50,Female,Seattle,West,SMB
CUST-2988,46,36-50,Female,Philadelphia,North East,B2B Enterprise
CUST-9114,24,18-25,Female,Seattle,West,SMB
CUST-7135,18,18-25,Female,Detroit,Midwest,Consumer Budget
CUST-4153,52,51-65,Male,Miami,South,Consumer Budget
CUST-8358,55,51-65,Female,Dallas,South,SMB
CUST-6207,47,36-50,Female,Dallas,South,Consumer Budget
CUST-5400,34,26-35,Male,Chicago,Midwest,SMB
CUST-8140,25,18-25,Female,Atlanta,South,SMB
CUST-3534,52,51-65,Female,Philadelphia,North East,B2B Enterprise
CUST-5585,55,51-65,Male,Seattle,West,Consumer Premium
CUST-9581,35,26-35,Female,Seattle,West,Consumer Premium
CUST-7215,29,26-35,Male,Seattle,West,Consumer Budget
CUST-5612,31,26-35,Male,Chicago,Midwest,SMB
CUST-9119,54,51-65,Female,Minneapolis,Midwest,Consumer Budget
CUST-1829,38,36-50,Female,San Francisco,West,SMB
CUST-5510,32,26-35,Male,Seattle,West,SMB
CUST-6156,18,18-25,Female,Atlanta,South,Consumer Premium
CUST-8276,27,26-35,Female,Seattle,West,SMB
CUST-8253,33,26-35,Female,Detroit,Midwest,SMB
CUST-5444,63,51-65,Male,Dallas,South,SMB
CUST-8740,51,51-65,Male,San Francisco,West,SMB
CUST-1023,18,18-25,Female,Philadelphia,North East,Consumer Budget
CUST-5529,31,26-35,Female,Seattle,West,B2B Enterprise
CUST-1751,39,36-50,Male,Atlanta,South,SMB
CUST-7482,32,26-35,Male,Los Angeles,West,B2B Enterprise
CUST-5352,39,36-50,Male,Minneapolis,Midwest,SMB
CUST-7599,40,36-50,Female,San Francisco,West,Consumer Premium
CUST-3597,35,26-35,Female,San Francisco,West,SMB
CUST-1413,18,18-25,Male,Dallas,South,SMB
CUST-1808,37,36-50,Male,Los Angeles,West,B2B Enterprise
CUST-5443,53,51-65,Female,Los Angeles,West,Consumer Budget
CUST-9626,33,26-35,Female,Atlanta,South,B2B Enterprise
CUST-6987,28,26-35,Other,Miami,South,SMB
CUST-3167,22,18-25,Male,Chicago,Midwest,SMB
CUST-4714,39,36-50,Female,Miami,South,SMB
CUST-7705,55,51-65,Female,San Francisco,West,Consumer Premium
CUST-5572,21,18-25,Female,Atlanta,South,SMB
CUST-6909,44,36-50,Female,San Francisco,West,Consumer Premium
CUST-7358,45,36-50,Female,Boston,North East,B2B Enterprise
CUST-2792,40,36-50,Male,Los Angeles,West,Consumer Budget
CUST-5929,30,26-35,Male,Seattle,West,Consumer Premium
CUST-4481,45,36-50,Male,Los Angeles,West,SMB
CUST-5654,35,26-35,Female,Miami,South,Consumer Premium
CUST-4058,37,36-50,Female,Chicago,Midwest,Consumer Premium
CUST-3006,20,18-25,Female,Detroit,Midwest,Consumer Budget
CUST-4677,51,51-65,Male,Detroit,Midwest,Consumer Budget
CUST-1422,39,36-50,Female,San Francisco,West,Consumer Budget
CUST-5773,25,18-25,Female,Boston,North East,SMB
CUST-7523,26,26-35,Non-Binary,Minneapolis,Midwest,B2B Enterprise
CUST-6633,22,18-25,Male,Minneapolis,Midwest,SMB
CUST-1067,59,51-65,Male,Los Angeles,West,SMB
CUST-4897,45,36-50,Female,San Francisco,West,SMB
CUST-7316,34,26-35,Male,Seattle,West,Consumer Premium
CUST-8829,21,18-25,Female,Dallas,South,SMB
CUST-7558,45,36-50,Male,Minneapolis,Midwest,SMB
CUST-4926,19,18-25,Male,Minneapolis,Midwest,Consumer Premium
CUST-6232,20,18-25,Non-Binary,Dallas,South,SMB
CUST-3685,24,18-25,Female,Los Angeles,West,Consumer Budget
CUST-6418,55,51-65,Female,Chicago,Midwest,Consumer Premium
CUST-4965,38,36-50,Male,Detroit,Midwest,B2B Enterprise
CUST-2619,55,51-65,Female,Philadelphia,North East,Consumer Budget
CUST-8351,18,18-25,Male,Chicago,Midwest,SMB
CUST-7500,32,26-35,Male,Philadelphia,North East,B2B Enterprise
CUST-9675,18,18-25,Female,Dallas,South,SMB
CUST-5018,36,36-50,Female,Miami,South,B2B Enterprise
CUST-3729,24,18-25,Female,Chicago,Midwest,Consumer Premium
CUST-4542,25,18-25,Female,Philadelphia,North East,Consumer Budget
CUST-4616,38,36-50,Female,Detroit,Midwest,SMB
CUST-8617,29,26-35,Male,Chicago,Midwest,SMB
CUST-8255,20,18-25,Female,Chicago,Midwest,Consumer Budget
CUST-4764,44,36-50,Female,Seattle,West,Consumer Budget
CUST-2203,19,18-25,Male,Miami,South,SMB
CUST-7469,51,51-65,Female,Detroit,Midwest,SMB
CUST-1298,51,51-65,Male,Miami,South,Consumer Budget
CUST-2557,34,26-35,Female,New York,North East,Consumer Budget
CUST-7567,38,36-50,Male,Philadelphia,North East,Consumer Budget
CUST-5456,35,26-35,Female,New York,North East,Consumer Budget
CUST-8329,39,36-50,Male,Chicago,Midwest,B2B Enterprise
CUST-3471,26,26-35,Female,Seattle,West,Consumer Premium
CUST-3037,35,26-35,Female,Seattle,West,Consumer Budget
CUST-2689,35,26-35,Female,Dallas,South,Consumer Premium
CUST-1851,34,26-35,Female,Chicago,Midwest,Consumer Budget
CUST-8843,46,36-50,Female,New York,North East,SMB
CUST-2803,44,36-50,Male,Atlanta,South,Consumer Budget
CUST-9906,37,36-50,Female,Chicago,Midwest,SMB
CUST-1554,39,36-50,Male,San Francisco,West,SMB
CUST-5747,45,36-50,Male,Philadelphia,North East,Consumer Budget
CUST-9384,30,26-35,Female,Minneapolis,Midwest,Consumer Premium
CUST-2221,28,26-35,Male,Detroit,Midwest,SMB
CUST-8235,25,18-25,Female,Boston,North East,Consumer Premium
CUST-7788,38,36-50,Female,Los Angeles,West,SMB
CUST-4160,29,26-35,Male,Minneapolis,Midwest,Consumer Budget
CUST-8437,69,65+,Female,Seattle,West,Consumer Premium
CUST-6192,44,36-50,Female,Seattle,West,Consumer Premium
CUST-7471,55,51-65,Female,Minneapolis,Midwest,SMB
CUST-7912,51,51-65,Male,Los Angeles,West,SMB
CUST-2800,38,36-50,Female,San Francisco,West,Consumer Budget
CUST-3959,37,36-50,Female,Dallas,South,B2B Enterprise
CUST-4630,49,36-50,Male,Boston,North East,Consumer Premium
CUST-6681,51,51-65,Female,Seattle,West,SMB
CUST-1142,30,26-35,Female,Miami,South,B2B Enterprise
CUST-6554,36,36-50,Female,Dallas,South,Consumer Premium
CUST-6600,42,36-50,Female,San Francisco,West,SMB
CUST-4557,23,18-25,Female,Detroit,Midwest,Consumer Premium
CUST-8469,59,51-65,Male,Atlanta,South,SMB
CUST-7996,54,51-65,Male,Chicago,Midwest,Consumer Premium
CUST-2062,26,26-35,Male,Boston,North East,Consumer Budget
CUST-9314,28,26-35,Male,Seattle,West,SMB
CUST-4253,43,36-50,Male,New York,North East,SMB
CUST-2317,46,36-50,Male,Atlanta,South,SMB
CUST-2603,46,36-50,Female,Chicago,Midwest,Consumer Budget
CUST-4476,57,51-65,Female,Los Angeles,West,Consumer Budget
CUST-8555,22,18-25,Male,Chicago,Midwest,Consumer Budget
CUST-5518,50,36-50,Male,Philadelphia,North East,B2B Enterprise
CUST-8832,36,36-50,Other,Minneapolis,Midwest,SMB
CUST-6056,41,36-50,Female,Chicago,Midwest,B2B Enterprise
CUST-4082,37,36-50,Male,Minneapolis,Midwest,Consumer Premium
CUST-4783,49,36-50,Male,Minneapolis,Midwest,Consumer Budget
CUST-9052,44,36-50,Female,Seattle,West,Consumer Budget
CUST-7434,45,36-50,Male,Detroit,Midwest,B2B Enterprise
CUST-8465,42,36-50,Female,San Francisco,West,B2B Enterprise
CUST-2022,18,18-25,Male,Los Angeles,West,Consumer Budget
CUST-9292,53,51-65,Female,Detroit,Midwest,Consumer Budget
CUST-3323,32,26-35,Female,Detroit,Midwest,Consumer Budget
CUST-5966,23,18-25,Male,Atlanta,South,SMB
CUST-7501,42,36-50,Male,Seattle,West,Consumer Budget
CUST-7068,50,36-50,Female,New York,North East,SMB
CUST-9298,18,18-25,Female,San Francisco,West,Consumer Budget
CUST-6675,24,18-25,Female,Atlanta,South,B2B Enterprise
CUST-7820,52,51-65,Male,Minneapolis,Midwest,SMB
CUST-9506,38,36-50,Female,Los Angeles,West,Consumer Premium
CUST-4949,26,26-35,Male,Seattle,West,SMB
CUST-4635,28,26-35,Female,San Francisco,West,Consumer Budget
CUST-8591,24,18-25,Female,Detroit,Midwest,Consumer Premium
CUST-6412,35,26-35,Male,San Francisco,West,B2B Enterprise
CUST-4784,64,51-65,Male,New York,North East,Consumer Budget
CUST-1259,29,26-35,Male,Atlanta,South,Consumer Premium
CUST-9562,28,26-35,Female,Detroit,Midwest,Consumer Budget
CUST-9995,39,36-50,Female,Los Angeles,West,SMB
CUST-3404,24,18-25,Male,New York,North East,Consumer Premium
CUST-7147,42,36-50,Female,Miami,South,Consumer Premium
CUST-5789,40,36-50,Male,Los Angeles,West,SMB
CUST-2859,46,36-50,Male,Boston,North East,B2B Enterprise
CUST-7089,42,36-50,Female,Minneapolis,Midwest,Consumer Premium
CUST-9809,23,18-25,Male,Minneapolis,Midwest,Consumer Budget
CUST-6208,29,26-35,Male,Minneapolis,Midwest,Consumer Budget
CUST-1770,42,36-50,Male,San Francisco,West,B2B Enterprise
CUST-4299,23,18-25,Male,Boston,North East,Consumer Premium
CUST-3865,55,51-65,Male,Miami,South,SMB
CUST-7332,42,36-50,Female,Los Angeles,West,Consumer Budget
CUST-7790,33,26-35,Male,San Francisco,West,Consumer Premium
CUST-8212,31,26-35,Female,Boston,North East,Consumer Budget
CUST-5065,34,26-35,Male,Los Angeles,West,Consumer Premium
CUST-3176,45,36-50,Male,San Francisco,West,SMB
CUST-8378,30,26-35,Male,Minneapolis,Midwest,SMB
CUST-1537,35,26-35,Male,Minneapolis,Midwest,B2B Enterprise
CUST-5216,52,51-65,Male,Chicago,Midwest,Consumer Budget
CUST-8385,53,51-65,Non-Binary,Philadelphia,North East,Consumer Premium
CUST-2078,32,26-35,Female,New York,North East,Consumer Budget
CUST-5210,39,36-50,Male,Miami,South,SMB
CUST-1099,72,65+,Female,Los Angeles,West,Consumer Premium
CUST-8896,32,26-35,Female,Minneapolis,Midwest,B2B Enterprise
CUST-5051,36,36-50,Non-Binary,Minneapolis,Midwest,SMB
CUST-4632,32,26-35,Male,Seattle,West,B2B Enterprise
CUST-6787,41,36-50,Female,Los Angeles,West,SMB
CUST-7870,31,26-35,Female,New York,North East,Consumer Premium
CUST-2549,33,26-35,Non-Binary,Seattle,West,SMB
CUST-2111,46,36-50,Male,Detroit,Midwest,Consumer Budget
CUST-4302,34,26-35,Female,Atlanta,South,B2B Enterprise
CUST-3546,21,18-25,Male,Seattle,West,SMB
CUST-2940,34,26-35,Other,Atlanta,South,SMB
CUST-1222,50,36-50,Female,Los Angeles,West,Consumer Premium
CUST-9984,45,36-50,Female,San Francisco,West,SMB
CUST-2815,45,36-50,Male,Miami,South,B2B Enterprise
CUST-1040,44,36-50,Male,Miami,South,SMB
CUST-2276,68,65+,Male,Atlanta,South,B2B Enterprise
CUST-2398,38,36-50,Female,Seattle,West,Consumer Premium
CUST-4047,26,26-35,Male,San Francisco,West,Consumer Budget
CUST-2927,44,36-50,Male,Philadelphia,North East,Consumer Budget
CUST-5040,41,36-50,Female,Miami,South,Consumer Budget
CUST-8658,61,51-65,Female,Chicago,Midwest,B2B Enterprise
CUST-3723,42,36-50,Male,New York,North East,Consumer Premium
CUST-4869,56,51-65,Female,Chicago,Midwest,Consumer Premium
CUST-1451,26,26-35,Male,Chicago,Midwest,Consumer Premium
CUST-5231,18,18-25,Male,Seattle,West,B2B Enterprise
CUST-2908,41,36-50,Female,Chicago,Midwest,SMB
CUST-4045,52,51-65,Male,Boston,North East,B2B Enterprise
CUST-3761,27,26-35,Female,Detroit,Midwest,Consumer Premium
CUST-5524,43,36-50,Female,Chicago,Midwest,SMB
CUST-9515,53,51-65,Male,Seattle,West,Consumer Premium
CUST-3117,42,36-50,Male,Atlanta,South,Consumer Budget
CUST-5909,42,36-50,Other,Detroit,Midwest,SMB
CUST-4967,43,36-50,Female,Atlanta,South,B2B Enterprise
CUST-2886,64,51-65,Male,Minneapolis,Midwest,B2B Enterprise
CUST-3287,37,36-50,Male,Boston,North East,Consumer Premium
CUST-1688,39,36-50,Female,Chicago,Midwest,SMB
CUST-8866,61,51-65,Female,Detroit,Midwest,Consumer Premium
CUST-8802,31,26-35,Female,Seattle,West,SMB
CUST-4054,35,26-35,Female,New York,North East,Consumer Budget
CUST-2521,43,36-50,Male,New York,North East,B2B Enterprise
CUST-2778,26,26-35,Female,Boston,North East,Consumer Budget
CUST-1913,37,36-50,Male,Los Angeles,West,SMB
CUST-1137,54,51-65,Male,Los Angeles,West,B2B Enterprise
CUST-9351,20,18-25,Female,Philadelphia,North East,Consumer Premium
CUST-9783,41,36-50,Female,Chicago,Midwest,Consumer Premium
CUST-2897,34,26-35,Female,Chicago,Midwest,Consumer Budget
CUST-8028,18,18-25,Female,Miami,South,Consumer Budget
CUST-9929,36,36-50,Male,Dallas,South,Consumer Budget
CUST-1075,31,26-35,Male,Los Angeles,West,B2B Enterprise
CUST-2525,45,36-50,Female,Boston,North East,Consumer Premium
CUST-8904,50,36-50,Male,Seattle,West,Consumer Budget
CUST-2844,46,36-50,Female,Minneapolis,Midwest,Consumer Budget
CUST-2756,49,36-50,Female,Detroit,Midwest,B2B Enterprise
CUST-8289,24,18-25,Female,Atlanta,South,Consumer Premium
CUST-1891,71,65+,Male,Atlanta,South,SMB
CUST-6017,42,36-50,Female,Dallas,South,Consumer Premium
CUST-4702,33,26-35,Male,Los Angeles,West,Consumer Budget
CUST-8817,40,36-50,Female,Atlanta,South,Consumer Premium
CUST-2552,25,18-25,Male,San Francisco,West,SMB
CUST-6132,42,36-50,Male,Miami,South,Consumer Premium
CUST-6843,41,36-50,Male,New York,North East,Consumer Budget
CUST-7426,28,26-35,Non-Binary,Atlanta,South,SMB
CUST-7152,42,36-50,Female,Boston,North East,B2B Enterprise
CUST-7128,33,26-35,Male,Los Angeles,West,Consumer Premium
CUST-8958,36,36-50,Male,Boston,North East,Consumer Premium
CUST-1960,42,36-50,Male,Los Angeles,West,Consumer Budget
CUST-1939,25,18-25,Male,Philadelphia,North East,Consumer Premium
CUST-2148,39,36-50,Male,Atlanta,South,B2B Enterprise
CUST-9004,32,26-35,Male,Detroit,Midwest,B2B Enterprise
CUST-6801,50,36-50,Female,New York,North East,SMB
CUST-6759,36,36-50,Male,New York,North East,B2B Enterprise
CUST-1339,45,36-50,Male,Miami,South,B2B Enterprise
CUST-4627,44,36-50,Male,Boston,North East,SMB
CUST-1283,60,51-65,Male,Seattle,West,Consumer Premium
CUST-3263,44,36-50,Female,Minneapolis,Midwest,Consumer Budget
CUST-9076,36,36-50,Non-Binary,San Francisco,West,Consumer Budget
CUST-1678,32,26-35,Female,New York,North East,B2B Enterprise
CUST-4176,37,36-50,Female,Boston,North East,B2B Enterprise
CUST-2554,47,36-50,Female,Seattle,West,Consumer Budget
CUST-8388,18,18-25,Male,Atlanta,South,Consumer Premium
CUST-6863,59,51-65,Male,Chicago,Midwest,B2B Enterprise
CUST-8720,43,36-50,Male,Philadelphia,North East,SMB
CUST-6657,39,36-50,Female,Minneapolis,Midwest,SMB
CUST-6548,27,26-35,Male,Seattle,West,B2B Enterprise
CUST-8198,43,36-50,Female,Boston,North East,Consumer Budget
CUST-3258,41,36-50,Male,Boston,North East,Consumer Premium
CUST-1995,22,18-25,Male,Atlanta,South,Consumer Premium
CUST-2428,37,36-50,Female,San Francisco,West,B2B Enterprise
CUST-9963,54,51-65,Female,Chicago,Midwest,SMB
CUST-1358,50,36-50,Female,Minneapolis,Midwest,Consumer Premium
CUST-9064,32,26-35,Female,San Francisco,West,Consumer Budget
CUST-8621,41,36-50,Female,Los Angeles,West,Consumer Budget
CUST-6417,37,36-50,Female,Chicago,Midwest,SMB
CUST-2659,56,51-65,Male,Seattle,West,SMB
CUST-9418,43,36-50,Female,New York,North East,Consumer Budget
CUST-5922,30,26-35,Male,Los Angeles,West,SMB
CUST-7497,47,36-50,Male,Seattle,West,Consumer Premium
CUST-4161,46,36-50,Female,Philadelphia,North East,Consumer Premium
CUST-1664,50,36-50,Male,Minneapolis,Midwest,Consumer Budget
CUST-3631,41,36-50,Female,Atlanta,South,Consumer Budget
CUST-8503,47,36-50,Female,New York,North East,Consumer Premium
CUST-1218,20,18-25,Female,Miami,South,Consumer Budget
CUST-6514,30,26-35,Male,Chicago,Midwest,Consumer Budget
CUST-1410,41,36-50,Female,San Francisco,West,Consumer Budget
CUST-7675,40,36-50,Female,Miami,South,Consumer Premium
CUST-6937,51,51-65,Male,Philadelphia,North East,SMB
CUST-2934,33,26-35,Male,New York,North East,SMB
CUST-6791,48,36-50,Female,Atlanta,South,Consumer Budget
CUST-1129,53,51-65,Female,San Francisco,West,SMB
CUST-8156,44,36-50,Male,Detroit,Midwest,Consumer Budget
CUST-2974,35,26-35,Male,New York,North East,SMB
CUST-3853,41,36-50,Female,Detroit,Midwest,Consumer Premium
CUST-1512,23,18-25,Female,Atlanta,South,SMB
CUST-1547,18,18-25,Other,Dallas,South,Consumer Budget
CUST-4500,33,26-35,Male,Atlanta,South,B2B Enterprise
CUST-6802,55,51-65,Female,Boston,North East,B2B Enterprise
CUST-3648,35,26-35,Male,New York,North East,Consumer Premium
CUST-9842,27,26-35,Female,Philadelphia,North East,SMB
CUST-1306,23,18-25,Male,Atlanta,South,SMB
CUST-8132,28,26-35,Male,Atlanta,South,Consumer Premium
CUST-3099,63,51-65,Female,San Francisco,West,SMB
CUST-8823,23,18-25,Female,Chicago,Midwest,Consumer Budget
CUST-8583,44,36-50,Female,Los Angeles,West,SMB
CUST-7561,33,26-35,Male,Philadelphia,North East,SMB
CUST-6498,42,36-50,Female,San Francisco,West,Consumer Premium
CUST-8410,40,36-50,Non-Binary,Detroit,Midwest,Consumer Premium
CUST-8674,35,26-35,Female,New York,North East,SMB
CUST-4155,39,36-50,Male,Atlanta,South,Consumer Premium
CUST-9578,20,18-25,Female,Los Angeles,West,SMB
CUST-1817,30,26-35,Female,Atlanta,South,SMB
CUST-1880,18,18-25,Female,Boston,North East,Consumer Premium
CUST-9274,28,26-35,Female,San Francisco,West,Consumer Budget
CUST-5127,48,36-50,Male,San Francisco,West,SMB
CUST-6724,53,51-65,Male,Minneapolis,Midwest,Consumer Premium
CUST-8867,45,36-50,Other,New York,North East,SMB
CUST-4621,47,36-50,Male,Philadelphia,North East,B2B Enterprise
CUST-3063,39,36-50,Male,Philadelphia,North East,SMB
CUST-3741,30,26-35,Female,Miami,South,Consumer Premium
CUST-5432,44,36-50,Female,Minneapolis,Midwest,SMB
CUST-8321,41,36-50,Male,Atlanta,South,Consumer Premium
CUST-4247,53,51-65,Male,Atlanta,South,Consumer Premium
CUST-4051,34,26-35,Male,Philadelphia,North East,Consumer Budget
CUST-8404,26,26-35,Female,Miami,South,Consumer Budget
CUST-9392,26,26-35,Female,Boston,North East,B2B Enterprise
CUST-5378,36,36-50,Female,Seattle,West,Consumer Budget
CUST-9912,27,26-35,Female,Dallas,South,Consumer Premium
CUST-9479,18,18-25,Male,Minneapolis,Midwest,Consumer Premium
CUST-7611,39,36-50,Male,Atlanta,South,Consumer Premium
CUST-3596,45,36-50,Male,Atlanta,South,Consumer Premium
CUST-6472,31,26-35,Female,Detroit,Midwest,SMB
CUST-9537,42,36-50,Male,New York,North East,Consumer Budget
CUST-5590,32,26-35,Male,Los Angeles,West,Consumer Budget
CUST-1568,29,26-35,Male,Chicago,Midwest,Consumer Premium
CUST-5028,36,36-50,Female,New York,North East,Consumer Premium
CUST-9796,39,36-50,Male,Dallas,South,Consumer Premium
CUST-5797,50,36-50,Female,New York,North East,SMB
CUST-7672,36,36-50,Male,Boston,North East,Consumer Budget
CUST-6225,40,36-50,Male,New York,North East,B2B Enterprise
CUST-7746,35,26-35,Male,Dallas,South,SMB
CUST-4700,42,36-50,Female,Minneapolis,Midwest,Consumer Premium
CUST-1715,24,18-25,Female,Atlanta,South,SMB
CUST-8339,45,36-50,Female,Seattle,West,Consumer Budget
CUST-8081,53,51-65,Male,New York,North East,Consumer Premium
CUST-9085,22,18-25,Female,New York,North East,SMB
CUST-4720,35,26-35,Male,Chicago,Midwest,SMB
CUST-4350,50,36-50,Male,New York,North East,SMB
CUST-4600,23,18-25,Female,Philadelphia,North East,Consumer Budget
CUST-7300,18,18-25,Non-Binary,Seattle,West,SMB
CUST-1550,22,18-25,Male,Minneapolis,Midwest,Consumer Budget
CUST-1871,42,36-50,Male,Miami,South,B2B Enterprise
CUST-1927,58,51-65,Female,New York,North East,B2B Enterprise
CUST-2781,42,36-50,Male,Minneapolis,Midwest,B2B Enterprise
CUST-6947,18,18-25,Female,Philadelphia,North East,Consumer Budget
CUST-6718,33,26-35,Female,Los Angeles,West,Consumer Premium
CUST-1887,24,18-25,Female,Los Angeles,West,SMB
CUST-3840,33,26-35,Female,Chicago,Midwest,SMB
CUST-3903,30,26-35,Male,Atlanta,South,Consumer Premium
CUST-3280,29,26-35,Male,Detroit,Midwest,SMB
CUST-4842,32,26-35,Male,Detroit,Midwest,Consumer Budget
CUST-2206,27,26-35,Male,Dallas,South,SMB
CUST-8364,40,36-50,Male,Seattle,West,Consumer Budget
CUST-1893,18,18-25,Male,Los Angeles,West,Consumer Budget
CUST-3357,31,26-35,Female,Philadelphia,North East,SMB
CUST-3822,51,51-65,Female,Philadelphia,North East,Consumer Budget
CUST-9070,32,26-35,Female,Los Angeles,West,B2B Enterprise
CUST-1455,18,18-25,Female,Detroit,Midwest,Consumer Premium
CUST-5849,41,36-50,Female,Philadelphia,North East,Consumer Budget
CUST-7146,40,36-50,Male,Minneapolis,Midwest,Consumer Budget
CUST-4301,51,51-65,Male,Los Angeles,West,B2B Enterprise
CUST-4288,34,26-35,Male,Boston,North East,Consumer Budget
CUST-6004,53,51-65,Female,New York,North East,Consumer Premium
CUST-5879,34,26-35,Other,Los Angeles,West,Consumer Premium
CUST-5762,52,51-65,Male,Minneapolis,Midwest,B2B Enterprise
CUST-4665,44,36-50,Male,Philadelphia,North East,Consumer Budget
CUST-1657,18,18-25,Male,Atlanta,South,B2B Enterprise
CUST-9684,47,36-50,Female,Atlanta,South,Consumer Budget
CUST-1940,35,26-35,Female,Atlanta,South,Consumer Budget
CUST-5564,39,36-50,Female,Atlanta,South,Consumer Budget
CUST-8777,43,36-50,Male,Los Angeles,West,SMB
CUST-8134,43,36-50,Male,New York,North East,SMB
CUST-8318,26,26-35,Female,Dallas,South,SMB
CUST-6288,33,26-35,Female,Philadelphia,North East,SMB
CUST-3227,47,36-50,Female,New York,North East,SMB
CUST-1256,49,36-50,Female,Chicago,Midwest,Consumer Premium
CUST-3751,46,36-50,Female,Boston,North East,Consumer Premium
CUST-4984,43,36-50,Female,Detroit,Midwest,Consumer Premium
CUST-8947,39,36-50,Female,Los Angeles,West,SMB
CUST-1948,36,36-50,Female,Chicago,Midwest,SMB
CUST-1405,35,26-35,Female,Atlanta,South,Consumer Budget
CUST-6716,37,36-50,Female,Atlanta,South,B2B Enterprise
CUST-3104,38,36-50,Female,Dallas,South,Consumer Budget
CUST-3444,29,26-35,Female,Chicago,Midwest,Consumer Premium
CUST-3759,45,36-50,Male,Boston,North East,Consumer Budget
CUST-3508,42,36-50,Male,Minneapolis,Midwest,SMB
CUST-6583,46,36-50,Female,New York,North East,B2B Enterprise
CUST-1549,53,51-65,Male,Boston,North East,Consumer Budget
CUST-3476,18,18-25,Male,New York,North East,Consumer Premium
CUST-3657,61,51-65,Male,Seattle,West,SMB
CUST-4071,28,26-35,Male,Detroit,Midwest,Consumer Budget
CUST-1187,41,36-50,Male,Dallas,South,Consumer Budget
CUST-4038,34,26-35,Female,Boston,North East,B2B Enterprise
CUST-1847,35,26-35,Female,San Francisco,West,SMB
CUST-8275,40,36-50,Female,Atlanta,South,Consumer Budget
CUST-9942,62,51-65,Male,New York,North East,SMB
CUST-8884,46,36-50,Male,Los Angeles,West,SMB
CUST-2238,38,36-50,Male,New York,North East,SMB
CUST-3868,40,36-50,Female,Boston,North East,SMB
CUST-5663,32,26-35,Male,Dallas,South,SMB
CUST-4816,18,18-25,Non-Binary,Minneapolis,Midwest,SMB
CUST-5532,33,26-35,Female,Miami,South,Consumer Premium
CUST-9320,42,36-50,Male,Detroit,Midwest,SMB
CUST-6979,57,51-65,Male,Boston,North East,Consumer Premium
CUST-4233,28,26-35,Male,Atlanta,South,B2B Enterprise
CUST-5015,29,26-35,Male,San Francisco,West,Consumer Budget
CUST-4240,59,51-65,Male,Detroit,Midwest,Consumer Premium
CUST-4781,48,36-50,Male,Seattle,West,B2B Enterprise
CUST-1379,58,51-65,Female,Los Angeles,West,Consumer Budget
CUST-6070,29,26-35,Non-Binary,Atlanta,South,Consumer Budget
CUST-5234,37,36-50,Male,Los Angeles,West,Consumer Premium
CUST-3603,21,18-25,Female,Dallas,South,SMB
CUST-7719,41,36-50,Male,Boston,North East,Consumer Premium
CUST-5722,33,26-35,Female,Los Angeles,West,Consumer Premium
CUST-6658,18,18-25,Male,San Francisco,West,Consumer Budget
CUST-7096,41,36-50,Female,San Francisco,West,SMB
CUST-4551,45,36-50,Male,Minneapolis,Midwest,B2B Enterprise
CUST-3731,26,26-35,Male,Boston,North East,B2B Enterprise
CUST-9985,34,26-35,Female,Atlanta,South,SMB
CUST-7005,41,36-50,Female,San Francisco,West,SMB
CUST-9991,24,18-25,Male,Los Angeles,West,SMB
CUST-6346,30,26-35,Male,Los Angeles,West,Consumer Budget
CUST-1602,22,18-25,Female,Boston,North East,Consumer Premium
CUST-4431,39,36-50,Male,Philadelphia,North East,Consumer Premium
CUST-5027,36,36-50,Male,Atlanta,South,SMB
CUST-1698,52,51-65,Female,Chicago,Midwest,SMB
CUST-4875,40,36-50,Female,Dallas,South,Consumer Budget
CUST-4529,41,36-50,Male,Miami,South,Consumer Premium
CUST-1971,40,36-50,Male,Seattle,West,Consumer Premium
CUST-6574,45,36-50,Female,Detroit,Midwest,Consumer Budget
CUST-7566,37,36-50,Male,Minneapolis,Midwest,Consumer Budget
CUST-2119,50,36-50,Female,Minneapolis,Midwest,Consumer Premium
CUST-3175,32,26-35,Female,Chicago,Midwest,Consumer Budget
CUST-7727,52,51-65,Male,Atlanta,South,Consumer Premium
CUST-4615,30,26-35,Other,Seattle,West,Consumer Budget
CUST-4740,36,36-50,Female,San Francisco,West,SMB
CUST-8365,25,18-25,Female,Detroit,Midwest,SMB
CUST-5861,64,51-65,Female,New York,North East,SMB
CUST-4279,19,18-25,Male,San Francisco,West,B2B Enterprise
CUST-8602,29,26-35,Male,San Francisco,West,SMB
CUST-7404,48,36-50,Male,Dallas,South,Consumer Budget
CUST-5273,42,36-50,Female,Boston,North East,SMB
CUST-7274,40,36-50,Female,Atlanta,South,SMB
CUST-9389,39,36-50,Female,New York,North East,SMB
CUST-3290,30,26-35,Male,Dallas,South,SMB
CUST-7157,44,36-50,Male,Boston,North East,Consumer Budget
CUST-6308,24,18-25,Male,Boston,North East,B2B Enterprise
CUST-6021,38,36-50,Male,Los Angeles,West,SMB
CUST-3149,46,36-50,Female,Philadelphia,North East,Consumer Premium
CUST-4224,44,36-50,Female,Chicago,Midwest,SMB
CUST-2518,54,51-65,Female,Atlanta,South,Consumer Premium
CUST-1450,43,36-50,Female,Detroit,Midwest,Consumer Premium
CUST-5024,23,18-25,Male,Boston,North East,Consumer Budget
CUST-3236,26,26-35,Male,Seattle,West,Consumer Premium
CUST-7163,23,18-25,Male,Detroit,Midwest,B2B Enterprise
CUST-7941,32,26-35,Female,Detroit,Midwest,SMB
CUST-2956,33,26-35,Male,Dallas,South,Consumer Premium
CUST-9193,49,36-50,Male,Boston,North East,Consumer Budget
CUST-6726,31,26-35,Other,Los Angeles,West,Consumer Budget
CUST-5544,25,18-25,Female,New York,North East,SMB
CUST-5332,18,18-25,Male,Detroit,Midwest,B2B Enterprise
CUST-4119,37,36-50,Female,Chicago,Midwest,B2B Enterprise
CUST-8411,55,51-65,Non-Binary,New York,North East,Consumer Premium
CUST-9124,33,26-35,Male,Atlanta,South,Consumer Premium
CUST-3294,44,36-50,Male,Dallas,South,SMB
CUST-7053,37,36-50,Male,Minneapolis,Midwest,SMB
CUST-7306,55,51-65,Female,Minneapolis,Midwest,B2B Enterprise
CUST-8014,50,36-50,Male,Dallas,South,SMB
CUST-8984,60,51-65,Female,Los Angeles,West,SMB
CUST-2565,33,26-35,Male,New York,North East,SMB
CUST-9918,18,18-25,Female,Detroit,Midwest,Consumer Premium
CUST-4021,48,36-50,Female,Detroit,Midwest,SMB
CUST-4697,36,36-50,Male,Minneapolis,Midwest,Consumer Budget
CUST-9769,31,26-35,Female,Detroit,Midwest,Consumer Budget
CUST-9635,32,26-35,Female,San Francisco,West,Consumer Budget
CUST-1328,56,51-65,Non-Binary,San Francisco,West,Consumer Premium
CUST-5985,23,18-25,Non-Binary,Boston,North East,Consumer Premium
CUST-8044,64,51-65,Male,Detroit,Midwest,Consumer Budget
CUST-7583,31,26-35,Male,Seattle,West,SMB
CUST-5333,47,36-50,Female,Detroit,Midwest,Consumer Premium
CUST-4433,50,36-50,Non-Binary,Detroit,Midwest,Consumer Budget
CUST-1523,31,26-35,Male,Philadelphia,North East,Consumer Premium
CUST-6389,42,36-50,Non-Binary,New York,North East,Consumer Budget
CUST-2032,32,26-35,Female,Boston,North East,Consumer Premium
CUST-5099,41,36-50,Female,Chicago,Midwest,Consumer Budget
CUST-4488,33,26-35,Male,Boston,North East,Consumer Premium
CUST-4482,34,26-35,Female,Detroit,Midwest,Consumer Budget
CUST-8899,18,18-25,Female,San Francisco,West,Consumer Budget
CUST-5931,27,26-35,Male,Atlanta,South,SMB
CUST-2752,32,26-35,Female,San Francisco,West,Consumer Premium
CUST-1905,31,26-35,Female,Minneapolis,Midwest,SMB
CUST-6991,30,26-35,Male,Chicago,Midwest,Consumer Budget
CUST-6008,36,36-50,Male,Chicago,Midwest,Consumer Premium
CUST-4196,49,36-50,Male,Detroit,Midwest,SMB
CUST-1469,18,18-25,Female,Detroit,Midwest,SMB
CUST-2772,18,18-25,Female,Philadelphia,North East,Consumer Budget
CUST-1159,23,18-25,Male,San Francisco,West,Consumer Premium
CUST-1530,54,51-65,Female,Atlanta,South,SMB
CUST-1735,29,26-35,Female,Minneapolis,Midwest,Consumer Premium
CUST-9569,37,36-50,Male,Los Angeles,West,Consumer Budget
CUST-6167,39,36-50,Female,Philadelphia,North East,SMB
CUST-8993,53,51-65,Female,New York,North East,Consumer Budget
CUST-2980,30,26-35,Female,San Francisco,West,Consumer Budget
CUST-8057,55,51-65,Female,Philadelphia,North East,Consumer Premium
CUST-8040,26,26-35,Male,Los Angeles,West,SMB
CUST-3484,23,18-25,Male,San Francisco,West,Consumer Budget
CUST-9379,18,18-25,Male,Miami,South,SMB
CUST-2399,69,65+,Male,Los Angeles,West,SMB
CUST-8671,45,36-50,Female,Dallas,South,SMB
CUST-6721,34,26-35,Non-Binary,Atlanta,South,Consumer Budget
CUST-7894,24,18-25,Female,Chicago,Midwest,Consumer Premium
CUST-9720,50,36-50,Female,Los Angeles,West,Consumer Budget
CUST-7318,45,36-50,Male,Detroit,Midwest,Consumer Budget
CUST-5140,42,36-50,Non-Binary,Miami,South,Consumer Premium
CUST-1462,19,18-25,Female,Atlanta,South,Consumer Budget
CUST-2268,29,26-35,Female,San Francisco,West,Consumer Premium
CUST-6108,33,26-35,Female,Miami,South,SMB
CUST-8268,40,36-50,Female,Detroit,Midwest,B2B Enterprise
CUST-9734,28,26-35,Male,Detroit,Midwest,Consumer Premium
CUST-7752,37,36-50,Non-Binary,Minneapolis,Midwest,Consumer Premium
CUST-7367,32,26-35,Non-Binary,Philadelphia,North East,SMB
CUST-7955,63,51-65,Female,Miami,South,Consumer Premium
CUST-6720,42,36-50,Female,Detroit,Midwest,Consumer Premium
CUST-1819,37,36-50,Female,Miami,South,Consumer Budget
CUST-5147,41,36-50,Female,New York,North East,Consumer Budget
CUST-8678,26,26-35,Female,Seattle,West,Consumer Budget
CUST-8765,52,51-65,Male,Chicago,Midwest,Consumer Premium
CUST-7185,54,51-65,Female,Atlanta,South,Consumer Budget
CUST-1606,31,26-35,Male,Minneapolis,Midwest,B2B Enterprise
CUST-4544,41,36-50,Male,Atlanta,South,Consumer Budget
CUST-8886,19,18-25,Non-Binary,Los Angeles,West,SMB
CUST-8084,31,26-35,Female,Minneapolis,Midwest,Consumer Premium
CUST-1219,41,36-50,Other,Miami,South,Consumer Premium
CUST-5631,42,36-50,Male,New York,North East,Consumer Premium
CUST-1348,50,36-50,Male,Seattle,West,Consumer Premium
CUST-1244,22,18-25,Male,Atlanta,South,Consumer Premium
CUST-9681,50,36-50,Male,Seattle,West,SMB
CUST-2701,40,36-50,Male,Miami,South,Consumer Budget
CUST-2972,34,26-35,Female,Chicago,Midwest,Consumer Budget
CUST-4329,32,26-35,Male,Seattle,West,Consumer Budget
CUST-4069,23,18-25,Female,Minneapolis,Midwest,Consumer Premium
CUST-3463,67,65+,Male,Los Angeles,West,SMB
CUST-5834,52,51-65,Male,Chicago,Midwest,B2B Enterprise
CUST-8292,38,36-50,Female,Philadelphia,North East,SMB
CUST-1833,32,26-35,Male,Seattle,West,SMB
CUST-2625,28,26-35,Male,Detroit,Midwest,Consumer Budget
CUST-5548,18,18-25,Female,Miami,South,SMB
CUST-8522,29,26-35,Non-Binary,Minneapolis,Midwest,Consumer Budget
CUST-4425,52,51-65,Female,Miami,South,Consumer Premium
CUST-5043,28,26-35,Male,Philadelphia,North East,Consumer Budget
CUST-4753,36,36-50,Male,Dallas,South,SMB
CUST-1265,26,26-35,Male,Miami,South,Consumer Budget
CUST-8813,41,36-50,Female,Los Angeles,West,Consumer Premium
CUST-7494,33,26-35,Male,San Francisco,West,SMB
CUST-9279,27,26-35,Male,Detroit,Midwest,Consumer Budget
CUST-6648,36,36-50,Male,Minneapolis,Midwest,SMB
CUST-4397,41,36-50,Female,San Francisco,West,Consumer Premium
CUST-7809,35,26-35,Female,Dallas,South,Consumer Budget
CUST-3655,45,36-50,Female,Seattle,West,Consumer Budget
CUST-2957,26,26-35,Female,Atlanta,South,Consumer Budget
CUST-4727,30,26-35,Female,San Francisco,West,SMB
CUST-9482,41,36-50,Male,Dallas,South,Consumer Budget
CUST-4948,49,36-50,Female,Dallas,South,SMB
CUST-4969,33,26-35,Female,Boston,North East,SMB
CUST-7541,41,36-50,Female,Seattle,West,SMB
CUST-2377,18,18-25,Male,San Francisco,West,Consumer Budget
CUST-6076,23,18-25,Male,Philadelphia,North East,Consumer Premium
CUST-4165,26,26-35,Female,Detroit,Midwest,SMB
CUST-2245,46,36-50,Female,Chicago,Midwest,B2B Enterprise
CUST-6825,23,18-25,Female,Atlanta,South,Consumer Budget
CUST-4323,44,36-50,Female,Seattle,West,B2B Enterprise
CUST-2159,35,26-35,Female,Seattle,West,Consumer Premium
CUST-6372,45,36-50,Male,Seattle,West,SMB
CUST-3940,21,18-25,Male,Atlanta,South,SMB
CUST-3224,56,51-65,Other,Los Angeles,West,SMB
CUST-2353,43,36-50,Female,Atlanta,South,SMB
CUST-7815,51,51-65,Male,New York,North East,SMB
CUST-8856,53,51-65,Female,Dallas,South,SMB
CUST-1711,18,18-25,Non-Binary,Chicago,Midwest,SMB
CUST-6463,64,51-65,Male,Minneapolis,Midwest,SMB
CUST-6575,39,36-50,Female,Philadelphia,North East,B2B Enterprise
CUST-1251,36,36-50,Male,San Francisco,West,SMB
CUST-7371,52,51-65,Other,New York,North East,Consumer Premium
CUST-3131,38,36-50,Female,Minneapolis,Midwest,SMB
CUST-3138,38,36-50,Female,Detroit,Midwest,Consumer Budget
CUST-8956,33,26-35,Male,Boston,North East,Consumer Budget
CUST-3174,58,51-65,Female,San Francisco,West,B2B Enterprise
CUST-6190,18,18-25,Female,Dallas,South,Consumer Premium
CUST-9184,44,36-50,Female,Seattle,West,Consumer Budget
CUST-9402,33,26-35,Female,Los Angeles,West,B2B Enterprise
CUST-3584,42,36-50,Male,Boston,North East,Consumer Budget
CUST-3446,64,51-65,Female,New York,North East,SMB
CUST-7376,51,51-65,Male,Dallas,South,SMB
CUST-3168,29,26-35,Female,Detroit,Midwest,SMB
CUST-5287,34,26-35,Male,Boston,North East,Consumer Premium
CUST-7485,36,36-50,Male,San Francisco,West,SMB
CUST-3807,39,36-50,Female,Dallas,South,Consumer Budget
CUST-6615,19,18-25,Male,New York,North East,Consumer Premium
CUST-6971,18,18-25,Male,Detroit,Midwest,SMB
CUST-9967,56,51-65,Male,San Francisco,West,SMB
CUST-2371,34,26-35,Non-Binary,Miami,South,B2B Enterprise
CUST-7331,55,51-65,Female,Minneapolis,Midwest,Consumer Budget
CUST-8433,53,51-65,Female,Boston,North East,Consumer Premium
CUST-4250,39,36-50,Male,Chicago,Midwest,SMB
CUST-6491,42,36-50,Male,Boston,North East,B2B Enterprise
CUST-6426,39,36-50,Female,Boston,North East,SMB
CUST-2553,46,36-50,Male,Seattle,West,Consumer Budget
CUST-6702,25,18-25,Female,Miami,South,Consumer Budget
CUST-7938,27,26-35,Male,San Francisco,West,SMB
CUST-6727,44,36-50,Male,San Francisco,West,Consumer Budget
CUST-9223,47,36-50,Male,Dallas,South,SMB
CUST-1548,45,36-50,Other,New York,North East,Consumer Budget
CUST-7000,47,36-50,Female,New York,North East,Consumer Premium
CUST-4794,51,51-65,Male,San Francisco,West,Consumer Budget
CUST-7763,32,26-35,Female,Chicago,Midwest,Consumer Budget
CUST-2140,44,36-50,Female,New York,North East,SMB
CUST-4330,31,26-35,Female,Los Angeles,West,Consumer Budget
CUST-8390,38,36-50,Male,Dallas,South,Consumer Premium
CUST-1676,19,18-25,Other,Boston,North East,SMB
CUST-7298,33,26-35,Male,Minneapolis,Midwest,Consumer Premium
CUST-3166,36,36-50,Female,Seattle,West,Consumer Premium
CUST-8568,28,26-35,Male,New York,North East,Consumer Premium
CUST-2503,19,18-25,Female,Minneapolis,Midwest,Consumer Budget
CUST-2170,52,51-65,Male,Philadelphia,North East,SMB
CUST-7862,28,26-35,Male,Seattle,West,Consumer Budget
CUST-4747,22,18-25,Female,Philadelphia,North East,SMB
CUST-8628,58,51-65,Non-Binary,San Francisco,West,SMB
CUST-3061,39,36-50,Other,Boston,North East,SMB
CUST-2601,27,26-35,Male,New York,North East,Consumer Budget
CUST-8488,31,26-35,Male,Minneapolis,Midwest,Consumer Budget
CUST-7345,55,51-65,Female,San Francisco,West,Consumer Budget
CUST-4489,45,36-50,Female,Atlanta,South,Consumer Premium
CUST-4367,27,26-35,Male,Miami,South,Consumer Budget
CUST-7101,48,36-50,Male,Atlanta,South,B2B Enterprise
CUST-1759,31,26-35,Female,Dallas,South,Consumer Premium
CUST-1368,38,36-50,Male,Chicago,Midwest,SMB
CUST-2498,35,26-35,Male,San Francisco,West,Consumer Budget
CUST-9148,53,51-65,Male,Los Angeles,West,Consumer Premium
CUST-5070,54,51-65,Female,Chicago,Midwest,B2B Enterprise
CUST-3509,18,18-25,Female,Los Angeles,West,Consumer Budget
CUST-9451,40,36-50,Male,Detroit,Midwest,B2B Enterprise
CUST-1588,41,36-50,Female,Chicago,Midwest,Consumer Budget
CUST-4769,52,51-65,Female,Los Angeles,West,Consumer Premium
CUST-2376,44,36-50,Male,Philadelphia,North East,Consumer Premium
CUST-4369,31,26-35,Male,Detroit,Midwest,SMB
CUST-2309,42,36-50,Male,Miami,South,Consumer Premium
CUST-3728,20,18-25,Female,Miami,South,SMB
CUST-8784,48,36-50,Female,Boston,North East,SMB
CUST-3208,65,51-65,Female,Minneapolis,Midwest,Consumer Budget
CUST-4733,31,26-35,Female,Seattle,West,Consumer Premium
CUST-2970,39,36-50,Male,Los Angeles,West,Consumer Premium
CUST-2613,62,51-65,Non-Binary,Dallas,South,Consumer Premium
CUST-7803,32,26-35,Male,Dallas,South,Consumer Budget
CUST-6696,27,26-35,Male,Detroit,Midwest,Consumer Budget
CUST-6589,38,36-50,Male,Miami,South,Consumer Premium
CUST-5005,30,26-35,Female,Dallas,South,B2B Enterprise
CUST-2049,27,26-35,Female,New York,North East,B2B Enterprise
CUST-6538,38,36-50,Male,Detroit,Midwest,B2B Enterprise
CUST-8425,37,36-50,Male,Boston,North East,Consumer Budget
CUST-9791,20,18-25,Female,Dallas,South,SMB
CUST-6784,47,36-50,Female,Atlanta,South,SMB
CUST-6342,37,36-50,Male,Minneapolis,Midwest,Consumer Budget
CUST-6435,47,36-50,Male,Boston,North East,Consumer Premium
CUST-9461,44,36-50,Female,Seattle,West,B2B Enterprise
CUST-8526,25,18-25,Male,Los Angeles,West,Consumer Premium
CUST-4883,59,51-65,Female,Boston,North East,Consumer Premium
CUST-3556,39,36-50,Female,New York,North East,Consumer Premium
CUST-3066,51,51-65,Male,Miami,South,Consumer Budget
CUST-3302,43,36-50,Male,Detroit,Midwest,SMB
CUST-7985,54,51-65,Female,Detroit,Midwest,SMB
CUST-5856,37,36-50,Male,Boston,North East,Consumer Budget
CUST-3618,50,36-50,Male,Seattle,West,SMB
CUST-9730,46,36-50,Female,Miami,South,SMB
CUST-6835,33,26-35,Male,Detroit,Midwest,Consumer Budget
CUST-4545,57,51-65,Male,Dallas,South,Consumer Premium
CUST-4389,33,26-35,Female,Minneapolis,Midwest,B2B Enterprise
CUST-9860,22,18-25,Female,Boston,North East,SMB
CUST-1401,44,36-50,Female,Seattle,West,Consumer Premium
CUST-2954,18,18-25,Female,Dallas,South,Consumer Budget
CUST-4626,45,36-50,Male,Miami,South,B2B Enterprise
CUST-7642,42,36-50,Female,Chicago,Midwest,SMB
CUST-8300,55,51-65,Female,Miami,South,Consumer Premium
CUST-4210,31,26-35,Female,Minneapolis,Midwest,Consumer Premium
CUST-3047,36,36-50,Female,Miami,South,SMB
CUST-7827,18,18-25,Female,Los Angeles,West,SMB
CUST-1163,42,36-50,Other,Philadelphia,North East,Consumer Premium
CUST-2858,53,51-65,Male,New York,North East,Consumer Budget
CUST-4666,54,51-65,Male,Miami,South,Consumer Budget
CUST-9181,50,36-50,Female,Seattle,West,Consumer Budget
CUST-8646,49,36-50,Female,Miami,South,Consumer Budget
CUST-4815,52,51-65,Male,Philadelphia,North East,Consumer Premium
CUST-2564,46,36-50,Female,New York,North East,Consumer Budget
CUST-2878,37,36-50,Female,Detroit,Midwest,SMB
CUST-4151,53,51-65,Male,New York,North East,Consumer Premium
CUST-3904,34,26-35,Male,Miami,South,Consumer Budget
CUST-1724,32,26-35,Male,New York,North East,SMB
CUST-8541,19,18-25,Male,Boston,North East,B2B Enterprise
CUST-9419,33,26-35,Female,Los Angeles,West,Consumer Budget
CUST-2536,33,26-35,Female,Atlanta,South,Consumer Premium
CUST-5545,26,26-35,Non-Binary,Philadelphia,North East,Consumer Budget
CUST-1815,22,18-25,Male,Los Angeles,West,Consumer Budget
CUST-3417,71,65+,Non-Binary,Los Angeles,West,Consumer Budget
CUST-2526,21,18-25,Male,Boston,North East,Consumer Premium
CUST-3606,21,18-25,Male,San Francisco,West,Consumer Premium
CUST-5034,30,26-35,Male,Chicago,Midwest,SMB
CUST-9541,38,36-50,Male,Atlanta,South,Consumer Premium
CUST-9754,41,36-50,Male,Minneapolis,Midwest,SMB
CUST-4138,44,36-50,Male,Atlanta,South,SMB
CUST-6599,34,26-35,Male,New York,North East,Consumer Budget
CUST-4685,44,36-50,Non-Binary,Miami,South,Consumer Budget
CUST-6620,25,18-25,Male,Minneapolis,Midwest,Consumer Premium
CUST-3662,46,36-50,Male,Los Angeles,West,SMB
CUST-9252,41,36-50,Male,Philadelphia,North East,SMB
CUST-7190,27,26-35,Male,Philadelphia,North East,Consumer Premium
CUST-1500,37,36-50,Male,Seattle,West,Consumer Budget
CUST-8022,36,36-50,Female,New York,North East,Consumer Budget
CUST-5197,46,36-50,Male,Chicago,Midwest,B2B Enterprise
CUST-3552,40,36-50,Female,Minneapolis,Midwest,SMB
CUST-9032,23,18-25,Male,Boston,North East,SMB
CUST-5213,46,36-50,Female,New York,North East,Consumer Premium
CUST-2680,53,51-65,Female,Minneapolis,Midwest,Consumer Budget
CUST-1458,46,36-50,Male,Seattle,West,SMB
CUST-9343,34,26-35,Female,Miami,South,SMB
CUST-3773,30,26-35,Other,San Francisco,West,Consumer Premium
CUST-4662,27,26-35,Male,Dallas,South,SMB
CUST-2418,50,36-50,Female,Detroit,Midwest,Consumer Budget
CUST-7967,36,36-50,Female,Los Angeles,West,SMB
CUST-3634,65,51-65,Male,Boston,North East,B2B Enterprise
CUST-5495,33,26-35,Female,Atlanta,South,Consumer Premium
CUST-8616,33,26-35,Male,Seattle,West,Consumer Budget
CUST-9582,51,51-65,Female,Philadelphia,North East,B2B Enterprise
CUST-8566,39,36-50,Male,New York,North East,B2B Enterprise
CUST-8613,18,18-25,Male,Minneapolis,Midwest,Consumer Budget
CUST-7576,42,36-50,Male,Minneapolis,Midwest,SMB
CUST-4811,34,26-35,Male,Minneapolis,Midwest,SMB
CUST-1376,18,18-25,Female,Miami,South,SMB
CUST-2841,38,36-50,Female,San Francisco,West,Consumer Premium
CUST-2832,75,65+,Male,Miami,South,Consumer Budget
CUST-9931,36,36-50,Female,New York,North East,Consumer Premium
CUST-8892,37,36-50,Female,Philadelphia,North East,SMB
CUST-2187,31,26-35,Male,Minneapolis,Midwest,B2B Enterprise
CUST-3641,40,36-50,Female,Miami,South,SMB
CUST-6876,18,18-25,Female,Detroit,Midwest,SMB
CUST-8894,67,65+,Male,Atlanta,South,B2B Enterprise
CUST-5751,41,36-50,Female,Dallas,South,Consumer Budget
CUST-6221,33,26-35,Male,Minneapolis,Midwest,Consumer Budget
CUST-9914,42,36-50,Male,Detroit,Midwest,SMB
CUST-5621,39,36-50,Female,Miami,South,SMB
CUST-8184,27,26-35,Female,Los Angeles,West,SMB
CUST-9309,47,36-50,Female,San Francisco,West,Consumer Premium
CUST-3949,18,18-25,Male,Dallas,South,Consumer Premium
CUST-3849,59,51-65,Male,Minneapolis,Midwest,Consumer Budget
CUST-1158,42,36-50,Male,Los Angeles,West,Consumer Budget
CUST-9760,25,18-25,Non-Binary,Los Angeles,West,Consumer Budget
CUST-6202,34,26-35,Female,San Francisco,West,Consumer Premium
CUST-1764,31,26-35,Female,San Francisco,West,Consumer Budget
CUST-7412,56,51-65,Female,Detroit,Midwest,SMB
CUST-2006,39,36-50,Male,Seattle,West,SMB
CUST-3985,27,26-35,Female,Miami,South,Consumer Premium
CUST-2918,37,36-50,Male,Detroit,Midwest,SMB
CUST-6559,27,26-35,Male,New York,North East,SMB
CUST-4995,32,26-35,Female,Minneapolis,Midwest,Consumer Budget
CUST-7321,19,18-25,Male,Chicago,Midwest,B2B Enterprise
CUST-7638,35,26-35,Female,Miami,South,Consumer Budget
CUST-1063,30,26-35,Female,Detroit,Midwest,SMB
CUST-7456,28,26-35,Male,Atlanta,South,SMB
CUST-6124,45,36-50,Female,San Francisco,West,Consumer Budget
CUST-9188,52,51-65,Female,Dallas,South,B2B Enterprise
CUST-4987,36,36-50,Female,Chicago,Midwest,Consumer Premium
CUST-7458,34,26-35,Male,San Francisco,West,B2B Enterprise
CUST-1557,19,18-25,Male,Atlanta,South,B2B Enterprise
CUST-2477,45,36-50,Male,Seattle,West,Consumer Budget
CUST-7529,41,36-50,Female,Detroit,Midwest,B2B Enterprise
CUST-7238,29,26-35,Female,Boston,North East,SMB
CUST-3720,61,51-65,Male,Atlanta,South,SMB
CUST-2163,19,18-25,Male,Philadelphia,North East,SMB
CUST-9092,27,26-35,Male,San Francisco,West,SMB
CUST-7927,33,26-35,Male,Chicago,Midwest,B2B Enterprise
CUST-8497,26,26-35,Female,Los Angeles,West,Consumer Budget
CUST-4832,39,36-50,Male,Boston,North East,Consumer Budget
CUST-6840,51,51-65,Male,Miami,South,Consumer Premium
CUST-3201,37,36-50,Male,San Francisco,West,SMB
CUST-3363,37,36-50,Male,Seattle,West,Consumer Premium
CUST-4129,40,36-50,Female,Miami,South,B2B Enterprise
CUST-5334,38,36-50,Female,Minneapolis,Midwest,SMB
CUST-7354,38,36-50,Female,Chicago,Midwest,Consumer Premium
CUST-8641,24,18-25,Male,Boston,North East,Consumer Premium
CUST-5820,29,26-35,Female,Seattle,West,Consumer Premium
CUST-9413,35,26-35,Female,Atlanta,South,B2B Enterprise
CUST-1785,51,51-65,Female,Atlanta,South,Consumer Premium
CUST-9571,40,36-50,Male,New York,North East,Consumer Budget
CUST-5445,44,36-50,Female,Miami,South,SMB
CUST-3804,37,36-50,Female,Atlanta,South,Consumer Budget
CUST-9697,34,26-35,Male,Chicago,Midwest,Consumer Budget
CUST-1284,61,51-65,Male,Detroit,Midwest,B2B Enterprise
CUST-2094,35,26-35,Male,Dallas,South,Consumer Budget
CUST-4040,54,51-65,Male,Miami,South,SMB
CUST-1293,34,26-35,Male,Philadelphia,North East,Consumer Budget
CUST-7805,52,51-65,Male,Dallas,South,Consumer Budget
CUST-2278,36,36-50,Female,Boston,North East,Consumer Premium
CUST-5645,32,26-35,Male,Philadelphia,North East,SMB
CUST-5704,37,36-50,Male,Chicago,Midwest,SMB
CUST-5689,41,36-50,Male,Dallas,South,SMB
CUST-6838,53,51-65,Male,Miami,South,SMB
CUST-8687,18,18-25,Male,Chicago,Midwest,Consumer Budget
CUST-5144,45,36-50,Female,Detroit,Midwest,SMB
CUST-5777,48,36-50,Male,Philadelphia,North East,Consumer Budget
CUST-9935,38,36-50,Male,San Francisco,West,B2B Enterprise
CUST-3050,18,18-25,Male,San Francisco,West,Consumer Budget
CUST-1876,42,36-50,Female,New York,North East,SMB
CUST-4623,24,18-25,Non-Binary,New York,North East,SMB
CUST-1760,32,26-35,Male,Chicago,Midwest,Consumer Premium
CUST-6626,40,36-50,Male,Dallas,South,B2B Enterprise
CUST-7156,34,26-35,Male,Seattle,West,Consumer Premium
CUST-8859,46,36-50,Male,Boston,North East,Consumer Budget
CUST-4390,34,26-35,Female,Boston,North East,Consumer Budget
CUST-6433,24,18-25,Female,Boston,North East,Consumer Budget
CUST-6679,21,18-25,Female,Los Angeles,West,Consumer Budget
CUST-1996,39,36-50,Female,San Francisco,West,Consumer Premium
CUST-4215,46,36-50,Female,Boston,North East,B2B Enterprise
CUST-6614,33,26-35,Male,Chicago,Midwest,SMB
CUST-4827,49,36-50,Male,Minneapolis,Midwest,B2B Enterprise
CUST-9149,40,36-50,Male,Philadelphia,North East,Consumer Budget
CUST-9111,49,36-50,Female,Chicago,Midwest,Consumer Premium
CUST-7607,33,26-35,Male,Los Angeles,West,Consumer Premium
CUST-5750,36,36-50,Female,Dallas,South,Consumer Budget
CUST-8347,56,51-65,Male,Philadelphia,North East,Consumer Premium
CUST-7033,30,26-35,Female,Miami,South,Consumer Premium
CUST-1263,63,51-65,Female,Detroit,Midwest,Consumer Premium
CUST-5173,25,18-25,Male,Philadelphia,North East,Consumer Premium
CUST-5172,35,26-35,Female,New York,North East,Consumer Budget
CUST-8881,39,36-50,Male,Los Angeles,West,SMB
CUST-7692,40,36-50,Female,Los Angeles,West,Consumer Premium
CUST-9824,55,51-65,Male,Boston,North East,B2B Enterprise
CUST-7516,39,36-50,Female,Philadelphia,North East,B2B Enterprise
CUST-5072,55,51-65,Female,Chicago,Midwest,SMB
CUST-5282,40,36-50,Male,Chicago,Midwest,B2B Enterprise
CUST-6699,68,65+,Female,Boston,North East,Consumer Premium
CUST-4902,41,36-50,Female,Dallas,South,Consumer Budget
CUST-9677,18,18-25,Male,Atlanta,South,Consumer Premium
CUST-7048,33,26-35,Female,Los Angeles,West,Consumer Budget
CUST-5230,41,36-50,Female,San Francisco,West,Consumer Budget
CUST-4107,20,18-25,Male,Detroit,Midwest,SMB
CUST-2262,52,51-65,Male,Atlanta,South,SMB
CUST-2153,59,51-65,Female,Detroit,Midwest,Consumer Budget
CUST-4394,45,36-50,Male,Minneapolis,Midwest,Consumer Premium
CUST-8011,46,36-50,Female,New York,North East,SMB
CUST-5304,42,36-50,Female,Dallas,South,Consumer Premium
CUST-6121,39,36-50,Male,Seattle,West,SMB
CUST-1289,43,36-50,Male,Philadelphia,North East,SMB
CUST-6447,18,18-25,Female,Chicago,Midwest,Consumer Premium
CUST-7372,34,26-35,Female,Seattle,West,Consumer Budget
CUST-4017,44,36-50,Female,Atlanta,South,SMB
CUST-1758,18,18-25,Male,Dallas,South,Consumer Budget
CUST-7533,51,51-65,Female,San Francisco,West,Consumer Budget
CUST-2315,37,36-50,Female,Los Angeles,West,Consumer Budget
CUST-8928,25,18-25,Female,Detroit,Midwest,B2B Enterprise
CUST-9251,33,26-35,Female,Minneapolis,Midwest,B2B Enterprise
CUST-4241,37,36-50,Female,Boston,North East,Consumer Premium
CUST-4942,26,26-35,Male,Detroit,Midwest,SMB
CUST-3187,30,26-35,Male,Boston,North East,Consumer Budget
CUST-4638,18,18-25,Female,Atlanta,South,Consumer Premium
CUST-4322,36,36-50,Female,San Francisco,West,SMB
CUST-2703,49,36-50,Female,San Francisco,West,Consumer Premium
CUST-1014,25,18-25,Male,Atlanta,South,B2B Enterprise
CUST-9877,37,36-50,Male,Detroit,Midwest,Consumer Premium
CUST-7081,35,26-35,Male,Los Angeles,West,Consumer Budget
CUST-4580,21,18-25,Female,San Francisco,West,Consumer Budget
CUST-6856,30,26-35,Female,Atlanta,South,Consumer Budget
CUST-4694,30,26-35,Male,Detroit,Midwest,B2B Enterprise
CUST-3844,37,36-50,Female,Seattle,West,Consumer Budget
CUST-9302,52,51-65,Male,Dallas,South,Consumer Budget
CUST-5425,35,26-35,Female,Dallas,South,Consumer Premium
CUST-5905,32,26-35,Male,Boston,North East,Consumer Budget
CUST-3420,39,36-50,Male,Detroit,Midwest,Consumer Premium
CUST-4162,47,36-50,Other,Atlanta,South,Consumer Budget
CUST-6253,18,18-25,Female,Los Angeles,West,B2B Enterprise
CUST-9077,63,51-65,Male,Detroit,Midwest,Consumer Budget
CUST-1582,39,36-50,Female,Los Angeles,West,B2B Enterprise
CUST-1900,41,36-50,Female,San Francisco,West,SMB
CUST-4220,50,36-50,Male,Boston,North East,Consumer Budget
CUST-9218,18,18-25,Male,Philadelphia,North East,B2B Enterprise
CUST-8340,46,36-50,Male,Minneapolis,Midwest,Consumer Premium
CUST-1039,29,26-35,Female,Los Angeles,West,SMB
CUST-2606,38,36-50,Female,San Francisco,West,Consumer Budget
CUST-2840,28,26-35,Male,Philadelphia,North East,SMB
CUST-4487,18,18-25,Male,New York,North East,Consumer Premium
CUST-2527,23,18-25,Female,Philadelphia,North East,Consumer Premium
CUST-8066,49,36-50,Non-Binary,Chicago,Midwest,Consumer Premium
CUST-5652,39,36-50,Non-Binary,Boston,North East,SMB
CUST-8945,39,36-50,Female,Boston,North East,Consumer Budget
CUST-9308,46,36-50,Male,San Francisco,West,SMB
CUST-3157,37,36-50,Non-Binary,Miami,South,Consumer Budget
CUST-3599,34,26-35,Male,Dallas,South,Consumer Premium
CUST-7847,41,36-50,Female,New York,North East,SMB
CUST-1246,49,36-50,Male,Seattle,West,Consumer Budget
CUST-1155,25,18-25,Male,Philadelphia,North East,Consumer Budget
CUST-3982,39,36-50,Female,Miami,South,Consumer Premium
CUST-2990,18,18-25,Male,Seattle,West,B2B Enterprise
CUST-2895,30,26-35,Other,Atlanta,South,Consumer Budget
CUST-2910,40,36-50,Male,Atlanta,South,Consumer Budget
CUST-4756,28,26-35,Male,San Francisco,West,Consumer Premium
CUST-9466,44,36-50,Male,Philadelphia,North East,SMB
CUST-3026,54,51-65,Female,Boston,North East,Consumer Premium
CUST-9550,39,36-50,Female,Detroit,Midwest,Consumer Budget
CUST-7439,43,36-50,Female,New York,North East,Consumer Budget
CUST-3786,44,36-50,Male,Chicago,Midwest,Consumer Premium
CUST-3278,37,36-50,Female,Miami,South,Consumer Budget
CUST-6609,39,36-50,Male,Philadelphia,North East,SMB
CUST-8414,26,26-35,Female,Atlanta,South,Consumer Premium
CUST-2465,31,26-35,Female,Los Angeles,West,SMB
CUST-5115,43,36-50,Female,Boston,North East,Consumer Budget
CUST-8906,33,26-35,Male,Chicago,Midwest,Consumer Premium
CUST-1262,40,36-50,Female,San Francisco,West,Consumer Premium
CUST-9170,34,26-35,Male,Atlanta,South,B2B Enterprise
CUST-6879,38,36-50,Female,Miami,South,Consumer Budget
CUST-1731,24,18-25,Female,Detroit,Midwest,Consumer Premium
CUST-2368,37,36-50,Male,Philadelphia,North East,Consumer Budget
CUST-8953,24,18-25,Female,Dallas,South,Consumer Budget
CUST-3589,36,36-50,Female,Detroit,Midwest,Consumer Premium
CUST-6178,21,18-25,Male,Dallas,South,B2B Enterprise
CUST-1788,53,51-65,Male,San Francisco,West,Consumer Premium
CUST-1866,18,18-25,Female,New York,North East,SMB
CUST-1858,47,36-50,Other,Los Angeles,West,SMB
CUST-7987,49,36-50,Female,Chicago,Midwest,SMB
CUST-9137,46,36-50,Female,Miami,South,B2B Enterprise
CUST-9021,27,26-35,Male,Philadelphia,North East,B2B Enterprise
CUST-6137,45,36-50,Female,Miami,South,B2B Enterprise
CUST-3684,18,18-25,Male,Boston,North East,Consumer Budget
CUST-6368,42,36-50,Male,San Francisco,West,B2B Enterprise
CUST-2998,31,26-35,Female,Detroit,Midwest,Consumer Premium
CUST-4447,47,36-50,Non-Binary,Boston,North East,Consumer Premium
CUST-9850,36,36-50,Female,Chicago,Midwest,Consumer Premium
CUST-9921,18,18-25,Female,Detroit,Midwest,Consumer Budget
CUST-6673,43,36-50,Female,Dallas,South,SMB
CUST-4216,42,36-50,Male,San Francisco,West,Consumer Premium
CUST-2028,36,36-50,Female,Los Angeles,West,Consumer Budget
CUST-1227,39,36-50,Non-Binary,New York,North East,SMB
CUST-4759,49,36-50,Male,Los Angeles,West,Consumer Budget
CUST-2899,45,36-50,Male,San Francisco,West,SMB
CUST-2401,18,18-25,Male,San Francisco,West,SMB
CUST-8232,27,26-35,Male,New York,North East,Consumer Budget
CUST-9923,39,36-50,Male,Miami,South,SMB
CUST-7517,41,36-50,Female,Dallas,South,Consumer Budget
CUST-7559,21,18-25,Male,Philadelphia,North East,SMB
CUST-7863,41,36-50,Female,Minneapolis,Midwest,Consumer Premium
CUST-6487,60,51-65,Male,Minneapolis,Midwest,Consumer Premium
CUST-1279,39,36-50,Female,Los Angeles,West,Consumer Budget
CUST-5291,18,18-25,Female,Minneapolis,Midwest,Consumer Premium
CUST-1331,51,51-65,Male,Los Angeles,West,B2B Enterprise
CUST-2810,43,36-50,Female,New York,North East,Consumer Premium
CUST-2509,33,26-35,Male,San Francisco,West,B2B Enterprise
CUST-6790,40,36-50,Female,Atlanta,South,B2B Enterprise
CUST-9514,41,36-50,Female,Atlanta,South,SMB
CUST-4232,18,18-25,Male,Miami,South,Consumer Budget
CUST-7111,37,36-50,Female,Chicago,Midwest,Consumer Budget
CUST-8742,21,18-25,Male,Dallas,South,SMB
CUST-8099,18,18-25,Female,Philadelphia,North East,Consumer Premium
CUST-5321,47,36-50,Non-Binary,Boston,North East,Consumer Budget
CUST-7172,36,36-50,Female,San Francisco,West,SMB
CUST-1077,52,51-65,Female,Philadelphia,North East,Consumer Premium
CUST-4840,52,51-65,Male,Atlanta,South,Consumer Budget
CUST-8940,51,51-65,Male,Philadelphia,North East,Consumer Premium
CUST-2591,57,51-65,Female,Minneapolis,Midwest,B2B Enterprise
CUST-7121,47,36-50,Male,Boston,North East,SMB
CUST-4325,53,51-65,Male,Atlanta,South,SMB
CUST-6046,67,65+,Female,Atlanta,South,Consumer Budget
CUST-1020,47,36-50,Female,Dallas,South,Consumer Premium
CUST-7608,21,18-25,Female,San Francisco,West,Consumer Premium
CUST-4421,31,26-35,Male,Chicago,Midwest,B2B Enterprise
CUST-9825,41,36-50,Female,Philadelphia,North East,B2B Enterprise
CUST-3105,41,36-50,Male,Miami,South,Consumer Budget
CUST-3651,40,36-50,Female,Los Angeles,West,Consumer Budget
CUST-1579,18,18-25,Female,Boston,North East,B2B Enterprise
CUST-6407,36,36-50,Female,New York,North East,SMB
CUST-1595,44,36-50,Male,Boston,North East,Consumer Budget
CUST-5063,29,26-35,Male,Seattle,West,Consumer Budget
CUST-7594,38,36-50,Male,Philadelphia,North East,SMB
CUST-9197,49,36-50,Male,New York,North East,SMB
CUST-7592,63,51-65,Male,Philadelphia,North East,SMB
CUST-1944,35,26-35,Male,Chicago,Midwest,Consumer Premium
CUST-2663,32,26-35,Female,San Francisco,West,Consumer Budget
CUST-3113,41,36-50,Male,Chicago,Midwest,B2B Enterprise
CUST-6753,18,18-25,Female,Atlanta,South,B2B Enterprise
CUST-4439,26,26-35,Female,Miami,South,Consumer Budget
CUST-7552,51,51-65,Female,Los Angeles,West,Consumer Budget
CUST-5521,39,36-50,Female,San Francisco,West,SMB
CUST-8016,18,18-25,Male,San Francisco,West,SMB
CUST-9981,42,36-50,Male,Seattle,West,B2B Enterprise
CUST-5582,43,36-50,Female,Seattle,West,B2B Enterprise
CUST-8553,41,36-50,Male,New York,North East,Consumer Budget
CUST-8546,40,36-50,Male,Minneapolis,Midwest,SMB
CUST-2295,36,36-50,Female,Boston,North East,Consumer Budget
CUST-9403,36,36-50,Male,Atlanta,South,SMB
CUST-7023,43,36-50,Male,Detroit,Midwest,Consumer Budget
CUST-4106,45,36-50,Male,New York,North East,Consumer Budget
CUST-4297,18,18-25,Female,Philadelphia,North East,SMB
CUST-9457,38,36-50,Male,Miami,South,Consumer Premium
CUST-4805,41,36-50,Male,Dallas,South,SMB
CUST-5198,47,36-50,Female,Atlanta,South,Consumer Budget
CUST-4746,33,26-35,Female,San Francisco,West,Consumer Budget
CUST-9777,33,26-35,Male,Miami,South,SMB
CUST-6688,26,26-35,Male,Boston,North East,SMB
CUST-9615,27,26-35,Male,Atlanta,South,B2B Enterprise
CUST-8483,41,36-50,Male,Minneapolis,Midwest,SMB
CUST-1843,40,36-50,Male,Minneapolis,Midwest,Consumer Premium
CUST-4528,39,36-50,Female,San Francisco,West,Consumer Premium
CUST-9150,36,36-50,Male,Philadelphia,North East,Consumer Budget
CUST-2880,20,18-25,Male,Boston,North East,SMB
CUST-1596,48,36-50,Female,Atlanta,South,B2B Enterprise
CUST-4028,47,36-50,Female,Los Angeles,West,B2B Enterprise
CUST-7928,43,36-50,Non-Binary,Dallas,South,B2B Enterprise
CUST-3504,43,36-50,Female,Chicago,Midwest,Consumer Premium
CUST-6327,47,36-50,Female,New York,North East,B2B Enterprise
CUST-1380,50,36-50,Male,San Francisco,West,Consumer Budget
CUST-9220,18,18-25,Male,San Francisco,West,SMB
CUST-5078,39,36-50,Female,Philadelphia,North East,Consumer Budget
CUST-7539,37,36-50,Non-Binary,Seattle,West,B2B Enterprise
CUST-2692,57,51-65,Female,Detroit,Midwest,Consumer Budget
CUST-7678,45,36-50,Female,Miami,South,Consumer Premium
CUST-2946,50,36-50,Male,Philadelphia,North East,SMB
CUST-6291,38,36-50,Female,San Francisco,West,Consumer Premium
CUST-2204,33,26-35,Male,Seattle,West,Consumer Premium
CUST-1899,39,36-50,Male,Seattle,West,SMB
CUST-1396,58,51-65,Male,Minneapolis,Midwest,SMB
CUST-7871,48,36-50,Female,Minneapolis,Midwest,Consumer Budget
CUST-9447,55,51-65,Male,Dallas,South,SMB
CUST-8233,18,18-25,Female,Miami,South,B2B Enterprise
CUST-9600,33,26-35,Other,Detroit,Midwest,Consumer Budget
CUST-2489,23,18-25,Female,New York,North East,SMB
CUST-5418,48,36-50,Female,Detroit,Midwest,B2B Enterprise
CUST-4872,26,26-35,Male,Philadelphia,North East,SMB
CUST-1087,39,36-50,Male,Seattle,West,SMB
CUST-6752,44,36-50,Male,Detroit,Midwest,Consumer Budget
CUST-2876,35,26-35,Male,Detroit,Midwest,Consumer Budget
CUST-8377,47,36-50,Male,Boston,North East,SMB
CUST-1609,44,36-50,Male,Los Angeles,West,Consumer Budget
CUST-9297,27,26-35,Male,Boston,North East,Consumer Premium
CUST-3907,39,36-50,Male,Minneapolis,Midwest,B2B Enterprise
CUST-7254,29,26-35,Male,Boston,North East,Consumer Premium
CUST-9539,35,26-35,Female,San Francisco,West,Consumer Premium
CUST-3939,51,51-65,Female,Philadelphia,North East,B2B Enterprise
CUST-4092,48,36-50,Female,Boston,North East,Consumer Budget
CUST-5970,40,36-50,Male,New York,North East,B2B Enterprise
CUST-7308,39,36-50,Female,Los Angeles,West,Consumer Budget
CUST-9669,31,26-35,Female,Philadelphia,North East,Consumer Premium
CUST-2795,45,36-50,Female,Boston,North East,Consumer Premium
CUST-9495,30,26-35,Female,Dallas,South,SMB
CUST-7401,39,36-50,Male,Atlanta,South,B2B Enterprise
CUST-1124,44,36-50,Male,Dallas,South,Consumer Budget
CUST-7660,25,18-25,Male,Dallas,South,Consumer Premium
CUST-6755,32,26-35,Female,Seattle,West,Consumer Premium
CUST-3892,53,51-65,Female,Detroit,Midwest,SMB
CUST-7878,27,26-35,Female,Detroit,Midwest,Consumer Budget
CUST-8031,61,51-65,Female,San Francisco,West,Consumer Premium
CUST-7277,60,51-65,Female,Miami,South,Consumer Premium
CUST-8961,40,36-50,Male,Seattle,West,Consumer Budget
CUST-6794,55,51-65,Male,Miami,South,Consumer Budget
CUST-3255,40,36-50,Female,Miami,South,Consumer Budget
CUST-9120,55,51-65,Male,Miami,South,Consumer Budget
CUST-9368,49,36-50,Female,Detroit,Midwest,B2B Enterprise
CUST-7088,30,26-35,Female,Seattle,West,SMB
CUST-4471,35,26-35,Female,Chicago,Midwest,Consumer Budget
CUST-3888,52,51-65,Female,Los Angeles,West,B2B Enterprise
CUST-8761,62,51-65,Non-Binary,San Francisco,West,Consumer Budget
CUST-9469,29,26-35,Male,New York,North East,B2B Enterprise
CUST-1482,34,26-35,Female,New York,North East,Consumer Premium
CUST-1329,40,36-50,Male,Seattle,West,Consumer Budget
CUST-6287,39,36-50,Female,Dallas,South,Consumer Premium
CUST-9045,50,36-50,Female,Philadelphia,North East,Consumer Premium
CUST-3945,52,51-65,Female,Los Angeles,West,Consumer Budget
CUST-9762,18,18-25,Male,Dallas,South,SMB
CUST-2516,34,26-35,Female,Boston,North East,SMB
CUST-9460,60,51-65,Non-Binary,San Francisco,West,Consumer Premium
CUST-2639,18,18-25,Female,Dallas,South,B2B Enterprise
CUST-3636,33,26-35,Female,Atlanta,South,SMB
CUST-2254,30,26-35,Female,Dallas,South,Consumer Budget
CUST-8090,40,36-50,Male,Chicago,Midwest,Consumer Premium
CUST-8343,51,51-65,Female,Atlanta,South,B2B Enterprise
CUST-8407,18,18-25,Male,Boston,North East,Consumer Budget
CUST-5803,57,51-65,Female,Boston,North East,Consumer Premium
CUST-2130,27,26-35,Female,Philadelphia,North East,B2B Enterprise
CUST-8682,51,51-65,Female,Boston,North East,Consumer Budget
CUST-9231,62,51-65,Male,Los Angeles,West,SMB
CUST-2747,31,26-35,Male,Dallas,South,Consumer Premium
CUST-2582,38,36-50,Female,Seattle,West,SMB
CUST-8117,48,36-50,Male,Philadelphia,North East,Consumer Budget
CUST-1385,36,36-50,Female,San Francisco,West,Consumer Premium
CUST-6304,37,36-50,Male,Atlanta,South,SMB
CUST-1798,34,26-35,Male,Miami,South,Consumer Budget
CUST-8749,28,26-35,Female,Dallas,South,Consumer Premium
CUST-8529,40,36-50,Male,Detroit,Midwest,Consumer Budget
CUST-5665,40,36-50,Female,Dallas,South,SMB
CUST-6462,32,26-35,Male,Philadelphia,North East,Consumer Premium
CUST-4490,33,26-35,Male,Chicago,Midwest,Consumer Budget
CUST-4667,21,18-25,Male,Boston,North East,SMB
CUST-7936,19,18-25,Other,Miami,South,SMB
CUST-9888,43,36-50,Female,San Francisco,West,Consumer Premium
CUST-8908,39,36-50,Male,Atlanta,South,B2B Enterprise
CUST-6916,42,36-50,Female,San Francisco,West,Consumer Budget
CUST-1374,42,36-50,Male,Philadelphia,North East,Consumer Budget
CUST-9828,49,36-50,Male,Chicago,Midwest,Consumer Budget
CUST-6045,51,51-65,Male,Dallas,South,Consumer Budget
CUST-6348,35,26-35,Male,Atlanta,South,B2B Enterprise
CUST-5835,47,36-50,Female,Chicago,Midwest,SMB
CUST-1254,38,36-50,Male,Minneapolis,Midwest,B2B Enterprise
CUST-7629,57,51-65,Male,San Francisco,West,Consumer Budget
CUST-8710,40,36-50,Female,Seattle,West,B2B Enterprise
CUST-2125,18,18-25,Male,Chicago,Midwest,B2B Enterprise
CUST-7287,53,51-65,Male,Miami,South,SMB
CUST-6848,19,18-25,Female,Miami,South,Consumer Premium
CUST-3625,22,18-25,Female,Atlanta,South,SMB
CUST-3505,22,18-25,Female,Dallas,South,Consumer Premium
CUST-2784,26,26-35,Female,San Francisco,West,Consumer Budget
CUST-4474,29,26-35,Male,Boston,North East,SMB
CUST-2743,35,26-35,Male,San Francisco,West,SMB
CUST-6579,49,36-50,Female,Dallas,South,B2B Enterprise
CUST-7232,68,65+,Male,Atlanta,South,Consumer Budget
CUST-2741,50,36-50,Male,Detroit,Midwest,Consumer Budget
CUST-7896,40,36-50,Female,Minneapolis,Midwest,SMB
CUST-4937,41,36-50,Female,Los Angeles,West,B2B Enterprise
CUST-2113,50,36-50,Male,Atlanta,South,Consumer Premium
CUST-5808,43,36-50,Male,Seattle,West,B2B Enterprise
CUST-3218,58,51-65,Male,Boston,North East,Consumer Budget
CUST-9058,36,36-50,Non-Binary,Miami,South,Consumer Premium
CUST-4088,54,51-65,Male,Philadelphia,North East,Consumer Premium
CUST-7333,35,26-35,Female,Atlanta,South,Consumer Premium
CUST-1357,33,26-35,Male,San Francisco,West,B2B Enterprise
CUST-5758,25,18-25,Female,Chicago,Midwest,Consumer Premium
CUST-2655,36,36-50,Female,Los Angeles,West,Consumer Budget
CUST-3002,52,51-65,Male,Boston,North East,Consumer Premium
CUST-7881,46,36-50,Male,San Francisco,West,SMB
CUST-2535,18,18-25,Male,Miami,South,B2B Enterprise
CUST-6105,34,26-35,Female,Miami,South,B2B Enterprise
CUST-6049,27,26-35,Male,Philadelphia,North East,SMB
CUST-5037,36,36-50,Male,Philadelphia,North East,SMB
CUST-2431,47,36-50,Female,Philadelphia,North East,B2B Enterprise
CUST-5699,43,36-50,Non-Binary,Atlanta,South,SMB
CUST-7582,33,26-35,Male,Minneapolis,Midwest,B2B Enterprise
CUST-9670,37,36-50,Female,Dallas,South,B2B Enterprise
CUST-8543,18,18-25,Male,Philadelphia,North East,SMB
CUST-4918,37,36-50,Female,Philadelphia,North East,Consumer Premium
CUST-7723,31,26-35,Female,San Francisco,West,SMB
CUST-9134,45,36-50,Female,Los Angeles,West,SMB
CUST-9067,54,51-65,Male,Miami,South,Consumer Premium
CUST-4356,34,26-35,Female,Atlanta,South,SMB
CUST-3035,23,18-25,Male,Philadelphia,North East,B2B Enterprise
CUST-5195,25,18-25,Male,San Francisco,West,B2B Enterprise
CUST-1733,40,36-50,Female,Los Angeles,West,Consumer Premium
CUST-6163,50,36-50,Male,Los Angeles,West,Consumer Budget
CUST-2144,53,51-65,Other,Philadelphia,North East,SMB
CUST-4074,30,26-35,Male,Atlanta,South,Consumer Budget
CUST-5788,46,36-50,Female,Seattle,West,Consumer Premium
CUST-2497,37,36-50,Female,New York,North East,Consumer Budget
CUST-6584,59,51-65,Male,Miami,South,Consumer Premium
CUST-4701,31,26-35,Male,San Francisco,West,Consumer Budget
CUST-6821,40,36-50,Female,Seattle,West,Consumer Budget
CUST-5480,52,51-65,Male,New York,North East,Consumer Budget
CUST-5517,24,18-25,Male,Los Angeles,West,Consumer Budget
CUST-6945,49,36-50,Female,Los Angeles,West,Consumer Budget
CUST-7636,69,65+,Male,Minneapolis,Midwest,SMB
CUST-6996,42,36-50,Female,Minneapolis,Midwest,Consumer Premium
CUST-7876,39,36-50,Male,Chicago,Midwest,SMB
CUST-2031,53,51-65,Male,San Francisco,West,Consumer Premium
CUST-5181,35,26-35,Female,Philadelphia,North East,Consumer Premium
CUST-5690,26,26-35,Male,Seattle,West,Consumer Budget
CUST-9889,46,36-50,Male,Atlanta,South,Consumer Premium
CUST-9056,21,18-25,Male,Boston,North East,SMB
CUST-4009,42,36-50,Male,Philadelphia,North East,Consumer Budget
CUST-3474,18,18-25,Male,Minneapolis,Midwest,Consumer Premium
CUST-5379,29,26-35,Female,Chicago,Midwest,SMB
CUST-5839,41,36-50,Female,Seattle,West,Consumer Budget
CUST-2519,51,51-65,Male,Chicago,Midwest,B2B Enterprise
CUST-7377,37,36-50,Non-Binary,Detroit,Midwest,B2B Enterprise
CUST-8382,48,36-50,Other,Philadelphia,North East,B2B Enterprise
CUST-3819,39,36-50,Male,Miami,South,Consumer Premium
CUST-4357,44,36-50,Other,Seattle,West,Consumer Budget
CUST-4953,42,36-50,Male,New York,North East,Consumer Budget
CUST-2534,59,51-65,Male,Detroit,Midwest,Consumer Budget
CUST-9776,51,51-65,Male,Chicago,Midwest,Consumer Budget
CUST-5634,39,36-50,Male,Seattle,West,B2B Enterprise
CUST-4042,61,51-65,Female,San Francisco,West,Consumer Budget
CUST-9016,58,51-65,Male,Philadelphia,North East,SMB
CUST-3772,32,26-35,Male,Atlanta,South,SMB
CUST-7092,43,36-50,Female,Boston,North East,Consumer Premium
CUST-6836,31,26-35,Male,Miami,South,Consumer Budget
CUST-1178,35,26-35,Male,Minneapolis,Midwest,Consumer Budget
CUST-1090,18,18-25,Female,Miami,South,SMB
CUST-6808,40,36-50,Female,Atlanta,South,Consumer Premium
CUST-8739,38,36-50,Female,Miami,South,B2B Enterprise
CUST-1552,18,18-25,Male,Detroit,Midwest,Consumer Budget
CUST-7166,73,65+,Male,Atlanta,South,Consumer Budget
CUST-4020,39,36-50,Male,Seattle,West,Consumer Premium
CUST-4002,48,36-50,Male,Seattle,West,Consumer Budget
CUST-2809,35,26-35,Male,Seattle,West,Consumer Premium
CUST-6930,23,18-25,Male,Philadelphia,North East,Consumer Premium
CUST-1041,34,26-35,Other,Minneapolis,Midwest,SMB
CUST-6893,21,18-25,Male,Miami,South,SMB
CUST-2098,43,36-50,Male,Boston,North East,Consumer Budget
CUST-6770,31,26-35,Female,Dallas,South,SMB
CUST-7408,18,18-25,Non-Binary,Chicago,Midwest,Consumer Budget
CUST-4607,40,36-50,Male,New York,North East,SMB
CUST-6184,23,18-25,Male,Los Angeles,West,SMB
CUST-5303,32,26-35,Male,Minneapolis,Midwest,SMB
CUST-8310,24,18-25,Female,Atlanta,South,Consumer Premium
CUST-5482,31,26-35,Female,Boston,North East,Consumer Budget
CUST-6852,42,36-50,Female,Dallas,South,SMB
CUST-1268,26,26-35,Male,Minneapolis,Midwest,Consumer Budget
CUST-6459,21,18-25,Male,Atlanta,South,Consumer Budget
CUST-3353,39,36-50,Female,Minneapolis,Midwest,Consumer Budget
CUST-5826,23,18-25,Female,Atlanta,South,B2B Enterprise
CUST-8308,28,26-35,Male,Dallas,South,Consumer Premium
CUST-7402,34,26-35,Male,San Francisco,West,Consumer Premium
CUST-2943,40,36-50,Female,Chicago,Midwest,SMB
CUST-3969,46,36-50,Male,New York,North East,SMB
CUST-3488,49,36-50,Female,San Francisco,West,SMB
CUST-8042,39,36-50,Male,Detroit,Midwest,SMB
CUST-5889,23,18-25,Male,Atlanta,South,Consumer Budget
CUST-4952,36,36-50,Female,Philadelphia,North East,Consumer Premium
CUST-3669,40,36-50,Female,Seattle,West,Consumer Budget
CUST-9988,31,26-35,Male,Dallas,South,Consumer Premium
CUST-6095,29,26-35,Male,Minneapolis,Midwest,Consumer Budget
CUST-8745,53,51-65,Female,New York,North East,SMB
CUST-2197,44,36-50,Female,San Francisco,West,Consumer Budget
CUST-3241,47,36-50,Female,New York,North East,Consumer Budget
CUST-2457,31,26-35,Female,Miami,South,Consumer Premium
CUST-5914,21,18-25,Female,Philadelphia,North East,SMB
CUST-6023,30,26-35,Female,Seattle,West,Consumer Budget
CUST-1035,59,51-65,Male,Detroit,Midwest,Consumer Budget
CUST-2046,18,18-25,Male,Miami,South,Consumer Budget
CUST-5344,28,26-35,Male,San Francisco,West,SMB
CUST-2563,38,36-50,Female,Detroit,Midwest,B2B Enterprise
CUST-4386,33,26-35,Male,Dallas,South,Consumer Budget
CUST-5208,19,18-25,Female,New York,North East,B2B Enterprise
CUST-9420,25,18-25,Female,Boston,North East,Consumer Premium
CUST-4792,52,51-65,Female,Atlanta,South,Consumer Premium
CUST-7168,39,36-50,Male,New York,North East,B2B Enterprise
CUST-8999,42,36-50,Male,Philadelphia,North East,SMB
CUST-7289,55,51-65,Female,Boston,North East,B2B Enterprise
CUST-3473,23,18-25,Male,Seattle,West,B2B Enterprise
CUST-6311,32,26-35,Female,San Francisco,West,SMB
CUST-3239,37,36-50,Female,Los Angeles,West,Consumer Budget
CUST-2386,18,18-25,Other,Detroit,Midwest,Consumer Budget
CUST-7045,42,36-50,Male,Dallas,South,B2B Enterprise
CUST-3960,54,51-65,Female,San Francisco,West,SMB
CUST-1213,50,36-50,Female,Miami,South,Consumer Budget
CUST-3649,18,18-25,Female,Miami,South,Consumer Premium
CUST-6636,75,65+,Male,Philadelphia,North East,B2B Enterprise
CUST-3171,53,51-65,Female,Boston,North East,Consumer Budget
CUST-3020,34,26-35,Female,Minneapolis,Midwest,Consumer Budget
CUST-2669,56,51-65,Female,Detroit,Midwest,Consumer Premium
CUST-6622,48,36-50,Female,Atlanta,South,Consumer Budget
CUST-3331,42,36-50,Non-Binary,Detroit,Midwest,SMB
CUST-3090,43,36-50,Female,Boston,North East,Consumer Premium
CUST-9699,18,18-25,Female,Philadelphia,North East,SMB
CUST-5673,53,51-65,Female,Los Angeles,West,SMB
CUST-5260,29,26-35,Male,Seattle,West,B2B Enterprise
CUST-1787,45,36-50,Female,Miami,South,Consumer Premium
CUST-8346,45,36-50,Male,Miami,South,Consumer Premium
CUST-3889,33,26-35,Male,Detroit,Midwest,SMB
CUST-3647,18,18-25,Female,Miami,South,SMB
CUST-1100,38,36-50,Male,Philadelphia,North East,SMB
CUST-7099,39,36-50,Male,Miami,South,Consumer Premium
CUST-7900,34,26-35,Male,Philadelphia,North East,Consumer Budget
CUST-9276,39,36-50,Male,Atlanta,South,B2B Enterprise
CUST-5448,41,36-50,Female,Dallas,South,Consumer Budget
CUST-1828,31,26-35,Female,Dallas,South,SMB
CUST-9956,27,26-35,Non-Binary,Minneapolis,Midwest,Consumer Premium
CUST-9731,45,36-50,Male,Atlanta,South,B2B Enterprise
CUST-9453,53,51-65,Male,Miami,South,SMB
CUST-5715,46,36-50,Female,Boston,North East,Consumer Budget
CUST-6103,28,26-35,Male,Detroit,Midwest,Consumer Budget
CUST-3739,21,18-25,Male,Dallas,South,Consumer Premium
CUST-4212,38,36-50,Male,Atlanta,South,Consumer Premium
CUST-9610,28,26-35,Male,Atlanta,South,Consumer Budget
CUST-7997,58,51-65,Female,Los Angeles,West,Consumer Budget
CUST-9817,34,26-35,Female,Philadelphia,North East,SMB
CUST-7174,44,36-50,Male,Dallas,South,Consumer Budget
CUST-2007,38,36-50,Male,Atlanta,South,Consumer Premium
CUST-1494,39,36-50,Male,Minneapolis,Midwest,Consumer Budget
CUST-2021,35,26-35,Male,San Francisco,West,B2B Enterprise
CUST-4546,29,26-35,Male,Los Angeles,West,Consumer Premium
CUST-1789,24,18-25,Male,San Francisco,West,B2B Enterprise
CUST-4077,38,36-50,Male,New York,North East,Consumer Budget
CUST-9319,43,36-50,Male,Philadelphia,North East,Consumer Budget
CUST-7164,54,51-65,Male,Detroit,Midwest,Consumer Premium
CUST-3016,39,36-50,Female,Miami,South,Consumer Premium
CUST-3858,25,18-25,Female,Miami,South,SMB
CUST-9326,37,36-50,Female,Detroit,Midwest,B2B Enterprise
CUST-9716,31,26-35,Male,Atlanta,South,Consumer Budget
CUST-4451,34,26-35,Female,New York,North East,SMB
CUST-1697,48,36-50,Female,Miami,South,SMB
CUST-6010,18,18-25,Female,Atlanta,South,Consumer Budget
CUST-2883,39,36-50,Male,New York,North East,B2B Enterprise
CUST-5012,51,51-65,Female,Boston,North East,Consumer Premium
CUST-3348,57,51-65,Female,Atlanta,South,SMB
CUST-5177,39,36-50,Female,Miami,South,Consumer Budget
CUST-4916,40,36-50,Male,Atlanta,South,Consumer Premium
CUST-9724,40,36-50,Male,Boston,North East,Consumer Budget
CUST-3393,39,36-50,Male,Philadelphia,North East,B2B Enterprise
CUST-2709,30,26-35,Female,Philadelphia,North East,SMB
CUST-2103,36,36-50,Female,San Francisco,West,SMB
CUST-5610,34,26-35,Male,Boston,North East,SMB
CUST-7714,44,36-50,Female,Detroit,Midwest,B2B Enterprise
CUST-8148,53,51-65,Male,Philadelphia,North East,Consumer Budget
CUST-4555,60,51-65,Male,Detroit,Midwest,SMB
CUST-5708,39,36-50,Female,San Francisco,West,Consumer Premium
CUST-8267,32,26-35,Male,Miami,South,SMB
CUST-4574,49,36-50,Male,San Francisco,West,Consumer Premium
CUST-1863,18,18-25,Male,Seattle,West,SMB
CUST-3754,37,36-50,Female,Detroit,Midwest,SMB
CUST-6557,37,36-50,Other,New York,North East,B2B Enterprise
CUST-4308,61,51-65,Female,Philadelphia,North East,Consumer Budget
CUST-7866,24,18-25,Female,Los Angeles,West,SMB
CUST-6502,41,36-50,Male,Dallas,South,SMB
CUST-6858,37,36-50,Male,Seattle,West,B2B Enterprise
CUST-5331,42,36-50,Male,Philadelphia,North East,Consumer Budget
CUST-4838,55,51-65,Female,Chicago,Midwest,B2B Enterprise
CUST-5330,35,26-35,Female,New York,North East,Consumer Premium
CUST-6106,35,26-35,Female,Seattle,West,Consumer Premium
CUST-3510,43,36-50,Other,Atlanta,South,SMB
CUST-3210,29,26-35,Male,Miami,South,Consumer Budget
CUST-9797,35,26-35,Male,Dallas,South,Consumer Premium
CUST-2831,37,36-50,Female,Dallas,South,Consumer Premium
CUST-7689,41,36-50,Male,Minneapolis,Midwest,SMB
CUST-6140,25,18-25,Female,Dallas,South,B2B Enterprise
CUST-6528,48,36-50,Male,Miami,South,Consumer Premium
CUST-8439,22,18-25,Female,Detroit,Midwest,SMB
CUST-6228,34,26-35,Male,Boston,North East,SMB
CUST-9112,49,36-50,Male,Boston,North East,Consumer Premium
CUST-7370,63,51-65,Female,Detroit,Midwest,SMB
CUST-1930,48,36-50,Male,Minneapolis,Midwest,B2B Enterprise
CUST-4812,36,36-50,Male,Detroit,Midwest,Consumer Premium
CUST-9087,61,51-65,Female,Detroit,Midwest,Consumer Premium
CUST-1327,29,26-35,Male,Los Angeles,West,Consumer Budget
CUST-7421,39,36-50,Female,Minneapolis,Midwest,Consumer Budget
CUST-3266,21,18-25,Female,San Francisco,West,Consumer Premium
CUST-9634,42,36-50,Female,Dallas,South,SMB
CUST-6358,37,36-50,Male,Detroit,Midwest,SMB
CUST-8938,54,51-65,Male,Seattle,West,B2B Enterprise
CUST-9146,48,36-50,Male,Atlanta,South,B2B Enterprise
CUST-3371,55,51-65,Female,Philadelphia,North East,Consumer Premium
CUST-1116,43,36-50,Female,Dallas,South,SMB
CUST-8569,46,36-50,Male,Seattle,West,SMB
CUST-5551,32,26-35,Female,Atlanta,South,Consumer Budget
CUST-1486,37,36-50,Male,Los Angeles,West,Consumer Budget
CUST-3521,34,26-35,Male,Minneapolis,Midwest,B2B Enterprise
CUST-7430,41,36-50,Female,Philadelphia,North East,Consumer Budget
CUST-2033,26,26-35,Male,Philadelphia,North East,B2B Enterprise
CUST-4661,37,36-50,Female,Miami,South,SMB
CUST-7814,20,18-25,Female,Miami,South,SMB
CUST-8479,47,36-50,Female,Dallas,South,Consumer Premium
CUST-3745,51,51-65,Male,Miami,South,SMB
CUST-4851,59,51-65,Male,San Francisco,West,SMB
CUST-6677,21,18-25,Female,Los Angeles,West,B2B Enterprise
CUST-4963,45,36-50,Female,Dallas,South,Consumer Premium
CUST-2149,55,51-65,Male,Dallas,South,Consumer Budget
CUST-1198,68,65+,Non-Binary,Los Angeles,West,Consumer Budget
CUST-2505,41,36-50,Male,Dallas,South,SMB
CUST-2474,27,26-35,Female,Detroit,Midwest,Consumer Premium
CUST-7447,37,36-50,Male,Miami,South,Consumer Premium
CUST-6880,35,26-35,Male,Atlanta,South,Consumer Premium
CUST-7970,26,26-35,Female,Atlanta,South,SMB
CUST-5156,42,36-50,Male,Seattle,West,B2B Enterprise
CUST-8909,31,26-35,Male,Detroit,Midwest,B2B Enterprise
CUST-4139,25,18-25,Male,Atlanta,South,Consumer Budget
CUST-9113,69,65+,Female,Miami,South,Consumer Budget
CUST-8764,18,18-25,Female,Detroit,Midwest,Consumer Premium
CUST-4379,50,36-50,Female,San Francisco,West,SMB
CUST-7909,31,26-35,Female,Seattle,West,SMB
CUST-7940,18,18-25,Male,Los Angeles,West,Consumer Budget
CUST-5388,39,36-50,Female,New York,North East,Consumer Premium
CUST-9161,28,26-35,Female,Miami,South,SMB
CUST-5844,42,36-50,Male,Boston,North East,B2B Enterprise
CUST-4944,47,36-50,Female,Miami,South,SMB
CUST-1037,33,26-35,Male,Miami,South,SMB
CUST-7653,18,18-25,Other,Boston,North East,Consumer Premium
CUST-8451,54,51-65,Female,Dallas,South,Consumer Premium
CUST-7748,38,36-50,Male,Boston,North East,Consumer Budget
CUST-5800,30,26-35,Female,Detroit,Midwest,Consumer Budget
CUST-6309,38,36-50,Female,Atlanta,South,Consumer Budget
CUST-5738,34,26-35,Female,Minneapolis,Midwest,Consumer Budget
CUST-1942,33,26-35,Male,New York,North East,Consumer Budget
CUST-9502,26,26-35,Non-Binary,Philadelphia,North East,SMB
CUST-6890,35,26-35,Female,Los Angeles,West,B2B Enterprise
CUST-9658,75,65+,Female,Seattle,West,SMB
CUST-6088,30,26-35,Male,San Francisco,West,SMB
CUST-9836,40,36-50,Male,Atlanta,South,Consumer Premium
CUST-9717,29,26-35,Female,Dallas,South,SMB
CUST-7948,37,36-50,Female,Chicago,Midwest,SMB
CUST-2084,37,36-50,Female,Philadelphia,North East,Consumer Budget
CUST-9063,40,36-50,Male,Atlanta,South,Consumer Premium
CUST-7115,37,36-50,Female,Detroit,Midwest,Consumer Budget
CUST-4128,46,36-50,Female,New York,North East,Consumer Budget
CUST-3671,29,26-35,Male,Los Angeles,West,SMB
CUST-1297,34,26-35,Male,San Francisco,West,Consumer Premium
CUST-1621,37,36-50,Male,Dallas,South,B2B Enterprise
CUST-3164,47,36-50,Male,Atlanta,South,Consumer Budget
CUST-1809,47,36-50,Male,San Francisco,West,Consumer Premium
CUST-2000,55,51-65,Female,San Francisco,West,SMB
CUST-7055,41,36-50,Female,Atlanta,South,Consumer Premium
CUST-8238,31,26-35,Female,Chicago,Midwest,Consumer Budget
CUST-1235,49,36-50,Female,New York,North East,B2B Enterprise
CUST-4428,36,36-50,Male,Seattle,West,SMB
CUST-5395,39,36-50,Male,Boston,North East,Consumer Budget
CUST-3734,29,26-35,Female,San Francisco,West,Consumer Premium
CUST-4113,43,36-50,Female,San Francisco,West,SMB
CUST-2965,46,36-50,Male,Boston,North East,Consumer Budget
CUST-5068,43,36-50,Male,Chicago,Midwest,Consumer Budget
CUST-2807,23,18-25,Female,Minneapolis,Midwest,Consumer Budget
CUST-9785,58,51-65,Female,Dallas,South,SMB
CUST-9997,27,26-35,Female,Detroit,Midwest,B2B Enterprise
CUST-4989,34,26-35,Female,New York,North East,Consumer Premium
CUST-5205,21,18-25,Female,Minneapolis,Midwest,B2B Enterprise
CUST-3251,48,36-50,Male,Los Angeles,West,Consumer Premium
CUST-6451,54,51-65,Female,Seattle,West,Consumer Premium
CUST-8188,30,26-35,Female,Miami,South,Consumer Budget
CUST-9165,50,36-50,Female,Los Angeles,West,Consumer Premium
CUST-9732,46,36-50,Male,Seattle,West,Consumer Premium
CUST-6273,41,36-50,Female,Los Angeles,West,Consumer Premium
CUST-2193,18,18-25,Female,Chicago,Midwest,B2B Enterprise
CUST-7942,56,51-65,Male,Detroit,Midwest,SMB
CUST-7856,28,26-35,Non-Binary,Los Angeles,West,Consumer Budget
CUST-4347,42,36-50,Female,Los Angeles,West,Consumer Premium
CUST-4464,36,36-50,Non-Binary,Dallas,South,SMB
CUST-3911,23,18-25,Male,Miami,South,B2B Enterprise
CUST-1236,33,26-35,Female,Los Angeles,West,SMB
CUST-5438,49,36-50,Female,New York,North East,SMB
CUST-2053,32,26-35,Female,Detroit,Midwest,SMB
CUST-1211,50,36-50,Female,Atlanta,South,Consumer Budget
CUST-3228,39,36-50,Female,Miami,South,Consumer Budget
CUST-8508,37,36-50,Male,Dallas,South,Consumer Premium
CUST-9649,36,36-50,Female,Boston,North East,B2B Enterprise
CUST-4096,23,18-25,Female,Miami,South,Consumer Budget
CUST-2403,40,36-50,Male,Minneapolis,Midwest,B2B Enterprise
CUST-3747,29,26-35,Female,Boston,North East,SMB
CUST-5896,18,18-25,Female,Los Angeles,West,Consumer Budget
CUST-7403,37,36-50,Male,Minneapolis,Midwest,Consumer Budget
CUST-7707,52,51-65,Female,Dallas,South,Consumer Premium
CUST-2642,25,18-25,Male,Atlanta,South,Consumer Budget
CUST-9686,50,36-50,Male,Philadelphia,North East,Consumer Premium
CUST-3329,25,18-25,Female,Chicago,Midwest,Consumer Premium
CUST-7265,18,18-25,Female,Los Angeles,West,SMB
CUST-5836,52,51-65,Other,Dallas,South,SMB
CUST-1442,32,26-35,Female,Boston,North East,Consumer Premium
CUST-8811,57,51-65,Female,Detroit,Midwest,Consumer Budget
CUST-7392,27,26-35,Male,Dallas,South,B2B Enterprise
CUST-1456,29,26-35,Female,Boston,North East,SMB
CUST-1318,54,51-65,Female,Minneapolis,Midwest,SMB
CUST-4168,49,36-50,Male,Boston,North East,SMB
CUST-4556,28,26-35,Male,Dallas,South,Consumer Budget
CUST-6975,27,26-35,Male,Seattle,West,SMB
CUST-9706,52,51-65,Male,Philadelphia,North East,Consumer Premium
CUST-7445,44,36-50,Female,Dallas,South,SMB
CUST-3111,58,51-65,Male,Philadelphia,North East,B2B Enterprise
CUST-4709,49,36-50,Female,Dallas,South,Consumer Budget
CUST-7775,31,26-35,Female,Seattle,West,Consumer Budget
CUST-4292,48,36-50,Female,Philadelphia,North East,SMB
CUST-6733,31,26-35,Female,Atlanta,South,Consumer Premium
CUST-7702,38,36-50,Female,New York,North East,Consumer Budget
CUST-9311,46,36-50,Female,Detroit,Midwest,Consumer Budget
CUST-3058,23,18-25,Male,Philadelphia,North East,Consumer Premium
CUST-3221,27,26-35,Female,Boston,North East,Consumer Premium
CUST-2597,55,51-65,Female,Los Angeles,West,Consumer Budget
CUST-8504,40,36-50,Female,Boston,North East,Consumer Budget
CUST-9406,44,36-50,Female,Miami,South,SMB
CUST-6410,29,26-35,Female,Seattle,West,SMB
CUST-8791,43,36-50,Female,Miami,South,B2B Enterprise
CUST-7319,39,36-50,Female,Boston,North East,SMB
CUST-9873,43,36-50,Female,Miami,South,Consumer Premium
CUST-8581,53,51-65,Female,Miami,South,Consumer Premium
CUST-2311,50,36-50,Male,Detroit,Midwest,Consumer Premium
CUST-6068,47,36-50,Female,Seattle,West,B2B Enterprise
CUST-3356,37,36-50,Male,Atlanta,South,Consumer Budget
CUST-4947,33,26-35,Male,Detroit,Midwest,B2B Enterprise
CUST-4564,34,26-35,Female,Chicago,Midwest,Consumer Premium
CUST-6364,34,26-35,Male,Chicago,Midwest,SMB
CUST-4130,21,18-25,Male,Minneapolis,Midwest,SMB
CUST-8248,35,26-35,Female,Boston,North East,B2B Enterprise
CUST-4765,31,26-35,Male,Miami,South,SMB
CUST-7570,34,26-35,Female,Miami,South,B2B Enterprise
CUST-4513,28,26-35,Female,New York,North East,Consumer Budget
CUST-8422,43,36-50,Female,Atlanta,South,Consumer Premium
CUST-1988,18,18-25,Male,Boston,North East,SMB
CUST-3269,21,18-25,Male,Seattle,West,SMB
CUST-5887,45,36-50,Male,Detroit,Midwest,SMB
CUST-5092,32,26-35,Male,Atlanta,South,SMB
CUST-8092,20,18-25,Female,Philadelphia,North East,SMB
CUST-1634,18,18-25,Male,Los Angeles,West,SMB
CUST-4211,40,36-50,Male,Minneapolis,Midwest,Consumer Premium
CUST-6708,52,51-65,Female,New York,North East,Consumer Premium
CUST-8751,26,26-35,Female,Dallas,South,Consumer Premium
CUST-9380,61,51-65,Male,Miami,South,SMB
CUST-3933,18,18-25,Non-Binary,Los Angeles,West,Consumer Budget
CUST-6119,36,36-50,Female,Chicago,Midwest,Consumer Premium
CUST-2400,44,36-50,Female,Seattle,West,Consumer Premium
CUST-1721,40,36-50,Male,Miami,South,Consumer Budget
CUST-9399,23,18-25,Female,Los Angeles,West,Consumer Premium
CUST-9970,24,18-25,Female,Minneapolis,Midwest,SMB
CUST-7684,18,18-25,Male,Minneapolis,Midwest,Consumer Budget
CUST-2437,53,51-65,Male,Seattle,West,SMB
CUST-1139,26,26-35,Male,San Francisco,West,Consumer Budget
CUST-6180,31,26-35,Female,Miami,South,Consumer Premium
CUST-5782,37,36-50,Male,Atlanta,South,B2B Enterprise
CUST-3928,28,26-35,Male,Los Angeles,West,B2B Enterprise
CUST-9153,18,18-25,Male,Philadelphia,North East,SMB
CUST-7504,75,65+,Male,Miami,South,Consumer Budget
CUST-4468,38,36-50,Male,Dallas,South,Consumer Budget
CUST-9715,35,26-35,Female,Seattle,West,SMB
CUST-9117,33,26-35,Male,Dallas,South,SMB
CUST-6439,18,18-25,Male,Boston,North East,Consumer Premium
CUST-7328,39,36-50,Male,Seattle,West,B2B Enterprise
CUST-1022,18,18-25,Female,Detroit,Midwest,Consumer Budget
CUST-3097,18,18-25,Female,Philadelphia,North East,Consumer Budget
CUST-9894,24,18-25,Male,Seattle,West,Consumer Premium
CUST-2074,33,26-35,Male,Atlanta,South,Consumer Premium
CUST-8219,39,36-50,Male,Detroit,Midwest,Consumer Premium
CUST-6245,53,51-65,Female,Minneapolis,Midwest,Consumer Budget
CUST-7207,45,36-50,Female,Chicago,Midwest,Consumer Budget
CUST-7975,29,26-35,Male,Miami,South,SMB
CUST-3732,32,26-35,Male,New York,North East,B2B Enterprise
CUST-1907,40,36-50,Male,Detroit,Midwest,Consumer Premium
CUST-6940,19,18-25,Female,Los Angeles,West,Consumer Premium
CUST-5061,41,36-50,Female,Los Angeles,West,Consumer Budget
CUST-9583,48,36-50,Female,Philadelphia,North East,SMB
CUST-2150,47,36-50,Female,Detroit,Midwest,SMB
CUST-3137,18,18-25,Male,Atlanta,South,SMB
CUST-7062,50,36-50,Male,Boston,North East,Consumer Budget
CUST-7699,56,51-65,Female,Boston,North East,B2B Enterprise
CUST-7841,45,36-50,Female,Minneapolis,Midwest,Consumer Premium
CUST-4414,44,36-50,Female,Boston,North East,Consumer Budget
CUST-7059,42,36-50,Female,Miami,South,Consumer Budget
CUST-1604,57,51-65,Non-Binary,Los Angeles,West,SMB
CUST-6393,46,36-50,Female,Minneapolis,Midwest,SMB
CUST-6036,36,36-50,Male,Atlanta,South,SMB
CUST-5079,49,36-50,Female,Minneapolis,Midwest,B2B Enterprise
CUST-1640,21,18-25,Male,Atlanta,South,B2B Enterprise
CUST-4174,53,51-65,Male,Atlanta,South,SMB
CUST-6531,53,51-65,Female,Philadelphia,North East,Consumer Budget
CUST-4510,49,36-50,Female,Philadelphia,North East,Consumer Budget
CUST-1761,51,51-65,Male,Minneapolis,Midwest,Consumer Premium
CUST-3285,37,36-50,Female,Philadelphia,North East,Consumer Budget
CUST-5885,27,26-35,Female,Seattle,West,SMB
CUST-5730,47,36-50,Male,Dallas,South,SMB
CUST-4483,41,36-50,Other,Atlanta,South,B2B Enterprise
CUST-3151,36,36-50,Female,Miami,South,SMB
CUST-9773,27,26-35,Male,Detroit,Midwest,Consumer Budget
CUST-7036,18,18-25,Female,Miami,South,SMB
CUST-1215,18,18-25,Male,Los Angeles,West,B2B Enterprise
CUST-8215,18,18-25,Non-Binary,New York,North East,B2B Enterprise
CUST-9865,18,18-25,Female,Seattle,West,Consumer Budget
CUST-7188,39,36-50,Non-Binary,Boston,North East,Consumer Premium
CUST-7314,44,36-50,Male,New York,North East,Consumer Premium
CUST-7448,52,51-65,Male,Boston,North East,Consumer Premium
CUST-4083,23,18-25,Female,Atlanta,South,Consumer Budget
CUST-7736,38,36-50,Male,Atlanta,South,Consumer Premium
CUST-2720,54,51-65,Male,Philadelphia,North East,B2B Enterprise
CUST-6204,47,36-50,Female,Seattle,West,Consumer Budget
CUST-1749,33,26-35,Female,Seattle,West,SMB
CUST-4817,30,26-35,Female,Miami,South,B2B Enterprise
CUST-9187,21,18-25,Male,Seattle,West,B2B Enterprise
CUST-5756,44,36-50,Female,Miami,South,Consumer Budget
CUST-6181,32,26-35,Other,Dallas,South,SMB
CUST-6125,39,36-50,Female,Chicago,Midwest,SMB
CUST-1313,37,36-50,Male,Seattle,West,Consumer Budget
CUST-1310,45,36-50,Female,Dallas,South,B2B Enterprise
CUST-5953,42,36-50,Other,Boston,North East,SMB
CUST-8290,37,36-50,Female,Miami,South,SMB
CUST-4120,75,65+,Female,Atlanta,South,SMB
CUST-5536,34,26-35,Non-Binary,Chicago,Midwest,Consumer Premium
CUST-1958,31,26-35,Male,Miami,South,Consumer Budget
CUST-6774,32,26-35,Female,Seattle,West,SMB
CUST-1247,48,36-50,Female,San Francisco,West,Consumer Budget
CUST-3513,31,26-35,Male,Seattle,West,Consumer Budget
CUST-4826,47,36-50,Female,Seattle,West,Consumer Budget
CUST-8639,37,36-50,Female,Atlanta,South,SMB
CUST-7783,21,18-25,Female,Boston,North East,SMB
CUST-8064,57,51-65,Female,Minneapolis,Midwest,SMB
CUST-6264,34,26-35,Female,San Francisco,West,SMB
CUST-2538,24,18-25,Male,Dallas,South,SMB
CUST-7241,21,18-25,Non-Binary,Boston,North East,SMB
CUST-5030,20,18-25,Male,Minneapolis,Midwest,Consumer Budget
CUST-9911,46,36-50,Female,Seattle,West,SMB
CUST-1347,38,36-50,Non-Binary,New York,North East,Consumer Budget
CUST-4919,20,18-25,Other,Miami,South,SMB
CUST-9464,18,18-25,Non-Binary,Minneapolis,Midwest,SMB
CUST-9215,32,26-35,Male,Chicago,Midwest,SMB
CUST-6772,30,26-35,Male,Dallas,South,B2B Enterprise
CUST-3934,66,65+,Female,Seattle,West,B2B Enterprise
CUST-2115,25,18-25,Male,Miami,South,B2B Enterprise
CUST-7742,36,36-50,Male,Philadelphia,North East,SMB
CUST-1272,30,26-35,Female,Seattle,West,B2B Enterprise
CUST-7564,53,51-65,Female,Chicago,Midwest,Consumer Budget
CUST-8431,18,18-25,Female,Detroit,Midwest,Consumer Premium
CUST-8171,35,26-35,Male,Miami,South,Consumer Premium
CUST-8815,39,36-50,Male,Los Angeles,West,Consumer Premium
CUST-1772,45,36-50,Male,Los Angeles,West,SMB
CUST-9353,27,26-35,Female,Boston,North East,Consumer Budget
CUST-4283,22,18-25,Male,Dallas,South,Consumer Budget
CUST-1622,45,36-50,Male,Detroit,Midwest,SMB
CUST-9816,43,36-50,Female,Atlanta,South,Consumer Premium
CUST-2510,58,51-65,Female,Miami,South,SMB
CUST-1444,38,36-50,Female,Chicago,Midwest,Consumer Budget
CUST-9490,23,18-25,Male,Los Angeles,West,Consumer Budget
CUST-1479,32,26-35,Male,Seattle,West,Consumer Budget
CUST-6693,31,26-35,Female,Boston,North East,SMB
CUST-5166,43,36-50,Male,Seattle,West,Consumer Budget
CUST-3974,43,36-50,Male,New York,North East,SMB
CUST-3806,31,26-35,Male,Minneapolis,Midwest,Consumer Premium
CUST-7950,23,18-25,Female,Atlanta,South,B2B Enterprise
CUST-8304,44,36-50,Male,Boston,North East,Consumer Budget
CUST-1839,31,26-35,Female,Chicago,Midwest,SMB
CUST-5315,43,36-50,Male,Dallas,South,SMB
CUST-7595,34,26-35,Male,Atlanta,South,Consumer Budget
CUST-4277,51,51-65,Female,Los Angeles,West,Consumer Budget
CUST-4075,18,18-25,Male,Chicago,Midwest,Consumer Premium
CUST-4067,44,36-50,Female,San Francisco,West,Consumer Budget
CUST-6988,51,51-65,Male,Los Angeles,West,SMB
CUST-8417,38,36-50,Male,Detroit,Midwest,B2B Enterprise
CUST-2102,45,36-50,Female,Seattle,West,B2B Enterprise
CUST-5096,31,26-35,Male,Boston,North East,SMB
CUST-2723,45,36-50,Female,Atlanta,South,Consumer Budget
CUST-6892,36,36-50,Female,Atlanta,South,Consumer Premium
CUST-4061,18,18-25,Female,San Francisco,West,SMB
CUST-6938,35,26-35,Female,Dallas,South,SMB
CUST-8363,40,36-50,Male,Atlanta,South,B2B Enterprise
CUST-4230,38,36-50,Male,Detroit,Midwest,SMB
CUST-8216,57,51-65,Male,Dallas,South,Consumer Premium
CUST-1778,54,51-65,Female,Boston,North East,Consumer Premium
CUST-7998,28,26-35,Female,Los Angeles,West,SMB
CUST-9290,40,36-50,Male,Boston,North East,SMB
CUST-8102,55,51-65,Female,Boston,North East,Consumer Premium
CUST-1536,49,36-50,Male,New York,North East,SMB
CUST-2547,39,36-50,Male,Dallas,South,Consumer Budget
CUST-8851,36,36-50,Female,Miami,South,SMB
CUST-3013,42,36-50,Female,Los Angeles,West,Consumer Budget
CUST-9132,18,18-25,Female,Los Angeles,West,Consumer Budget
CUST-7537,50,36-50,Male,Boston,North East,SMB
CUST-5865,42,36-50,Female,Seattle,West,Consumer Budget
CUST-9802,54,51-65,Male,Chicago,Midwest,Consumer Premium
CUST-3490,43,36-50,Female,Philadelphia,North East,Consumer Budget
CUST-5632,39,36-50,Female,Minneapolis,Midwest,Consumer Budget
CUST-9029,51,51-65,Male,Dallas,South,B2B Enterprise
CUST-6809,47,36-50,Male,San Francisco,West,SMB
CUST-6405,47,36-50,Female,Atlanta,South,Consumer Premium
CUST-1403,38,36-50,Male,Dallas,South,SMB
CUST-7183,59,51-65,Male,Chicago,Midwest,SMB
CUST-5262,28,26-35,Female,Boston,North East,Consumer Premium
CUST-9034,57,51-65,Female,Detroit,Midwest,SMB
CUST-3395,52,51-65,Female,Detroit,Midwest,SMB
CUST-7641,19,18-25,Male,San Francisco,West,Consumer Budget
CUST-3008,21,18-25,Male,Boston,North East,Consumer Premium
CUST-7453,38,36-50,Female,Los Angeles,West,SMB
CUST-5003,36,36-50,Male,Chicago,Midwest,SMB
CUST-8136,30,26-35,Male,Dallas,South,Consumer Budget
CUST-2255,32,26-35,Male,Dallas,South,Consumer Budget
CUST-2349,45,36-50,Female,San Francisco,West,Consumer Budget
CUST-2964,60,51-65,Female,Detroit,Midwest,Consumer Budget
CUST-2480,30,26-35,Female,Atlanta,South,Consumer Premium
CUST-8196,41,36-50,Male,Minneapolis,Midwest,SMB
CUST-4613,45,36-50,Other,Detroit,Midwest,SMB
CUST-7006,47,36-50,Non-Binary,Los Angeles,West,SMB
CUST-9637,50,36-50,Female,San Francisco,West,Consumer Budget
CUST-6390,57,51-65,Female,Minneapolis,Midwest,Consumer Budget
CUST-5329,26,26-35,Female,Los Angeles,West,Consumer Premium
CUST-8294,26,26-35,Other,Minneapolis,Midwest,SMB
CUST-5048,39,36-50,Male,Boston,North East,SMB
CUST-3932,31,26-35,Male,New York,North East,Consumer Budget
CUST-8595,26,26-35,Female,Seattle,West,B2B Enterprise
CUST-8684,53,51-65,Female,Atlanta,South,Consumer Budget
CUST-1539,42,36-50,Female,Atlanta,South,SMB
CUST-4290,22,18-25,Male,Miami,South,SMB
CUST-3288,34,26-35,Female,San Francisco,West,Consumer Budget
CUST-3562,38,36-50,Female,Miami,South,B2B Enterprise
CUST-3277,32,26-35,Male,Seattle,West,Consumer Budget
CUST-8572,37,36-50,Male,Atlanta,South,Consumer Budget
CUST-7515,34,26-35,Female,Minneapolis,Midwest,Consumer Budget
CUST-5167,18,18-25,Male,Miami,South,Consumer Premium
CUST-5228,45,36-50,Male,Philadelphia,North East,B2B Enterprise
CUST-8438,49,36-50,Female,New York,North East,SMB
CUST-5416,51,51-65,Female,Dallas,South,B2B Enterprise
CUST-6226,44,36-50,Male,Dallas,South,SMB
CUST-4012,39,36-50,Male,Miami,South,Consumer Premium
CUST-5892,35,26-35,Male,Miami,South,Consumer Premium
CUST-2666,62,51-65,Female,Los Angeles,West,Consumer Budget
CUST-1495,18,18-25,Female,Boston,North East,SMB
CUST-4772,28,26-35,Male,Miami,South,Consumer Premium
CUST-3726,48,36-50,Female,Los Angeles,West,SMB
CUST-2123,25,18-25,Female,Los Angeles,West,SMB
CUST-5593,37,36-50,Female,Boston,North East,Consumer Premium
CUST-2043,45,36-50,Female,Philadelphia,North East,SMB
CUST-5668,41,36-50,Male,Boston,North East,Consumer Budget
CUST-9364,51,51-65,Male,Detroit,Midwest,Consumer Budget
CUST-7774,27,26-35,Non-Binary,Los Angeles,West,SMB
CUST-3797,36,36-50,Female,New York,North East,Consumer Budget
CUST-7792,28,26-35,Female,Miami,South,Consumer Budget
CUST-7281,54,51-65,Female,Atlanta,South,B2B Enterprise
CUST-2389,22,18-25,Female,Atlanta,South,Consumer Premium
CUST-4314,30,26-35,Male,New York,North East,Consumer Budget
CUST-5203,38,36-50,Male,Chicago,Midwest,SMB
CUST-4993,39,36-50,Male,Philadelphia,North East,Consumer Premium
CUST-5568,36,36-50,Male,Detroit,Midwest,B2B Enterprise
CUST-9516,42,36-50,Male,Miami,South,Consumer Budget
CUST-8935,41,36-50,Non-Binary,New York,North East,Consumer Premium
CUST-6729,45,36-50,Male,New York,North East,SMB
CUST-2037,19,18-25,Female,Boston,North East,SMB
CUST-3291,24,18-25,Female,Detroit,Midwest,Consumer Premium
CUST-9620,54,51-65,Female,New York,North East,SMB
CUST-9360,45,36-50,Male,Dallas,South,Consumer Premium
CUST-6902,31,26-35,Female,San Francisco,West,SMB
CUST-7563,19,18-25,Female,Minneapolis,Midwest,B2B Enterprise
CUST-2504,43,36-50,Female,Miami,South,SMB
CUST-2141,53,51-65,Male,Philadelphia,North East,Consumer Budget
CUST-6165,45,36-50,Male,Atlanta,South,SMB
CUST-8002,22,18-25,Female,Seattle,West,Consumer Premium
CUST-3545,42,36-50,Female,Detroit,Midwest,Consumer Premium
CUST-5956,31,26-35,Male,Seattle,West,Consumer Premium
CUST-9435,22,18-25,Female,San Francisco,West,SMB
CUST-3837,24,18-25,Female,Dallas,South,Consumer Budget
CUST-8328,43,36-50,Non-Binary,Los Angeles,West,SMB
CUST-4384,53,51-65,Female,Detroit,Midwest,SMB
CUST-9544,40,36-50,Male,New York,North East,Consumer Budget
CUST-2003,67,65+,Female,San Francisco,West,Consumer Budget
CUST-7639,31,26-35,Female,Los Angeles,West,Consumer Budget
CUST-6906,41,36-50,Male,Miami,South,Consumer Premium
CUST-7084,27,26-35,Male,New York,North East,B2B Enterprise
CUST-2154,49,36-50,Female,Detroit,Midwest,Consumer Budget
CUST-4287,55,51-65,Male,San Francisco,West,SMB
CUST-4479,37,36-50,Male,New York,North East,SMB
CUST-5200,26,26-35,Male,Atlanta,South,Consumer Premium
CUST-7022,43,36-50,Male,Seattle,West,SMB
CUST-3457,45,36-50,Male,Dallas,South,B2B Enterprise
CUST-3390,41,36-50,Female,Dallas,South,B2B Enterprise
CUST-4569,49,36-50,Female,San Francisco,West,SMB
CUST-7433,28,26-35,Male,Los Angeles,West,SMB
CUST-9219,29,26-35,Male,San Francisco,West,SMB
CUST-5785,49,36-50,Male,Chicago,Midwest,B2B Enterprise
CUST-6687,46,36-50,Male,Philadelphia,North East,Consumer Premium
CUST-8907,41,36-50,Female,Dallas,South,SMB
CUST-1146,25,18-25,Female,Philadelphia,North East,Consumer Budget
CUST-5076,37,36-50,Male,Philadelphia,North East,SMB
CUST-3422,38,36-50,Female,Philadelphia,North East,Consumer Budget
CUST-9819,45,36-50,Male,New York,North East,B2B Enterprise
CUST-6471,69,65+,Male,New York,North East,SMB
CUST-7535,35,26-35,Male,Los Angeles,West,SMB
CUST-2539,18,18-25,Female,Chicago,Midwest,SMB
CUST-1484,30,26-35,Female,Boston,North East,SMB
CUST-8679,25,18-25,Female,Seattle,West,SMB
CUST-4689,23,18-25,Male,Philadelphia,North East,Consumer Budget
CUST-3931,51,51-65,Male,Los Angeles,West,Consumer Budget
CUST-3498,37,36-50,Male,Minneapolis,Midwest,Consumer Budget
CUST-9426,44,36-50,Female,Boston,North East,Consumer Budget
CUST-4282,36,36-50,Female,San Francisco,West,Consumer Premium
CUST-8315,40,36-50,Male,Chicago,Midwest,SMB
CUST-9831,54,51-65,Female,Minneapolis,Midwest,SMB
CUST-3431,49,36-50,Male,New York,North East,Consumer Budget
CUST-2190,36,36-50,Female,Miami,South,B2B Enterprise
CUST-6377,34,26-35,Female,San Francisco,West,Consumer Budget
CUST-1794,18,18-25,Female,Philadelphia,North East,Consumer Budget
CUST-4579,35,26-35,Female,Seattle,West,SMB
CUST-7974,33,26-35,Male,Seattle,West,Consumer Premium
CUST-3737,37,36-50,Female,New York,North East,Consumer Budget
CUST-4326,62,51-65,Male,Dallas,South,SMB
CUST-3172,18,18-25,Female,Detroit,Midwest,Consumer Budget
CUST-7191,32,26-35,Female,Minneapolis,Midwest,Consumer Budget
CUST-3523,25,18-25,Female,Detroit,Midwest,SMB
CUST-2292,35,26-35,Male,Miami,South,Consumer Budget
CUST-8190,18,18-25,Female,Detroit,Midwest,B2B Enterprise
CUST-6885,50,36-50,Female,Atlanta,South,Consumer Budget
CUST-1727,65,51-65,Female,Atlanta,South,SMB
CUST-7478,45,36-50,Female,Atlanta,South,SMB
CUST-5977,33,26-35,Female,San Francisco,West,SMB
CUST-2634,28,26-35,Female,Chicago,Midwest,Consumer Premium
CUST-1765,34,26-35,Non-Binary,San Francisco,West,Consumer Budget
CUST-3148,47,36-50,Male,Chicago,Midwest,SMB
CUST-2821,19,18-25,Male,Atlanta,South,B2B Enterprise
CUST-4825,41,36-50,Male,Los Angeles,West,Consumer Premium
CUST-9674,33,26-35,Male,Chicago,Midwest,B2B Enterprise
CUST-4548,54,51-65,Female,Detroit,Midwest,Consumer Budget
CUST-5533,32,26-35,Female,Los Angeles,West,B2B Enterprise
CUST-6703,18,18-25,Female,Philadelphia,North East,Consumer Budget
CUST-3322,47,36-50,Female,Detroit,Midwest,Consumer Budget
CUST-6391,31,26-35,Other,San Francisco,West,Consumer Budget
CUST-3114,48,36-50,Male,Philadelphia,North East,Consumer Budget
CUST-6676,42,36-50,Male,Seattle,West,B2B Enterprise
CUST-8787,32,26-35,Female,Dallas,South,B2B Enterprise
CUST-3496,44,36-50,Male,Boston,North East,B2B Enterprise
CUST-6069,45,36-50,Male,Dallas,South,Consumer Premium
CUST-3119,47,36-50,Male,Seattle,West,B2B Enterprise
CUST-8952,37,36-50,Male,Los Angeles,West,Consumer Budget
CUST-6785,58,51-65,Male,San Francisco,West,SMB
CUST-9000,30,26-35,Male,Atlanta,South,Consumer Budget
CUST-7387,47,36-50,Non-Binary,Boston,North East,SMB
CUST-5176,47,36-50,Male,Chicago,Midwest,Consumer Budget
CUST-8052,31,26-35,Female,Philadelphia,North East,SMB
CUST-2848,43,36-50,Male,Miami,South,SMB
CUST-9567,34,26-35,Male,Los Angeles,West,Consumer Budget
CUST-4337,44,36-50,Male,New York,North East,Consumer Premium
CUST-3725,27,26-35,Male,Detroit,Midwest,SMB
CUST-6540,18,18-25,Male,Boston,North East,SMB
CUST-5256,27,26-35,Non-Binary,San Francisco,West,SMB
CUST-4086,52,51-65,Female,Chicago,Midwest,SMB
CUST-3609,53,51-65,Male,San Francisco,West,B2B Enterprise
CUST-8147,40,36-50,Male,Chicago,Midwest,Consumer Premium
CUST-5712,66,65+,Other,Los Angeles,West,SMB
CUST-5990,44,36-50,Male,San Francisco,West,Consumer Budget
CUST-7423,35,26-35,Male,Miami,South,Consumer Budget
CUST-7145,54,51-65,Male,Los Angeles,West,SMB
CUST-5335,47,36-50,Female,Miami,South,SMB
CUST-6508,29,26-35,Male,Seattle,West,B2B Enterprise
CUST-3191,58,51-65,Male,Chicago,Midwest,SMB
CUST-7216,56,51-65,Male,Chicago,Midwest,Consumer Premium
CUST-5736,41,36-50,Male,Detroit,Midwest,Consumer Premium
CUST-3623,38,36-50,Male,Seattle,West,SMB
CUST-3391,45,36-50,Female,Detroit,Midwest,Consumer Budget
CUST-7601,18,18-25,Male,Miami,South,SMB
CUST-2272,62,51-65,Male,Boston,North East,SMB
CUST-9993,59,51-65,Female,Seattle,West,Consumer Premium
CUST-3872,60,51-65,Male,Atlanta,South,Consumer Budget
CUST-4365,47,36-50,Male,Dallas,South,Consumer Premium
CUST-9476,42,36-50,Male,Miami,South,SMB
CUST-7669,41,36-50,Non-Binary,Boston,North East,Consumer Premium
CUST-9325,43,36-50,Female,Seattle,West,SMB
CUST-8236,49,36-50,Female,Chicago,Midwest,Consumer Premium
CUST-3666,38,36-50,Male,Dallas,South,Consumer Budget
CUST-1629,66,65+,Female,Dallas,South,SMB
CUST-2216,43,36-50,Female,Los Angeles,West,Consumer Budget
CUST-7039,18,18-25,Female,Dallas,South,Consumer Budget
CUST-9566,38,36-50,Female,Seattle,West,SMB
CUST-1692,45,36-50,Male,Philadelphia,North East,Consumer Budget
CUST-4639,53,51-65,Female,Miami,South,SMB
CUST-7310,26,26-35,Non-Binary,Miami,South,SMB
CUST-4144,42,36-50,Male,San Francisco,West,Consumer Budget
CUST-9376,52,51-65,Male,Detroit,Midwest,Consumer Budget
CUST-4177,34,26-35,Male,Atlanta,South,B2B Enterprise
CUST-1160,39,36-50,Female,Dallas,South,Consumer Premium
CUST-5322,45,36-50,Male,Minneapolis,Midwest,SMB
CUST-7211,33,26-35,Male,Atlanta,South,B2B Enterprise
CUST-8025,51,51-65,Female,New York,North East,SMB
CUST-4422,19,18-25,Female,Minneapolis,Midwest,Consumer Budget
CUST-1487,47,36-50,Female,Dallas,South,Consumer Premium
CUST-4413,19,18-25,Male,Dallas,South,Consumer Premium
CUST-8094,44,36-50,Female,Philadelphia,North East,SMB
CUST-3414,61,51-65,Male,Philadelphia,North East,B2B Enterprise
CUST-5891,26,26-35,Male,Boston,North East,B2B Enterprise
CUST-3790,48,36-50,Male,Miami,South,B2B Enterprise
CUST-8489,39,36-50,Male,Los Angeles,West,Consumer Budget
CUST-4880,45,36-50,Male,Miami,South,SMB
CUST-3566,18,18-25,Female,Boston,North East,Consumer Premium
CUST-5822,40,36-50,Female,Dallas,South,B2B Enterprise
CUST-2301,36,36-50,Male,San Francisco,West,Consumer Premium
CUST-1793,43,36-50,Male,Detroit,Midwest,Consumer Budget
CUST-6983,41,36-50,Male,Dallas,South,B2B Enterprise
CUST-5682,18,18-25,Female,Chicago,Midwest,Consumer Budget
CUST-8035,43,36-50,Male,Seattle,West,Consumer Budget
CUST-8368,42,36-50,Female,Detroit,Midwest,SMB
CUST-8122,35,26-35,Non-Binary,Seattle,West,B2B Enterprise
CUST-4611,18,18-25,Female,Miami,South,Consumer Budget
CUST-6468,42,36-50,Female,Detroit,Midwest,Consumer Premium
CUST-1797,43,36-50,Female,Miami,South,Consumer Premium
CUST-2942,41,36-50,Female,Boston,North East,SMB
CUST-9679,37,36-50,Female,Minneapolis,Midwest,SMB
CUST-2890,33,26-35,Male,Detroit,Midwest,Consumer Budget
CUST-3830,53,51-65,Male,Minneapolis,Midwest,Consumer Budget
CUST-5928,33,26-35,Female,Atlanta,South,SMB
CUST-7264,26,26-35,Female,San Francisco,West,SMB
CUST-3986,45,36-50,Male,Seattle,West,Consumer Budget
CUST-4553,39,36-50,Female,Chicago,Midwest,Consumer Premium
CUST-6267,24,18-25,Male,Detroit,Midwest,Consumer Premium
CUST-2674,43,36-50,Female,Minneapolis,Midwest,Consumer Premium
CUST-7837,41,36-50,Male,Miami,South,Consumer Budget
CUST-7078,35,26-35,Male,New York,North East,B2B Enterprise
CUST-4137,39,36-50,Other,Atlanta,South,Consumer Budget
CUST-5006,29,26-35,Female,Detroit,Midwest,Consumer Premium
CUST-3007,44,36-50,Male,Dallas,South,SMB
CUST-2915,35,26-35,Male,Los Angeles,West,Consumer Premium
CUST-3809,42,36-50,Female,Boston,North East,Consumer Premium
CUST-5182,35,26-35,Female,Los Angeles,West,Consumer Budget
CUST-9640,56,51-65,Female,Miami,South,SMB
CUST-5477,42,36-50,Female,Atlanta,South,Consumer Premium
CUST-2836,46,36-50,Male,Los Angeles,West,SMB
CUST-2385,52,51-65,Non-Binary,Minneapolis,Midwest,SMB
CUST-3724,39,36-50,Male,Seattle,West,B2B Enterprise
CUST-1473,38,36-50,Female,Philadelphia,North East,B2B Enterprise
CUST-5239,37,36-50,Female,Dallas,South,Consumer Budget
CUST-5407,69,65+,Male,Los Angeles,West,B2B Enterprise
CUST-8995,43,36-50,Non-Binary,Dallas,South,Consumer Budget
CUST-3315,42,36-50,Female,San Francisco,West,Consumer Budget
CUST-7235,33,26-35,Female,San Francisco,West,Consumer Premium
CUST-3602,38,36-50,Male,Philadelphia,North East,B2B Enterprise
CUST-2551,48,36-50,Male,Miami,South,Consumer Premium
CUST-3320,37,36-50,Male,Seattle,West,B2B Enterprise
CUST-6356,37,36-50,Female,Los Angeles,West,Consumer Budget
CUST-5129,55,51-65,Female,Dallas,South,SMB
CUST-6396,30,26-35,Other,Seattle,West,B2B Enterprise
CUST-3252,18,18-25,Female,Philadelphia,North East,B2B Enterprise
CUST-6956,23,18-25,Male,New York,North East,Consumer Premium
CUST-3126,19,18-25,Male,Chicago,Midwest,SMB
CUST-9561,39,36-50,Female,Seattle,West,B2B Enterprise
CUST-4591,43,36-50,Male,Detroit,Midwest,Consumer Premium
CUST-3700,30,26-35,Male,Miami,South,B2B Enterprise
CUST-6374,52,51-65,Male,Philadelphia,North East,SMB
CUST-4683,36,36-50,Other,Minneapolis,Midwest,Consumer Budget
CUST-6090,28,26-35,Male,New York,North East,SMB
CUST-6692,67,65+,Male,Dallas,South,B2B Enterprise
CUST-4039,41,36-50,Non-Binary,Minneapolis,Midwest,Consumer Premium
CUST-3212,39,36-50,Male,San Francisco,West,Consumer Budget
CUST-3622,29,26-35,Male,Philadelphia,North East,Consumer Budget
CUST-5358,28,26-35,Male,Dallas,South,Consumer Premium
CUST-3009,58,51-65,Female,Minneapolis,Midwest,Consumer Budget
CUST-1903,35,26-35,Female,New York,North East,SMB
CUST-9659,52,51-65,Female,Minneapolis,Midwest,Consumer Budget
CUST-6465,36,36-50,Female,Philadelphia,North East,SMB
CUST-5546,65,51-65,Female,Dallas,South,B2B Enterprise
CUST-3257,18,18-25,Female,Boston,North East,Consumer Premium
CUST-1191,33,26-35,Female,Philadelphia,North East,SMB
CUST-9066,26,26-35,Male,Chicago,Midwest,SMB
CUST-7479,20,18-25,Female,Detroit,Midwest,B2B Enterprise
CUST-2156,64,51-65,Female,San Francisco,West,Consumer Premium
CUST-2479,18,18-25,Male,Chicago,Midwest,SMB
CUST-5162,28,26-35,Male,Dallas,South,SMB
CUST-6399,56,51-65,Male,Detroit,Midwest,SMB
CUST-6244,26,26-35,Female,Seattle,West,Consumer Budget
CUST-7779,23,18-25,Female,Los Angeles,West,Consumer Premium
CUST-4696,20,18-25,Female,Philadelphia,North East,SMB
CUST-6663,48,36-50,Female,Detroit,Midwest,Consumer Premium
CUST-1207,47,36-50,Female,Detroit,Midwest,Consumer Premium
CUST-1307,30,26-35,Female,Seattle,West,SMB
CUST-8949,37,36-50,Female,New York,North East,SMB
CUST-3692,23,18-25,Female,Boston,North East,Consumer Premium
CUST-7418,45,36-50,Female,Chicago,Midwest,Consumer Premium
CUST-8711,18,18-25,Male,Atlanta,South,Consumer Premium
CUST-6952,18,18-25,Male,New York,North East,SMB
CUST-1417,36,36-50,Male,Chicago,Midwest,SMB
CUST-5359,42,36-50,Male,Atlanta,South,SMB
CUST-7902,41,36-50,Female,Chicago,Midwest,SMB
CUST-7148,28,26-35,Male,San Francisco,West,B2B Enterprise
CUST-2839,18,18-25,Female,Detroit,Midwest,SMB
CUST-6811,35,26-35,Female,Miami,South,Consumer Budget
CUST-7262,24,18-25,Female,Minneapolis,Midwest,Consumer Premium
CUST-4152,20,18-25,Male,Los Angeles,West,Consumer Premium
CUST-1736,32,26-35,Female,Boston,North East,SMB
CUST-6354,43,36-50,Female,Miami,South,SMB
CUST-8962,44,36-50,Female,Los Angeles,West,B2B Enterprise
CUST-6052,46,36-50,Male,San Francisco,West,B2B Enterprise
CUST-1004,75,65+,Male,Miami,South,Consumer Premium
CUST-3787,47,36-50,Male,Seattle,West,SMB
CUST-1326,50,36-50,Female,Detroit,Midwest,SMB
CUST-2014,37,36-50,Male,Dallas,South,Consumer Premium
CUST-4705,43,36-50,Male,New York,North East,Consumer Premium
CUST-3650,26,26-35,Male,Boston,North East,Consumer Premium
CUST-6544,27,26-35,Male,New York,North East,Consumer Budget
CUST-6096,26,26-35,Male,Detroit,Midwest,Consumer Budget
CUST-5637,40,36-50,Male,Miami,South,B2B Enterprise
CUST-6914,40,36-50,Female,Minneapolis,Midwest,SMB
CUST-4562,45,36-50,Male,Philadelphia,North East,Consumer Budget
CUST-1052,42,36-50,Female,Detroit,Midwest,Consumer Budget
CUST-5864,24,18-25,Male,Boston,North East,Consumer Premium
CUST-4990,41,36-50,Female,Los Angeles,West,Consumer Budget
CUST-2715,30,26-35,Female,Atlanta,South,Consumer Budget
CUST-3378,46,36-50,Male,Atlanta,South,B2B Enterprise
CUST-1172,32,26-35,Female,Miami,South,Consumer Premium
CUST-6281,18,18-25,Female,Chicago,Midwest,Consumer Premium
CUST-4408,27,26-35,Female,Atlanta,South,Consumer Budget
CUST-7644,21,18-25,Female,Los Angeles,West,Consumer Premium
CUST-1292,37,36-50,Female,Los Angeles,West,SMB
CUST-4552,18,18-25,Male,Detroit,Midwest,SMB
CUST-5531,46,36-50,Male,Seattle,West,SMB
CUST-7120,39,36-50,Female,Dallas,South,Consumer Budget
CUST-2696,23,18-25,Female,New York,North East,Consumer Premium
CUST-3735,24,18-25,Male,Boston,North East,SMB
CUST-6501,36,36-50,Male,Seattle,West,B2B Enterprise
CUST-3082,46,36-50,Female,Miami,South,SMB
CUST-1270,59,51-65,Female,Dallas,South,B2B Enterprise
CUST-9530,25,18-25,Female,Los Angeles,West,B2B Enterprise
CUST-1375,24,18-25,Female,Atlanta,South,Consumer Budget
CUST-9354,23,18-25,Female,Los Angeles,West,Consumer Budget
CUST-2724,28,26-35,Female,Philadelphia,North East,B2B Enterprise
CUST-5561,47,36-50,Male,New York,North East,Consumer Budget
CUST-2808,44,36-50,Male,Boston,North East,B2B Enterprise
CUST-4295,44,36-50,Other,Los Angeles,West,B2B Enterprise
CUST-3826,63,51-65,Female,Philadelphia,North East,B2B Enterprise
CUST-4640,50,36-50,Female,Seattle,West,Consumer Premium
CUST-6655,40,36-50,Male,Atlanta,South,Consumer Budget
CUST-2568,40,36-50,Female,Boston,North East,B2B Enterprise
CUST-5069,22,18-25,Male,Atlanta,South,Consumer Premium
CUST-3185,33,26-35,Female,Atlanta,South,B2B Enterprise
CUST-3988,47,36-50,Female,Los Angeles,West,Consumer Budget
CUST-3943,34,26-35,Male,Chicago,Midwest,B2B Enterprise
CUST-5866,21,18-25,Female,Detroit,Midwest,Consumer Budget
CUST-8636,18,18-25,Female,Detroit,Midwest,B2B Enterprise
CUST-1128,19,18-25,Female,Dallas,South,SMB
CUST-6756,26,26-35,Male,Miami,South,Consumer Premium
CUST-1670,18,18-25,Male,Seattle,West,SMB
CUST-3159,55,51-65,Male,Atlanta,South,SMB
CUST-4719,28,26-35,Female,Detroit,Midwest,Consumer Budget
CUST-1503,57,51-65,Female,Chicago,Midwest,Consumer Budget
CUST-4525,20,18-25,Female,Chicago,Midwest,SMB
CUST-9806,24,18-25,Male,Detroit,Midwest,Consumer Budget
CUST-3248,33,26-35,Female,Los Angeles,West,Consumer Premium
CUST-6012,47,36-50,Male,Minneapolis,Midwest,Consumer Budget
CUST-1430,35,26-35,Non-Binary,Minneapolis,Midwest,Consumer Premium
CUST-3755,36,36-50,Female,Detroit,Midwest,SMB
CUST-8498,39,36-50,Non-Binary,New York,North East,Consumer Budget
CUST-7054,25,18-25,Male,Chicago,Midwest,Consumer Premium
CUST-1496,34,26-35,Female,Detroit,Midwest,Consumer Premium
CUST-8287,25,18-25,Non-Binary,Seattle,West,Consumer Premium
CUST-5823,27,26-35,Male,Los Angeles,West,Consumer Premium
CUST-2364,33,26-35,Female,Philadelphia,North East,SMB
CUST-4361,25,18-25,Male,Chicago,Midwest,Consumer Budget
CUST-1546,34,26-35,Female,New York,North East,SMB
CUST-9123,35,26-35,Male,Seattle,West,SMB
CUST-8359,43,36-50,Male,San Francisco,West,Consumer Budget
CUST-9485,34,26-35,Male,Atlanta,South,Consumer Budget
CUST-4122,40,36-50,Female,Los Angeles,West,SMB
CUST-5651,52,51-65,Male,Los Angeles,West,Consumer Budget
CUST-9833,43,36-50,Male,Miami,South,Consumer Budget
CUST-2354,51,51-65,Male,Dallas,South,B2B Enterprise
CUST-9199,32,26-35,Male,Atlanta,South,SMB
CUST-7892,21,18-25,Female,Los Angeles,West,SMB
CUST-9707,26,26-35,Female,San Francisco,West,Consumer Budget
CUST-4997,44,36-50,Female,New York,North East,SMB
CUST-5900,52,51-65,Male,Minneapolis,Midwest,Consumer Budget
CUST-1423,36,36-50,Female,New York,North East,Consumer Budget
CUST-2690,33,26-35,Male,Dallas,South,Consumer Premium
CUST-7657,48,36-50,Female,San Francisco,West,Consumer Budget
CUST-8870,44,36-50,Male,Detroit,Midwest,SMB
CUST-6146,41,36-50,Male,San Francisco,West,Consumer Budget
CUST-7009,38,36-50,Male,Detroit,Midwest,Consumer Budget
CUST-1986,43,36-50,Male,Miami,South,Consumer Premium
CUST-7776,46,36-50,Male,Miami,South,Consumer Budget
CUST-5369,22,18-25,Male,New York,North East,Consumer Budget
CUST-4511,70,65+,Female,San Francisco,West,SMB
CUST-5487,41,36-50,Male,Los Angeles,West,Consumer Budget
CUST-3217,41,36-50,Male,Seattle,West,SMB
CUST-3619,18,18-25,Female,San Francisco,West,SMB
CUST-2152,37,36-50,Male,Seattle,West,SMB
CUST-1665,30,26-35,Male,Miami,South,SMB
CUST-5705,38,36-50,Male,Chicago,Midwest,B2B Enterprise
CUST-2645,34,26-35,Female,Detroit,Midwest,B2B Enterprise
CUST-5022,28,26-35,Male,Philadelphia,North East,Consumer Premium
CUST-5110,24,18-25,Male,San Francisco,West,Consumer Budget
CUST-5620,32,26-35,Male,Atlanta,South,Consumer Budget
CUST-2308,41,36-50,Male,Philadelphia,North East,Consumer Premium
CUST-1147,40,36-50,Female,Atlanta,South,SMB
CUST-7323,34,26-35,Male,Minneapolis,Midwest,B2B Enterprise
CUST-5619,49,36-50,Male,Seattle,West,SMB
CUST-1016,53,51-65,Female,Philadelphia,North East,Consumer Budget
CUST-5073,18,18-25,Male,Seattle,West,Consumer Premium
CUST-2063,28,26-35,Female,Atlanta,South,SMB
CUST-7193,47,36-50,Male,Detroit,Midwest,Consumer Premium
CUST-1194,24,18-25,Female,Detroit,Midwest,Consumer Premium
CUST-7949,48,36-50,Male,Philadelphia,North East,Consumer Premium
CUST-4136,30,26-35,Male,Miami,South,B2B Enterprise
CUST-3598,34,26-35,Male,New York,North East,Consumer Budget
CUST-5350,46,36-50,Female,New York,North East,SMB
CUST-9362,29,26-35,Female,Atlanta,South,Consumer Budget
CUST-1593,30,26-35,Other,Detroit,Midwest,SMB
CUST-5926,34,26-35,Male,Philadelphia,North East,Consumer Budget
CUST-2433,45,36-50,Female,Atlanta,South,Consumer Budget
CUST-6558,39,36-50,Female,Seattle,West,Consumer Premium
CUST-5664,44,36-50,Male,Boston,North East,SMB
CUST-4242,38,36-50,Male,Minneapolis,Midwest,SMB
CUST-4201,34,26-35,Male,Chicago,Midwest,SMB
CUST-4681,32,26-35,Female,Miami,South,Consumer Budget
CUST-8493,44,36-50,Female,Boston,North East,Consumer Budget
CUST-5084,40,36-50,Female,Atlanta,South,Consumer Budget
CUST-9908,43,36-50,Male,Atlanta,South,B2B Enterprise
CUST-1018,23,18-25,Male,Miami,South,B2B Enterprise
CUST-4331,49,36-50,Male,Minneapolis,Midwest,Consumer Premium
CUST-4774,37,36-50,Female,Detroit,Midwest,Consumer Premium
CUST-9656,23,18-25,Female,Chicago,Midwest,SMB
CUST-2251,50,36-50,Male,Atlanta,South,Consumer Premium
CUST-2594,22,18-25,Male,Minneapolis,Midwest,B2B Enterprise
CUST-2643,50,36-50,Male,Dallas,South,Consumer Premium
CUST-6333,19,18-25,Female,Miami,South,SMB
CUST-7604,25,18-25,Male,Chicago,Midwest,Consumer Premium
CUST-1057,40,36-50,Male,New York,North East,SMB
CUST-5254,57,51-65,Female,Miami,South,Consumer Budget
CUST-2716,38,36-50,Female,Los Angeles,West,Consumer Budget
CUST-6234,37,36-50,Female,Seattle,West,B2B Enterprise
CUST-7260,26,26-35,Male,Philadelphia,North East,SMB
CUST-2685,24,18-25,Female,Seattle,West,SMB
CUST-5488,39,36-50,Non-Binary,Philadelphia,North East,Consumer Budget
CUST-6820,40,36-50,Female,Seattle,West,SMB
CUST-2575,58,51-65,Female,Boston,North East,SMB
CUST-7495,45,36-50,Female,Los Angeles,West,B2B Enterprise
CUST-3120,32,26-35,Female,Los Angeles,West,Consumer Budget
CUST-1103,25,18-25,Female,Dallas,South,SMB
CUST-7031,35,26-35,Female,Chicago,Midwest,Consumer Premium
CUST-8919,21,18-25,Female,Atlanta,South,Consumer Premium
CUST-9043,32,26-35,Male,Detroit,Midwest,B2B Enterprise
CUST-4420,43,36-50,Male,Los Angeles,West,Consumer Premium
CUST-8808,56,51-65,Male,Dallas,South,Consumer Budget
CUST-5848,47,36-50,Female,San Francisco,West,Consumer Budget
CUST-9266,52,51-65,Female,Boston,North East,Consumer Budget
CUST-4537,28,26-35,Female,Philadelphia,North East,Consumer Budget
CUST-3683,29,26-35,Male,Philadelphia,North East,SMB
CUST-9370,32,26-35,Female,Miami,South,Consumer Premium
CUST-9902,53,51-65,Female,San Francisco,West,Consumer Budget
CUST-9512,24,18-25,Female,Los Angeles,West,Consumer Premium
CUST-4799,42,36-50,Female,Los Angeles,West,Consumer Premium
CUST-9587,30,26-35,Female,Los Angeles,West,SMB
CUST-8810,33,26-35,Female,Miami,South,B2B Enterprise
CUST-5814,33,26-35,Female,Detroit,Midwest,Consumer Budget
CUST-7325,40,36-50,Male,Atlanta,South,B2B Enterprise
CUST-2829,31,26-35,Male,Dallas,South,SMB
CUST-5392,50,36-50,Male,Los Angeles,West,SMB
CUST-7598,35,26-35,Female,Boston,North East,SMB
CUST-7464,46,36-50,Female,New York,North East,Consumer Premium
CUST-5857,23,18-25,Female,Philadelphia,North East,SMB
CUST-8383,37,36-50,Male,Detroit,Midwest,SMB
CUST-1060,65,51-65,Male,Chicago,Midwest,Consumer Premium
CUST-3756,34,26-35,Male,Atlanta,South,Consumer Budget
CUST-6823,67,65+,Male,San Francisco,West,SMB
CUST-5707,45,36-50,Male,Chicago,Midwest,SMB
CUST-2069,40,36-50,Female,Miami,South,SMB
CUST-8695,42,36-50,Male,Minneapolis,Midwest,SMB
CUST-9139,42,36-50,Male,Boston,North East,Consumer Budget
CUST-3785,29,26-35,Male,Dallas,South,SMB
CUST-5661,34,26-35,Male,Los Angeles,West,SMB
CUST-6209,34,26-35,Male,Boston,North East,SMB
CUST-7340,20,18-25,Female,New York,North East,Consumer Premium
CUST-8280,32,26-35,Female,Miami,South,Consumer Budget
CUST-7214,54,51-65,Male,Los Angeles,West,Consumer Budget
CUST-8515,31,26-35,Male,Philadelphia,North East,Consumer Budget
CUST-4619,23,18-25,Male,Philadelphia,North East,Consumer Budget
CUST-2617,31,26-35,Female,Chicago,Midwest,Consumer Budget
CUST-1740,18,18-25,Male,Dallas,South,SMB
CUST-2174,41,36-50,Male,Atlanta,South,Consumer Budget
CUST-3116,47,36-50,Male,Miami,South,Consumer Budget
CUST-9892,18,18-25,Other,Atlanta,South,B2B Enterprise
CUST-9031,40,36-50,Male,Seattle,West,Consumer Budget
CUST-4272,52,51-65,Male,Philadelphia,North East,Consumer Budget
CUST-4018,48,36-50,Female,Philadelphia,North East,Consumer Budget
CUST-7303,56,51-65,Female,Los Angeles,West,SMB
CUST-2097,41,36-50,Male,Seattle,West,SMB
CUST-4923,45,36-50,Female,Los Angeles,West,B2B Enterprise
CUST-5453,40,36-50,Female,Atlanta,South,Consumer Premium
CUST-1082,29,26-35,Male,Chicago,Midwest,B2B Enterprise
CUST-9767,34,26-35,Female,Los Angeles,West,B2B Enterprise
CUST-4865,44,36-50,Female,Miami,South,Consumer Budget
CUST-5807,49,36-50,Male,Atlanta,South,B2B Enterprise
CUST-3571,29,26-35,Female,New York,North East,Consumer Budget
CUST-1805,32,26-35,Male,Chicago,Midwest,SMB
CUST-6380,42,36-50,Female,New York,North East,Consumer Budget
CUST-5613,37,36-50,Female,Detroit,Midwest,SMB
CUST-6135,49,36-50,Other,Dallas,South,SMB
CUST-4735,41,36-50,Male,New York,North East,SMB
CUST-9135,53,51-65,Female,Miami,South,Consumer Premium
CUST-8218,18,18-25,Male,Philadelphia,North East,Consumer Premium
CUST-7989,40,36-50,Male,Seattle,West,Consumer Premium
CUST-5732,48,36-50,Female,Detroit,Midwest,Consumer Budget
CUST-3918,18,18-25,Male,Seattle,West,SMB
CUST-1659,18,18-25,Male,Minneapolis,Midwest,SMB
CUST-9481,37,36-50,Male,Philadelphia,North East,Consumer Budget
CUST-6551,51,51-65,Female,Minneapolis,Midwest,SMB
CUST-4549,18,18-25,Male,Chicago,Midwest,SMB
CUST-3630,36,36-50,Male,Dallas,South,Consumer Budget
CUST-1984,21,18-25,Male,Miami,South,Consumer Premium
CUST-5366,27,26-35,Male,New York,North East,SMB
CUST-8452,21,18-25,Male,Boston,North East,SMB
CUST-6113,18,18-25,Female,Seattle,West,B2B Enterprise
CUST-3678,37,36-50,Female,Minneapolis,Midwest,SMB
CUST-1859,32,26-35,Female,Miami,South,SMB
CUST-3539,18,18-25,Male,Minneapolis,Midwest,Consumer Premium
CUST-7427,39,36-50,Male,Atlanta,South,Consumer Premium
CUST-5371,42,36-50,Female,Dallas,South,Consumer Premium
CUST-5294,63,51-65,Male,Chicago,Midwest,SMB
CUST-8929,34,26-35,Male,Boston,North East,Consumer Budget
CUST-4599,35,26-35,Male,Los Angeles,West,Consumer Budget
CUST-8491,32,26-35,Male,Los Angeles,West,Consumer Budget
CUST-6222,18,18-25,Female,Atlanta,South,Consumer Budget
CUST-6048,47,36-50,Female,New York,North East,B2B Enterprise
CUST-3774,33,26-35,Male,Boston,North East,Consumer Premium
CUST-1349,22,18-25,Female,Detroit,Midwest,Consumer Premium
CUST-1644,39,36-50,Female,Atlanta,South,SMB
CUST-3814,42,36-50,Female,Minneapolis,Midwest,Consumer Budget
CUST-7477,23,18-25,Male,Detroit,Midwest,Consumer Budget
CUST-2584,47,36-50,Female,San Francisco,West,SMB
CUST-2151,50,36-50,Male,New York,North East,Consumer Premium
CUST-6469,18,18-25,Male,Seattle,West,SMB
CUST-9954,24,18-25,Male,Boston,North East,SMB
CUST-1351,37,36-50,Male,Detroit,Midwest,Consumer Budget
CUST-7221,26,26-35,Male,Detroit,Midwest,Consumer Premium
CUST-2786,38,36-50,Male,Boston,North East,Consumer Budget
CUST-6896,34,26-35,Female,Miami,South,SMB
CUST-4406,28,26-35,Female,Seattle,West,SMB
CUST-2755,44,36-50,Non-Binary,Atlanta,South,Consumer Budget
CUST-7551,18,18-25,Female,Dallas,South,SMB
CUST-3289,48,36-50,Male,Chicago,Midwest,B2B Enterprise
CUST-5222,41,36-50,Female,Philadelphia,North East,Consumer Premium
CUST-4274,18,18-25,Female,Miami,South,Consumer Budget
CUST-7126,44,36-50,Male,Atlanta,South,SMB
CUST-6092,30,26-35,Female,Dallas,South,SMB
CUST-2649,38,36-50,Male,Miami,South,Consumer Budget
CUST-1630,31,26-35,Female,New York,North East,Consumer Budget
CUST-2341,29,26-35,Female,Atlanta,South,SMB
CUST-6367,51,51-65,Female,Miami,South,Consumer Premium
CUST-8331,55,51-65,Female,Atlanta,South,Consumer Premium
CUST-2550,37,36-50,Male,Philadelphia,North East,Consumer Budget
CUST-7972,38,36-50,Female,Miami,South,SMB
CUST-3864,33,26-35,Male,Philadelphia,North East,B2B Enterprise
CUST-6874,42,36-50,Female,New York,North East,SMB
CUST-5859,46,36-50,Male,Dallas,South,SMB
CUST-7842,28,26-35,Male,Los Angeles,West,SMB
CUST-4473,29,26-35,Male,Los Angeles,West,Consumer Premium
CUST-8948,27,26-35,Male,Philadelphia,North East,Consumer Budget
CUST-5341,51,51-65,Female,Los Angeles,West,B2B Enterprise
CUST-9415,18,18-25,Male,Detroit,Midwest,Consumer Budget
CUST-9590,41,36-50,Female,Miami,South,B2B Enterprise
CUST-3706,42,36-50,Male,Miami,South,Consumer Budget
CUST-5283,19,18-25,Male,New York,North East,B2B Enterprise
CUST-2524,45,36-50,Male,New York,North East,B2B Enterprise
CUST-7626,24,18-25,Male,New York,North East,SMB
CUST-5655,18,18-25,Male,Los Angeles,West,Consumer Budget
CUST-9746,19,18-25,Female,Minneapolis,Midwest,SMB
CUST-3676,23,18-25,Male,Dallas,South,B2B Enterprise
CUST-6310,46,36-50,Male,Boston,North East,Consumer Budget
CUST-9164,27,26-35,Female,Atlanta,South,SMB
CUST-5272,26,26-35,Male,New York,North East,Consumer Budget
CUST-5131,46,36-50,Female,Minneapolis,Midwest,Consumer Budget
CUST-3077,39,36-50,Female,Miami,South,Consumer Premium
CUST-6887,37,36-50,Male,Atlanta,South,SMB
CUST-2314,53,51-65,Female,Los Angeles,West,Consumer Budget
CUST-5769,22,18-25,Male,Miami,South,Consumer Premium
CUST-9812,40,36-50,Female,Minneapolis,Midwest,Consumer Premium
CUST-7913,34,26-35,Male,Dallas,South,SMB
CUST-8690,46,36-50,Male,San Francisco,West,SMB
CUST-2977,52,51-65,Male,Atlanta,South,Consumer Budget
CUST-4779,18,18-25,Male,San Francisco,West,SMB
CUST-6334,29,26-35,Female,Minneapolis,Midwest,SMB
CUST-9764,37,36-50,Female,Minneapolis,Midwest,Consumer Budget
CUST-8334,47,36-50,Male,Seattle,West,SMB
CUST-5440,42,36-50,Male,Chicago,Midwest,Consumer Premium
CUST-3162,53,51-65,Male,Minneapolis,Midwest,SMB
CUST-8693,27,26-35,Female,Miami,South,B2B Enterprise
CUST-7118,31,26-35,Male,New York,North East,Consumer Premium
CUST-5893,60,51-65,Female,Philadelphia,North East,Consumer Premium
CUST-4515,39,36-50,Male,Detroit,Midwest,Consumer Budget
CUST-4235,18,18-25,Female,Dallas,South,Consumer Budget
CUST-4494,37,36-50,Non-Binary,San Francisco,West,Consumer Budget
CUST-1683,38,36-50,Female,Seattle,West,Consumer Premium
CUST-5618,50,36-50,Female,San Francisco,West,Consumer Budget
CUST-7142,48,36-50,Male,Los Angeles,West,Consumer Budget
CUST-4675,28,26-35,Female,Atlanta,South,Consumer Budget
CUST-3719,29,26-35,Male,New York,North East,Consumer Budget
CUST-4050,31,26-35,Female,Miami,South,Consumer Premium
CUST-9172,38,36-50,Male,Miami,South,SMB
CUST-1273,19,18-25,Female,Boston,North East,SMB
CUST-8152,38,36-50,Female,New York,North East,Consumer Premium
CUST-8192,46,36-50,Female,Detroit,Midwest,SMB
CUST-3638,27,26-35,Female,Boston,North East,Consumer Premium
CUST-5709,48,36-50,Male,Chicago,Midwest,SMB
CUST-3343,30,26-35,Female,Chicago,Midwest,SMB
CUST-3914,68,65+,Male,Detroit,Midwest,Consumer Budget
CUST-1488,28,26-35,Female,Detroit,Midwest,SMB
CUST-5486,44,36-50,Male,Miami,South,SMB
CUST-7806,50,36-50,Male,Philadelphia,North East,SMB
CUST-9751,37,36-50,Male,Philadelphia,North East,SMB
CUST-3808,26,26-35,Female,San Francisco,West,Consumer Premium
CUST-5150,36,36-50,Female,Chicago,Midwest,Consumer Budget
CUST-4385,49,36-50,Male,Miami,South,Consumer Premium
CUST-1573,42,36-50,Female,Los Angeles,West,Consumer Premium
CUST-3644,52,51-65,Female,New York,North East,Consumer Budget
CUST-7231,49,36-50,Non-Binary,Detroit,Midwest,Consumer Premium
CUST-3475,26,26-35,Female,Philadelphia,North East,B2B Enterprise
CUST-1611,51,51-65,Male,New York,North East,B2B Enterprise
CUST-1372,22,18-25,Female,New York,North East,Consumer Budget
CUST-6429,45,36-50,Male,San Francisco,West,Consumer Premium
CUST-5840,40,36-50,Male,Atlanta,South,B2B Enterprise
CUST-1643,52,51-65,Female,San Francisco,West,Consumer Premium
CUST-8316,28,26-35,Male,Philadelphia,North East,SMB
CUST-7280,29,26-35,Other,Atlanta,South,B2B Enterprise
CUST-2877,42,36-50,Male,San Francisco,West,Consumer Budget
CUST-6616,45,36-50,Male,Seattle,West,SMB
CUST-3180,26,26-35,Female,Boston,North East,Consumer Premium
CUST-6933,60,51-65,Male,Atlanta,South,B2B Enterprise
CUST-4890,50,36-50,Female,Seattle,West,Consumer Budget
CUST-5035,38,36-50,Female,New York,North East,Consumer Premium
CUST-5136,28,26-35,Female,Miami,South,SMB
CUST-1515,22,18-25,Male,Chicago,Midwest,B2B Enterprise
CUST-1003,36,36-50,Male,Detroit,Midwest,SMB
CUST-7212,18,18-25,Male,New York,North East,Consumer Premium
CUST-4672,50,36-50,Female,San Francisco,West,Consumer Budget
CUST-3091,33,26-35,Non-Binary,Chicago,Midwest,Consumer Budget
CUST-5757,63,51-65,Female,Philadelphia,North East,B2B Enterprise
CUST-5031,50,36-50,Female,Detroit,Midwest,Consumer Budget
CUST-2775,36,36-50,Female,Boston,North East,SMB
CUST-3311,24,18-25,Male,Philadelphia,North East,SMB
CUST-5077,35,26-35,Female,New York,North East,Consumer Budget
CUST-2042,49,36-50,Female,Atlanta,South,SMB
CUST-9339,30,26-35,Male,Miami,South,Consumer Budget
CUST-9065,39,36-50,Male,Minneapolis,Midwest,Consumer Budget
CUST-6379,40,36-50,Male,Dallas,South,SMB
CUST-8262,26,26-35,Female,Chicago,Midwest,Consumer Premium
CUST-4185,31,26-35,Female,Boston,North East,Consumer Budget
CUST-9209,39,36-50,Male,Dallas,South,B2B Enterprise
CUST-6962,42,36-50,Male,Seattle,West,Consumer Budget
CUST-3550,19,18-25,Male,Seattle,West,Consumer Premium
CUST-1861,34,26-35,Male,Detroit,Midwest,Consumer Budget
CUST-2607,33,26-35,Male,Atlanta,South,B2B Enterprise
CUST-8888,25,18-25,Male,Seattle,West,SMB
CUST-4946,58,51-65,Male,Dallas,South,Consumer Budget
CUST-3344,39,36-50,Female,Miami,South,Consumer Budget
CUST-1277,36,36-50,Male,Philadelphia,North East,SMB
CUST-6086,53,51-65,Male,Minneapolis,Midwest,Consumer Budget
CUST-7496,35,26-35,Male,Detroit,Midwest,Consumer Budget
CUST-6602,50,36-50,Male,New York,North East,SMB
CUST-9030,36,36-50,Female,Minneapolis,Midwest,SMB
CUST-8506,54,51-65,Male,Los Angeles,West,SMB
CUST-9357,30,26-35,Male,Minneapolis,Midwest,B2B Enterprise
CUST-6567,35,26-35,Female,Seattle,West,Consumer Budget
CUST-9969,35,26-35,Female,Detroit,Midwest,Consumer Premium
CUST-7947,26,26-35,Female,Los Angeles,West,Consumer Budget
CUST-6191,40,36-50,Male,Boston,North East,Consumer Premium
CUST-3425,56,51-65,Female,Seattle,West,SMB
CUST-1594,49,36-50,Male,New York,North East,SMB
CUST-9546,29,26-35,Female,San Francisco,West,Consumer Budget
CUST-2935,40,36-50,Male,Philadelphia,North East,SMB
CUST-1868,31,26-35,Male,Detroit,Midwest,SMB
CUST-8336,26,26-35,Female,San Francisco,West,Consumer Budget
CUST-3938,52,51-65,Male,Detroit,Midwest,Consumer Budget
CUST-9879,31,26-35,Male,Los Angeles,West,SMB
CUST-7697,43,36-50,Female,Atlanta,South,SMB
CUST-7990,37,36-50,Male,Chicago,Midwest,Consumer Budget
CUST-2614,47,36-50,Female,Seattle,West,Consumer Premium
CUST-6949,55,51-65,Female,Boston,North East,SMB
CUST-4313,25,18-25,Male,Minneapolis,Midwest,SMB
CUST-8139,36,36-50,Female,San Francisco,West,Consumer Premium
CUST-5141,33,26-35,Male,Minneapolis,Midwest,Consumer Premium
CUST-6503,42,36-50,Female,New York,North East,Consumer Premium
CUST-9533,62,51-65,Female,Miami,South,Consumer Budget
CUST-9254,38,36-50,Male,Boston,North East,SMB
CUST-6041,45,36-50,Non-Binary,Dallas,South,Consumer Premium
CUST-2424,61,51-65,Female,Dallas,South,SMB
CUST-3135,36,36-50,Male,Miami,South,Consumer Premium
CUST-9882,43,36-50,Female,Seattle,West,SMB
CUST-2913,61,51-65,Female,Chicago,Midwest,SMB
CUST-8170,45,36-50,Female,Chicago,Midwest,SMB
CUST-6493,50,36-50,Female,Seattle,West,B2B Enterprise
CUST-7030,25,18-25,Female,Chicago,Midwest,SMB
CUST-6292,50,36-50,Female,Chicago,Midwest,SMB
CUST-5259,32,26-35,Female,Chicago,Midwest,Consumer Budget
CUST-8972,32,26-35,Female,Atlanta,South,Consumer Premium
CUST-4023,26,26-35,Female,San Francisco,West,SMB
CUST-2211,24,18-25,Female,Boston,North East,Consumer Budget
CUST-8130,18,18-25,Female,New York,North East,B2B Enterprise
CUST-7204,49,36-50,Male,Philadelphia,North East,SMB
CUST-3140,39,36-50,Male,Boston,North East,Consumer Premium
CUST-6974,34,26-35,Female,Miami,South,Consumer Premium
CUST-6999,47,36-50,Female,Los Angeles,West,Consumer Premium
CUST-9955,49,36-50,Female,Atlanta,South,SMB
CUST-1334,39,36-50,Female,Minneapolis,Midwest,Consumer Budget
CUST-8922,31,26-35,Female,New York,North East,SMB
CUST-1474,36,36-50,Male,Dallas,South,Consumer Budget
CUST-3672,38,36-50,Male,Detroit,Midwest,Consumer Budget
CUST-5398,43,36-50,Female,Seattle,West,Consumer Premium
CUST-4791,62,51-65,Male,Detroit,Midwest,B2B Enterprise
CUST-6262,36,36-50,Other,San Francisco,West,SMB
CUST-8181,39,36-50,Male,Detroit,Midwest,Consumer Premium
CUST-6275,20,18-25,Male,Boston,North East,Consumer Budget
CUST-4664,58,51-65,Male,Seattle,West,Consumer Premium
CUST-8603,41,36-50,Female,Minneapolis,Midwest,SMB
CUST-8116,30,26-35,Female,Chicago,Midwest,Consumer Budget
CUST-1395,40,36-50,Female,Chicago,Midwest,SMB
CUST-5511,47,36-50,Male,San Francisco,West,Consumer Budget
CUST-2040,30,26-35,Male,New York,North East,B2B Enterprise
CUST-2733,35,26-35,Female,San Francisco,West,B2B Enterprise
CUST-9428,56,51-65,Non-Binary,Philadelphia,North East,SMB
CUST-2589,18,18-25,Male,Los Angeles,West,SMB
CUST-4256,56,51-65,Female,Chicago,Midwest,SMB
CUST-5109,18,18-25,Male,Miami,South,B2B Enterprise
CUST-7091,45,36-50,Female,Chicago,Midwest,B2B Enterprise
CUST-8964,32,26-35,Female,Detroit,Midwest,Consumer Premium
CUST-2289,36,36-50,Male,Miami,South,Consumer Budget
CUST-9896,27,26-35,Female,Minneapolis,Midwest,Consumer Premium
CUST-6219,48,36-50,Male,Dallas,South,Consumer Premium
CUST-5346,47,36-50,Male,Detroit,Midwest,Consumer Premium
CUST-8746,31,26-35,Female,Los Angeles,West,Consumer Budget
CUST-2520,34,26-35,Male,Seattle,West,B2B Enterprise
CUST-1233,46,36-50,Female,Atlanta,South,SMB
CUST-1976,48,36-50,Male,Atlanta,South,Consumer Premium
CUST-6895,45,36-50,Male,Chicago,Midwest,Consumer Budget
CUST-4275,26,26-35,Female,Miami,South,SMB
CUST-4773,55,51-65,Female,New York,North East,SMB
CUST-8197,27,26-35,Female,New York,North East,Consumer Premium
CUST-7100,62,51-65,Male,Los Angeles,West,B2B Enterprise
CUST-7961,32,26-35,Male,Philadelphia,North East,SMB
CUST-3992,33,26-35,Male,Chicago,Midwest,Consumer Budget
CUST-1520,28,26-35,Female,Boston,North East,B2B Enterprise
CUST-1689,31,26-35,Male,Boston,North East,Consumer Premium
CUST-6016,41,36-50,Male,Boston,North East,SMB
CUST-2737,34,26-35,Male,Los Angeles,West,Consumer Premium
CUST-1647,33,26-35,Female,New York,North East,B2B Enterprise
CUST-6582,40,36-50,Male,Miami,South,Consumer Budget
CUST-2470,44,36-50,Female,Minneapolis,Midwest,Consumer Budget
CUST-4644,23,18-25,Female,Boston,North East,Consumer Budget
CUST-4652,49,36-50,Male,Miami,South,SMB
CUST-5441,21,18-25,Female,New York,North East,Consumer Premium
CUST-4205,40,36-50,Other,Chicago,Midwest,Consumer Budget
CUST-2748,38,36-50,Male,Dallas,South,SMB
CUST-7049,50,36-50,Female,Boston,North East,Consumer Budget
CUST-3753,32,26-35,Non-Binary,San Francisco,West,Consumer Budget
CUST-9035,35,26-35,Male,Chicago,Midwest,SMB
CUST-7575,36,36-50,Male,New York,North East,SMB
CUST-5238,31,26-35,Male,New York,North East,Consumer Budget
CUST-9829,48,36-50,Female,Los Angeles,West,Consumer Premium
CUST-5237,65,51-65,Female,Dallas,South,B2B Enterprise
CUST-8157,27,26-35,Female,Atlanta,South,Consumer Premium
CUST-2410,39,36-50,Male,Miami,South,Consumer Premium
CUST-6976,68,65+,Male,New York,North East,Consumer Budget
CUST-3312,19,18-25,Female,Boston,North East,B2B Enterprise
CUST-6169,28,26-35,Male,San Francisco,West,Consumer Budget
CUST-6182,44,36-50,Female,New York,North East,SMB
CUST-2044,44,36-50,Male,Detroit,Midwest,SMB
CUST-9222,34,26-35,Male,Seattle,West,SMB
CUST-9951,50,36-50,Female,Los Angeles,West,Consumer Premium
CUST-1010,38,36-50,Male,Atlanta,South,Consumer Premium
CUST-9011,43,36-50,Female,Miami,South,Consumer Budget
CUST-8768,47,36-50,Female,Los Angeles,West,SMB
CUST-4312,61,51-65,Male,New York,North East,SMB
CUST-8387,33,26-35,Non-Binary,Boston,North East,SMB
CUST-7263,44,36-50,Male,Seattle,West,Consumer Budget
CUST-8518,45,36-50,Male,Los Angeles,West,SMB
CUST-9499,27,26-35,Female,Atlanta,South,Consumer Premium
CUST-5249,40,36-50,Female,Los Angeles,West,Consumer Premium
CUST-9398,42,36-50,Female,Dallas,South,Consumer Premium
CUST-6581,35,26-35,Female,Dallas,South,SMB
CUST-5734,37,36-50,Female,Los Angeles,West,SMB
CUST-4572,23,18-25,Male,Atlanta,South,Consumer Premium
CUST-1999,40,36-50,Female,Los Angeles,West,B2B Enterprise
CUST-9523,45,36-50,Female,Philadelphia,North East,B2B Enterprise
CUST-9733,47,36-50,Male,Minneapolis,Midwest,SMB
CUST-3421,38,36-50,Male,Minneapolis,Midwest,Consumer Budget
CUST-8835,59,51-65,Female,Seattle,West,Consumer Premium
CUST-9961,48,36-50,Male,Seattle,West,Consumer Premium
CUST-9592,30,26-35,Male,San Francisco,West,Consumer Premium
CUST-5784,26,26-35,Male,Boston,North East,SMB
CUST-6239,56,51-65,Female,Miami,South,Consumer Premium
CUST-4589,36,36-50,Female,Minneapolis,Midwest,SMB
CUST-3032,47,36-50,Female,New York,North East,Consumer Premium
CUST-3705,35,26-35,Male,Chicago,Midwest,Consumer Premium
CUST-8582,36,36-50,Female,Boston,North East,B2B Enterprise
CUST-6796,38,36-50,Female,San Francisco,West,SMB
CUST-1854,28,26-35,Male,Seattle,West,Consumer Budget
CUST-1601,18,18-25,Male,Philadelphia,North East,Consumer Premium
CUST-5824,51,51-65,Non-Binary,San Francisco,West,SMB
CUST-3694,23,18-25,Male,Los Angeles,West,SMB
CUST-8578,35,26-35,Female,Chicago,Midwest,Consumer Premium
CUST-2351,47,36-50,Female,Detroit,Midwest,Consumer Budget
CUST-4246,64,51-65,Male,Philadelphia,North East,Consumer Premium
CUST-9630,37,36-50,Female,San Francisco,West,SMB
CUST-8827,65,51-65,Male,Chicago,Midwest,Consumer Premium
CUST-4192,18,18-25,Female,San Francisco,West,Consumer Budget
CUST-9115,29,26-35,Female,Philadelphia,North East,SMB
CUST-5694,22,18-25,Male,San Francisco,West,Consumer Budget
CUST-5179,46,36-50,Female,Detroit,Midwest,Consumer Premium
CUST-3202,46,36-50,Male,Chicago,Midwest,Consumer Budget
CUST-9994,23,18-25,Male,Chicago,Midwest,Consumer Premium
CUST-3742,29,26-35,Male,Seattle,West,SMB
CUST-1509,36,36-50,Male,Seattle,West,Consumer Budget
CUST-4006,24,18-25,Non-Binary,New York,North East,Consumer Premium
CUST-2588,24,18-25,Female,Philadelphia,North East,Consumer Budget
CUST-8162,33,26-35,Female,Chicago,Midwest,Consumer Premium
CUST-4934,36,36-50,Male,Chicago,Midwest,SMB
CUST-7449,33,26-35,Male,Atlanta,South,Consumer Budget
CUST-8150,42,36-50,Female,San Francisco,West,SMB
CUST-7329,23,18-25,Male,Boston,North East,B2B Enterprise
CUST-6740,37,36-50,Male,Los Angeles,West,B2B Enterprise
CUST-2931,21,18-25,Male,Los Angeles,West,SMB
CUST-5206,50,36-50,Female,New York,North East,SMB
CUST-2288,24,18-25,Female,Dallas,South,SMB
CUST-6832,51,51-65,Non-Binary,Philadelphia,North East,Consumer Premium
CUST-1190,45,36-50,Male,Dallas,South,Consumer Premium
CUST-5138,51,51-65,Female,Philadelphia,North East,B2B Enterprise
CUST-3564,19,18-25,Female,Philadelphia,North East,Consumer Budget
CUST-5941,37,36-50,Male,Boston,North East,B2B Enterprise
CUST-5355,33,26-35,Male,Seattle,West,Consumer Premium
CUST-4189,45,36-50,Female,Philadelphia,North East,SMB
CUST-2124,36,36-50,Male,Miami,South,Consumer Budget
CUST-9129,48,36-50,Female,Miami,South,SMB
CUST-7711,35,26-35,Male,San Francisco,West,Consumer Premium
CUST-6326,39,36-50,Female,Minneapolis,Midwest,SMB
CUST-9183,23,18-25,Female,Dallas,South,Consumer Budget
CUST-6446,44,36-50,Female,Chicago,Midwest,Consumer Budget
CUST-5817,50,36-50,Female,Chicago,Midwest,SMB
CUST-3489,45,36-50,Male,Atlanta,South,B2B Enterprise
CUST-3426,40,36-50,Male,Dallas,South,Consumer Premium
CUST-2892,46,36-50,Male,Philadelphia,North East,B2B Enterprise
CUST-5226,37,36-50,Other,New York,North East,Consumer Premium
CUST-8207,34,26-35,Male,Seattle,West,Consumer Budget
CUST-3713,37,36-50,Male,San Francisco,West,B2B Enterprise
CUST-5059,21,18-25,Female,Miami,South,Consumer Budget
CUST-4352,32,26-35,Male,Dallas,South,SMB
CUST-6066,58,51-65,Male,San Francisco,West,B2B Enterprise
CUST-2782,32,26-35,Female,San Francisco,West,SMB
CUST-7176,44,36-50,Male,Los Angeles,West,Consumer Premium
CUST-6537,40,36-50,Female,Minneapolis,Midwest,Consumer Budget
CUST-7313,31,26-35,Male,Philadelphia,North East,Consumer Budget
CUST-5670,46,36-50,Male,Los Angeles,West,Consumer Budget
CUST-3654,40,36-50,Female,Los Angeles,West,SMB
CUST-6762,18,18-25,Female,San Francisco,West,SMB
CUST-2048,41,36-50,Female,Philadelphia,North East,Consumer Premium
CUST-9323,29,26-35,Male,Minneapolis,Midwest,SMB
CUST-9432,18,18-25,Male,Detroit,Midwest,Consumer Premium
CUST-6006,31,26-35,Male,Boston,North East,SMB
CUST-3899,47,36-50,Male,Los Angeles,West,Consumer Budget
CUST-2994,35,26-35,Female,San Francisco,West,Consumer Premium
CUST-9689,30,26-35,Female,Philadelphia,North East,SMB
CUST-3758,18,18-25,Male,Minneapolis,Midwest,Consumer Premium
CUST-8185,27,26-35,Male,Chicago,Midwest,Consumer Premium
CUST-1182,18,18-25,Female,Detroit,Midwest,Consumer Premium
CUST-7230,18,18-25,Male,Atlanta,South,SMB
CUST-3334,75,65+,Male,New York,North East,Consumer Budget
CUST-1269,36,36-50,Male,Boston,North East,SMB
CUST-5695,45,36-50,Female,Boston,North East,B2B Enterprise
CUST-4264,43,36-50,Female,Minneapolis,Midwest,SMB
CUST-2823,31,26-35,Male,Seattle,West,Consumer Budget
CUST-1563,28,26-35,Other,Seattle,West,B2B Enterprise
CUST-6546,22,18-25,Female,Atlanta,South,SMB
CUST-7734,40,36-50,Female,Los Angeles,West,B2B Enterprise
CUST-4258,51,51-65,Female,Atlanta,South,Consumer Premium
CUST-2833,36,36-50,Female,New York,North East,Consumer Premium
CUST-8846,35,26-35,Female,Miami,South,Consumer Budget
CUST-4348,42,36-50,Female,Chicago,Midwest,SMB
CUST-8704,44,36-50,Male,New York,North East,Consumer Budget
CUST-9281,42,36-50,Male,Los Angeles,West,Consumer Budget
CUST-9788,39,36-50,Female,Dallas,South,B2B Enterprise
CUST-9057,38,36-50,Male,Philadelphia,North East,Consumer Premium
CUST-2869,45,36-50,Female,Dallas,South,B2B Enterprise
CUST-3442,30,26-35,Female,Detroit,Midwest,Consumer Budget
CUST-4889,42,36-50,Female,Minneapolis,Midwest,Consumer Budget
CUST-1189,22,18-25,Female,San Francisco,West,Consumer Premium
CUST-5483,57,51-65,Non-Binary,Chicago,Midwest,Consumer Budget
CUST-3502,38,36-50,Female,Seattle,West,SMB
CUST-6872,36,36-50,Female,Miami,South,Consumer Premium
CUST-4495,26,26-35,Male,Detroit,Midwest,B2B Enterprise
CUST-8709,45,36-50,Female,Atlanta,South,B2B Enterprise
CUST-4208,45,36-50,Female,Minneapolis,Midwest,SMB
CUST-2185,41,36-50,Male,San Francisco,West,SMB
CUST-4744,44,36-50,Female,Minneapolis,Midwest,B2B Enterprise
CUST-5265,22,18-25,Male,Miami,South,SMB
CUST-5360,21,18-25,Male,Los Angeles,West,Consumer Premium
CUST-8604,37,36-50,Male,Philadelphia,North East,Consumer Premium
CUST-9174,42,36-50,Female,San Francisco,West,Consumer Premium
CUST-1068,18,18-25,Male,San Francisco,West,Consumer Budget
CUST-1400,32,26-35,Male,New York,North East,Consumer Budget
CUST-5604,45,36-50,Male,Boston,North East,SMB
CUST-1981,43,36-50,Female,Minneapolis,Midwest,SMB
CUST-2260,39,36-50,Female,Minneapolis,Midwest,Consumer Budget
CUST-6263,26,26-35,Female,Boston,North East,Consumer Premium
CUST-2926,26,26-35,Non-Binary,Philadelphia,North East,Consumer Premium
CUST-8792,43,36-50,Female,Seattle,West,Consumer Budget
CUST-3427,40,36-50,Female,San Francisco,West,Consumer Premium
CUST-2258,31,26-35,Male,Seattle,West,Consumer Budget
CUST-7784,33,26-35,Male,San Francisco,West,Consumer Budget
CUST-9287,39,36-50,Female,Minneapolis,Midwest,Consumer Premium
CUST-7017,49,36-50,Female,Detroit,Midwest,SMB
CUST-1319,29,26-35,Female,Philadelphia,North East,SMB
CUST-5292,50,36-50,Male,Detroit,Midwest,Consumer Premium
CUST-6241,39,36-50,Male,Detroit,Midwest,Consumer Budget
CUST-2429,49,36-50,Male,Boston,North East,Consumer Budget
CUST-5374,38,36-50,Male,San Francisco,West,SMB
CUST-9196,20,18-25,Male,Seattle,West,Consumer Premium
CUST-4846,24,18-25,Male,Minneapolis,Midwest,Consumer Budget
CUST-3679,33,26-35,Male,New York,North East,SMB
CUST-4981,42,36-50,Male,Los Angeles,West,Consumer Premium
CUST-9540,46,36-50,Male,Detroit,Midwest,B2B Enterprise
CUST-7384,37,36-50,Male,Minneapolis,Midwest,SMB
CUST-4227,49,36-50,Male,Philadelphia,North East,B2B Enterprise
CUST-2045,42,36-50,Male,Boston,North East,Consumer Budget
CUST-7554,31,26-35,Female,Miami,South,B2B Enterprise
CUST-5802,41,36-50,Male,New York,North East,SMB
CUST-6338,39,36-50,Female,Boston,North East,SMB
CUST-1628,35,26-35,Male,Miami,South,B2B Enterprise
CUST-9702,25,18-25,Male,Miami,South,Consumer Budget
CUST-1886,27,26-35,Male,Philadelphia,North East,Consumer Premium
CUST-4806,18,18-25,Female,Seattle,West,Consumer Premium
CUST-5630,20,18-25,Female,San Francisco,West,Consumer Premium
CUST-5413,20,18-25,Female,Miami,South,SMB
CUST-2061,38,36-50,Male,Detroit,Midwest,B2B Enterprise
CUST-8905,51,51-65,Male,San Francisco,West,SMB
CUST-7976,18,18-25,Male,Philadelphia,North East,Consumer Budget
CUST-4231,48,36-50,Male,Detroit,Midwest,Consumer Premium
CUST-5276,38,36-50,Female,Los Angeles,West,Consumer Budget
CUST-6855,26,26-35,Male,Minneapolis,Midwest,B2B Enterprise
CUST-2646,51,51-65,Female,Boston,North East,Consumer Budget
CUST-2328,37,36-50,Male,Boston,North East,SMB
CUST-1564,38,36-50,Female,Philadelphia,North East,Consumer Premium
CUST-8413,26,26-35,Male,San Francisco,West,Consumer Premium
CUST-8352,62,51-65,Male,Miami,South,Consumer Budget
CUST-8222,49,36-50,Female,Detroit,Midwest,SMB
CUST-6002,50,36-50,Male,Boston,North East,B2B Enterprise
CUST-3578,18,18-25,Male,San Francisco,West,Consumer Premium
CUST-3793,45,36-50,Female,Miami,South,SMB
CUST-9719,46,36-50,Male,Minneapolis,Midwest,Consumer Budget
CUST-8065,35,26-35,Male,Minneapolis,Midwest,Consumer Premium
CUST-8916,53,51-65,Female,Philadelphia,North East,SMB
CUST-1852,44,36-50,Male,Boston,North East,Consumer Budget
CUST-9909,18,18-25,Female,New York,North East,Consumer Premium
CUST-6701,43,36-50,Female,Philadelphia,North East,SMB
CUST-6344,34,26-35,Female,Minneapolis,Midwest,Consumer Premium
CUST-2948,48,36-50,Male,Dallas,South,SMB
CUST-6314,29,26-35,Male,Minneapolis,Midwest,B2B Enterprise
CUST-1820,34,26-35,Female,Los Angeles,West,SMB
CUST-9579,43,36-50,Non-Binary,Detroit,Midwest,Consumer Budget
CUST-9455,40,36-50,Female,Minneapolis,Midwest,B2B Enterprise
CUST-5881,42,36-50,Male,Chicago,Midwest,SMB
CUST-2944,32,26-35,Male,Philadelphia,North East,SMB
CUST-6669,28,26-35,Female,Philadelphia,North East,SMB
CUST-2411,37,36-50,Male,San Francisco,West,SMB
CUST-1965,57,51-65,Female,Minneapolis,Midwest,SMB
CUST-3551,47,36-50,Female,Philadelphia,North East,Consumer Premium
CUST-8509,39,36-50,Female,Atlanta,South,SMB
CUST-4927,24,18-25,Female,Philadelphia,North East,Consumer Budget
CUST-2819,37,36-50,Male,Detroit,Midwest,B2B Enterprise
CUST-8221,18,18-25,Male,Miami,South,SMB
CUST-9781,26,26-35,Male,Los Angeles,West,Consumer Budget
CUST-4612,38,36-50,Male,Los Angeles,West,Consumer Budget
CUST-7220,53,51-65,Male,New York,North East,SMB
CUST-6850,39,36-50,Female,Philadelphia,North East,SMB
CUST-3465,36,36-50,Female,Philadelphia,North East,SMB
CUST-1949,18,18-25,Male,Miami,South,SMB
CUST-3264,37,36-50,Female,Atlanta,South,SMB
CUST-1934,27,26-35,Male,Los Angeles,West,SMB
CUST-5895,34,26-35,Female,Miami,South,Consumer Premium
CUST-2754,32,26-35,Male,Dallas,South,B2B Enterprise
CUST-6031,53,51-65,Female,Philadelphia,North East,B2B Enterprise
CUST-7046,47,36-50,Male,Chicago,Midwest,Consumer Premium
CUST-7357,24,18-25,Female,Los Angeles,West,SMB
CUST-8026,43,36-50,Female,Philadelphia,North East,B2B Enterprise
CUST-4166,46,36-50,Male,Chicago,Midwest,SMB
CUST-7724,19,18-25,Male,Minneapolis,Midwest,Consumer Budget
CUST-8481,31,26-35,Male,Miami,South,Consumer Budget
CUST-4266,32,26-35,Female,Miami,South,Consumer Budget
CUST-6211,45,36-50,Male,San Francisco,West,Consumer Budget
CUST-1773,25,18-25,Other,Dallas,South,Consumer Premium
CUST-5603,30,26-35,Male,Miami,South,Consumer Budget
CUST-8670,35,26-35,Female,Seattle,West,B2B Enterprise
CUST-2822,33,26-35,Male,Miami,South,B2B Enterprise
CUST-2664,49,36-50,Female,Atlanta,South,Consumer Budget
CUST-2266,43,36-50,Male,Los Angeles,West,Consumer Budget
CUST-9703,18,18-25,Male,San Francisco,West,Consumer Budget
CUST-4383,24,18-25,Male,Minneapolis,Midwest,Consumer Premium
CUST-2264,31,26-35,Male,Minneapolis,Midwest,SMB
CUST-5296,32,26-35,Male,Chicago,Midwest,SMB
CUST-6542,34,26-35,Female,Miami,South,B2B Enterprise
CUST-9953,18,18-25,Female,New York,North East,Consumer Budget
CUST-2186,35,26-35,Female,Detroit,Midwest,Consumer Budget
CUST-1825,47,36-50,Male,New York,North East,Consumer Budget
CUST-2134,31,26-35,Female,Minneapolis,Midwest,Consumer Budget
CUST-6147,18,18-25,Male,Minneapolis,Midwest,Consumer Budget
CUST-5902,44,36-50,Male,Atlanta,South,Consumer Budget
CUST-1835,40,36-50,Female,Boston,North East,Consumer Budget
CUST-4404,45,36-50,Female,Philadelphia,North East,Consumer Premium
CUST-7740,33,26-35,Other,Miami,South,SMB
CUST-3306,25,18-25,Female,Boston,North East,Consumer Budget
CUST-5588,20,18-25,Male,Boston,North East,SMB
CUST-6413,39,36-50,Female,Seattle,West,B2B Enterprise
CUST-2789,33,26-35,Female,Detroit,Midwest,Consumer Premium
CUST-9838,44,36-50,Male,Seattle,West,SMB
CUST-3370,58,51-65,Male,Miami,South,SMB
CUST-2894,47,36-50,Male,Los Angeles,West,B2B Enterprise
CUST-7686,24,18-25,Male,Atlanta,South,Consumer Premium
CUST-2590,18,18-25,Male,Minneapolis,Midwest,Consumer Budget
CUST-9868,57,51-65,Female,Los Angeles,West,Consumer Budget
CUST-7568,38,36-50,Female,Detroit,Midwest,B2B Enterprise
CUST-9138,29,26-35,Male,Detroit,Midwest,B2B Enterprise
CUST-5830,32,26-35,Female,New York,North East,B2B Enterprise
CUST-7200,48,36-50,Female,Minneapolis,Midwest,B2B Enterprise
CUST-4741,25,18-25,Male,Miami,South,SMB
CUST-5949,25,18-25,Female,Philadelphia,North East,Consumer Budget
CUST-2783,21,18-25,Male,Chicago,Midwest,Consumer Premium
CUST-5703,18,18-25,Male,Minneapolis,Midwest,Consumer Premium
CUST-9250,34,26-35,Female,Los Angeles,West,Consumer Budget
CUST-6064,39,36-50,Non-Binary,Philadelphia,North East,Consumer Budget
CUST-1542,37,36-50,Female,Los Angeles,West,Consumer Premium
CUST-9180,49,36-50,Female,Philadelphia,North East,Consumer Budget
CUST-2581,55,51-65,Male,Detroit,Midwest,Consumer Budget
CUST-1065,19,18-25,Male,Chicago,Midwest,SMB
CUST-6494,41,36-50,Male,Detroit,Midwest,Consumer Premium
CUST-2668,42,36-50,Male,San Francisco,West,B2B Enterprise
CUST-2183,50,36-50,Male,Detroit,Midwest,Consumer Budget
CUST-1176,45,36-50,Female,Seattle,West,Consumer Budget
CUST-7904,53,51-65,Other,Detroit,Midwest,Consumer Budget
CUST-1687,35,26-35,Female,Atlanta,South,B2B Enterprise
CUST-6549,26,26-35,Male,New York,North East,Consumer Premium
CUST-8565,31,26-35,Male,Philadelphia,North East,Consumer Premium
CUST-3204,35,26-35,Female,San Francisco,West,SMB
CUST-5474,50,36-50,Male,Seattle,West,Consumer Premium
CUST-1414,31,26-35,Male,Philadelphia,North East,Consumer Budget
CUST-1586,35,26-35,Male,San Francisco,West,SMB
CUST-4207,45,36-50,Female,San Francisco,West,SMB
CUST-9201,56,51-65,Male,Minneapolis,Midwest,Consumer Premium
CUST-8462,35,26-35,Female,Atlanta,South,Consumer Premium
CUST-2901,23,18-25,Female,Atlanta,South,Consumer Budget
CUST-9826,27,26-35,Other,Miami,South,SMB
CUST-3161,51,51-65,Female,Los Angeles,West,SMB
CUST-9552,26,26-35,Female,New York,North East,Consumer Budget
CUST-6734,27,26-35,Female,Boston,North East,SMB
CUST-4182,36,36-50,Female,Miami,South,SMB
CUST-9128,38,36-50,Female,Philadelphia,North East,Consumer Budget
CUST-8408,40,36-50,Male,New York,North East,B2B Enterprise
CUST-6905,52,51-65,Female,San Francisco,West,SMB
CUST-8486,37,36-50,Female,Detroit,Midwest,SMB
CUST-5984,41,36-50,Female,Chicago,Midwest,Consumer Budget
CUST-9213,19,18-25,Male,Seattle,West,B2B Enterprise
CUST-9233,47,36-50,Female,Philadelphia,North East,Consumer Premium
CUST-5467,54,51-65,Female,Dallas,South,B2B Enterprise
CUST-4516,29,26-35,Other,San Francisco,West,B2B Enterprise
CUST-4396,29,26-35,Male,Philadelphia,North East,SMB
CUST-1150,37,36-50,Male,Atlanta,South,B2B Enterprise
CUST-8722,63,51-65,Male,Dallas,South,SMB
CUST-6725,39,36-50,Female,Detroit,Midwest,Consumer Premium
CUST-2058,44,36-50,Male,Miami,South,Consumer Premium
CUST-2999,40,36-50,Non-Binary,Philadelphia,North East,Consumer Premium
CUST-8844,51,51-65,Female,Seattle,West,SMB
CUST-1504,49,36-50,Female,Los Angeles,West,B2B Enterprise
CUST-9543,46,36-50,Male,Miami,South,SMB
CUST-1970,40,36-50,Female,Dallas,South,SMB
CUST-2599,35,26-35,Female,New York,North East,B2B Enterprise
CUST-7150,26,26-35,Female,Dallas,South,B2B Enterprise
CUST-4438,69,65+,Male,Los Angeles,West,SMB
CUST-7349,40,36-50,Male,Dallas,South,B2B Enterprise
CUST-6813,53,51-65,Male,Chicago,Midwest,Consumer Budget
CUST-8593,30,26-35,Female,New York,North East,SMB
CUST-7680,42,36-50,Female,Boston,North East,SMB
CUST-4602,38,36-50,Male,Atlanta,South,Consumer Budget
CUST-6442,51,51-65,Male,Dallas,South,SMB
CUST-2512,22,18-25,Female,San Francisco,West,SMB
CUST-4010,23,18-25,Female,Dallas,South,Consumer Budget
CUST-1985,30,26-35,Female,Boston,North East,B2B Enterprise
CUST-3155,39,36-50,Female,Minneapolis,Midwest,B2B Enterprise
CUST-6881,45,36-50,Male,Detroit,Midwest,Consumer Premium
CUST-5394,68,65+,Male,Atlanta,South,SMB
CUST-7650,50,36-50,Non-Binary,Minneapolis,Midwest,B2B Enterprise
CUST-4867,45,36-50,Female,Philadelphia,North East,Consumer Premium
CUST-9022,47,36-50,Female,New York,North East,SMB
CUST-8245,52,51-65,Male,Chicago,Midwest,B2B Enterprise
CUST-6250,43,36-50,Male,Atlanta,South,SMB
CUST-8332,20,18-25,Female,Detroit,Midwest,SMB
CUST-3106,33,26-35,Male,Miami,South,Consumer Budget
CUST-4265,26,26-35,Female,San Francisco,West,SMB
CUST-8110,30,26-35,Female,Philadelphia,North East,Consumer Budget
CUST-8499,29,26-35,Female,San Francisco,West,B2B Enterprise
CUST-2454,47,36-50,Female,Detroit,Midwest,Consumer Budget
CUST-9191,53,51-65,Non-Binary,New York,North East,Consumer Budget
CUST-1516,34,26-35,Male,Atlanta,South,SMB
CUST-4654,34,26-35,Female,Miami,South,Consumer Premium
CUST-9133,27,26-35,Male,San Francisco,West,Consumer Budget
CUST-3497,40,36-50,Male,Los Angeles,West,B2B Enterprise
CUST-4463,41,36-50,Male,Atlanta,South,Consumer Budget
CUST-6799,36,36-50,Female,Minneapolis,Midwest,B2B Enterprise
CUST-5768,27,26-35,Male,Dallas,South,Consumer Budget
CUST-7007,26,26-35,Female,Chicago,Midwest,Consumer Premium
CUST-9621,18,18-25,Female,Seattle,West,B2B Enterprise
CUST-7983,45,36-50,Female,Miami,South,SMB
CUST-7969,24,18-25,Female,Chicago,Midwest,Consumer Budget
CUST-6385,46,36-50,Female,Dallas,South,SMB
CUST-8883,23,18-25,Male,Seattle,West,SMB
CUST-6920,36,36-50,Male,Dallas,South,Consumer Budget
CUST-5940,52,51-65,Male,Atlanta,South,Consumer Budget
CUST-8937,26,26-35,Female,Boston,North East,Consumer Budget
CUST-5312,52,51-65,Male,Atlanta,South,Consumer Premium
CUST-1974,18,18-25,Female,San Francisco,West,Consumer Premium
CUST-9097,20,18-25,Other,Boston,North East,SMB
CUST-8944,33,26-35,Male,Detroit,Midwest,SMB
CUST-9268,53,51-65,Female,New York,North East,SMB
CUST-1074,44,36-50,Female,New York,North East,B2B Enterprise
CUST-9880,23,18-25,Male,Dallas,South,B2B Enterprise
CUST-7435,33,26-35,Male,Seattle,West,SMB
CUST-9745,55,51-65,Male,Minneapolis,Midwest,Consumer Premium
CUST-3059,34,26-35,Male,San Francisco,West,B2B Enterprise
CUST-9383,35,26-35,Male,Boston,North East,SMB
CUST-1699,37,36-50,Male,Los Angeles,West,Consumer Budget
CUST-6034,34,26-35,Male,Detroit,Midwest,Consumer Premium
CUST-6547,57,51-65,Non-Binary,Chicago,Midwest,Consumer Budget
CUST-4706,39,36-50,Male,San Francisco,West,SMB
CUST-7489,39,36-50,Male,Chicago,Midwest,SMB
CUST-1714,49,36-50,Female,Atlanta,South,B2B Enterprise
CUST-5919,18,18-25,Male,Chicago,Midwest,Consumer Premium
CUST-7317,31,26-35,Non-Binary,Miami,South,Consumer Budget
CUST-7044,28,26-35,Female,Dallas,South,Consumer Premium
CUST-3304,43,36-50,Male,Miami,South,SMB
CUST-4608,32,26-35,Female,Atlanta,South,SMB
CUST-9617,42,36-50,Female,New York,North East,SMB
CUST-7915,51,51-65,Male,Chicago,Midwest,SMB
CUST-8853,19,18-25,Male,San Francisco,West,B2B Enterprise
CUST-3697,39,36-50,Female,Seattle,West,SMB
CUST-9973,21,18-25,Male,Detroit,Midwest,SMB
